dia,partido,apuesta,cuota,prob,verde
2026-10-04,Walton A. vs Te R.,Gana Walton A.,1.06,0.8906,0
2026-10-04,Semen Pankin vs Marat Sharipov,Gana Marat Sharipov,1.18,0.7791,1
2026-10-05,Pankin S. vs Sharipov M.,Gana Sharipov M.,1.14,0.8097,1
2026-10-05,Michael Zheng vs Federico Agustin Gomez,Gana Michael Zheng,1.153,0.8311,1
2026-10-05,Jacquet K. vs Zhang T.,Gana Jacquet K.,1.06,0.8827,1
2026-10-05,Carlos Alcaraz vs Jaume Munar,Gana Carlos Alcaraz,1.129,0.8574,1
2026-10-05,Seong Chan Hong vs Rei Sakamoto,Gana Rei Sakamoto,1.266,0.7699,1
2026-10-05,Xinxin Yao vs Aliaksandra Sasnovich,Gana Aliaksandra Sasnovich,1.124,0.8428,1
2026-10-05,Maayan Laron vs Maddalena Giordano,Gana Maayan Laron,1.12,0.8453,1
2026-10-05,Katja Wiersholm vs Elena Korokozidi,Gana Elena Korokozidi,1.102,0.8552,1
2026-10-05,Diego Dedura vs Oliver Tarvet,Gana Oliver Tarvet,1.256,0.7712,1
2026-10-05,Alex Bolt vs Lloyd Harris,Gana Lloyd Harris,1.191,0.7714,1
2026-10-05,Kimmer Coppejans vs Nishesh Basavareddy,Gana Nishesh Basavareddy,1.166,0.8192,0
2026-10-05,Mattia Bellucci vs Elias Ymer,Gana Mattia Bellucci,1.15,0.7966,1
2026-10-05,Nicolas Barrientos vs Javier Barranco Cosano,Gana Javier Barranco Cosano,1.224,0.78,1
2026-10-05,Philip Henning vs Ivan Marrero Curbelo,Gana Philip Henning,1.274,0.7547,1
2026-10-05,Chak Lam Coleman Wong vs Cruz Hewitt,Gana Chak Lam Coleman Wong,1.231,0.7451,1
2026-10-05,Goncalo Marques vs Nikolas Sanchez-Izquierdo,Gana Nikolas Sanchez-Izquierdo,1.125,0.8083,1
2026-10-05,Sofia Kryvoruchko vs Simona Ogescu,Gana Simona Ogescu,1.167,0.7728,1
2026-10-05,Aiken Tejada vs Agustina Daniela Duarte,Gana Agustina Daniela Duarte,1.06,0.8514,1
2026-10-05,Joaquin Aguilar Cardozo vs Lorenzo Joaquin Rodriguez,Gana Joaquin Aguilar Cardozo,1.143,0.8149,1
2026-10-05,Marques G. vs Sanchez Izquierdo N.,Gana Sanchez Izquierdo N.,1.12,0.809,1
2026-10-05,Vilius Gaubas vs Joao Domingues,Gana Vilius Gaubas,1.172,0.8062,1
2026-10-05,Coco Gauff vs Xinran Sun,Gana Coco Gauff,1.065,0.9079,1
2026-10-05,Mateus Alves vs Jose Pereira,Gana Mateus Alves,1.167,0.7821,0
2026-10-05,Isabella Mai vs Diva Bhatia,Gana Diva Bhatia,1.08,0.8236,1
2026-10-05,Moez Echargui vs Raul Brancaccio,Gana Moez Echargui,1.3,0.7023,1
2026-10-05,Corvalan M. A. vs Markus Cam.,Gana Markus Cam.,1.07,0.8533,1
2026-10-05,Nicolas Kicker vs Thiago Cigarran,Gana Nicolas Kicker,1.115,0.8198,0
2026-10-05,Sol Ailin Larraya Guidi vs Ana Victoria Gobbi Monllau,Gana Sol Ailin Larraya Guidi,1.254,0.7512,1
2026-10-05,Echargui M. vs Brancaccio R.,Gana Echargui M.,1.3,0.7118,1
2026-10-05,Caira Delfina Vega Gudino vs Guadalupe Rondinoni,Gana Caira Delfina Vega Gudino,1.07,0.8421,1
2026-10-05,Bulbarella M. vs Pajello A.,Gana Bulbarella M.,1.15,0.7811,0
2026-10-05,Marina Bulbarella vs Abril Pajello,Gana Marina Bulbarella,1.11,0.8029,0
2026-10-05,Darrshan Suresh vs Preston Brown,Gana Preston Brown,1.22,0.7647,1
2026-10-05,John Echeverria vs Thiago Agustin Pernas,Gana John Echeverria,1.058,0.9067,1
2026-10-05,Sabine Rutlauka vs Denisa Zoldakova,Gana Denisa Zoldakova,1.091,0.8504,1
2026-10-05,Amelia Paszun vs Alina Granwehr,Gana Alina Granwehr,1.325,0.7247,0
2026-10-05,Max Purcell vs Filip Peliwo,Gana Max Purcell,1.076,0.8856,0
2026-10-05,Fajing Sun vs Aoran Wang,Gana Fajing Sun,1.086,0.8771,1
2026-10-05,Mitsuki Wei Kang Leong vs Sidharth Rawat,Gana Mitsuki Wei Kang Leong,1.286,0.7509,1
2026-10-05,Mustafa Ege Sik vs Philip Sekulic,Gana Philip Sekulic,1.124,0.8541,1
2026-10-05,Meiqi Guo vs Sarah Ye,Gana Meiqi Guo,1.092,0.8748,1
2026-10-05,Daria Snigur vs Mirra Andreeva,Gana Mirra Andreeva,1.182,0.7977,1
2026-10-05,Kyoka Okamura vs Darja Vidmanova,Gana Darja Vidmanova,1.212,0.7871,0
2026-10-05,Oleksandra Oliynykova vs Wushuang Zheng,Gana Oleksandra Oliynykova,1.334,0.7309,1
2026-10-05,Roman Safiullin vs Shintaro Mochizuki,Gana Roman Safiullin,1.201,0.8079,1
2026-10-05,Yiru Chen vs Meiling Wang,Gana Meiling Wang,1.207,0.7978,0
2026-10-05,Linda Noskova vs Ekaterina Alexandrova,Gana Linda Noskova,1.3,0.7452,0
2026-10-05,Yuta Tomida vs Zhengyu Sun,Gana Yuta Tomida,1.115,0.8577,1
2026-10-05,Kei Yau Cheung vs Florentine Dekkers,Gana Florentine Dekkers,1.154,0.8133,1
2026-10-05,Matthew Dellavedova vs Zhao Zhao,Gana Matthew Dellavedova,1.133,0.8098,1
2026-10-05,Serife Pelin Sari vs Gloria Levinsky,Gana Gloria Levinsky,1.23,0.758,1
2026-10-06,Warona Mdlulwa vs Sabrina Olimjanova,Gana Sabrina Olimjanova,1.091,0.8528,1
2026-10-06,Ryan Seggerman vs Hikaru Shiraishi,Gana Ryan Seggerman,1.307,0.7289,1
2026-10-06,Michael Zheng vs Nicolas Mejia,Gana Michael Zheng,1.213,0.7976,0
2026-10-06,Mustafa Ege Sik vs Philip Sekulic,Gana Philip Sekulic,1.124,0.8541,1
2026-10-06,Andreea Prisacariu vs Anastasiia Nikolaieva,Gana Andreea Prisacariu,1.08,0.8621,1
2026-10-06,Brune A. vs Ebster A. L.,Gana Brune A.,1.08,0.856,1
2026-10-06,Kei Yau Cheung vs Florentine Dekkers,Gana Florentine Dekkers,1.14,0.7972,1
2026-10-06,Valeria Garnevska vs Sonja Zhenikhova,Gana Sonja Zhenikhova,1.329,0.7113,1
2026-10-06,Serife Pelin Sari vs Gloria Levinsky,Gana Gloria Levinsky,1.24,0.7279,1
2026-10-06,Aliesia Reva vs Eva Iurina,Gana Aliesia Reva,1.17,0.7597,1
2026-10-06,Jessica Bertoldo vs Leticia Romanova,Gana Jessica Bertoldo,1.321,0.7032,1
2026-10-06,Antonia Ruzic vs Alicia Dudeney,Gana Antonia Ruzic,1.337,0.7152,0
2026-10-06,Matthew Dellavedova vs Zhao Zhao,Gana Matthew Dellavedova,1.111,0.8045,1
2026-10-06,Mattia Nannelli vs Rodion Chetverikov,Gana Mattia Nannelli,1.055,0.8863,1
2026-10-06,Aleksandar Mitev vs Giannicola Misasi,Gana Giannicola Misasi,1.1,0.8427,1
2026-10-06,Schmidt L. vs Serban R.,Gana Serban R.,1.1,0.8273,1
2026-10-06,Defne Cirpanli vs Anastasia Safta,Gana Anastasia Safta,1.234,0.7651,1
2026-10-06,Mdlulwa W. vs Olimjanova S.,Gana Olimjanova S.,1.1,0.8309,1
2026-10-06,Jay Dylan Hara Friend vs Yuta Kikuchi,Gana Jay Dylan Hara Friend,1.071,0.8762,1
2026-10-06,Nastasja Schunk vs Marie Weckerle,Gana Nastasja Schunk,1.083,0.8802,1
2026-10-06,Mihail Ivanov vs Alexander Vasilev,Gana Alexander Vasilev,1.1,0.8622,1
2026-10-06,Cristiana Nicoleta Todoni vs Georgina Groth,Gana Cristiana Nicoleta Todoni,1.171,0.8132,1
2026-10-06,Summer Yardley vs Noemi La Cagnina,Gana Noemi La Cagnina,1.088,0.8606,1
2026-10-06,Romane Longueville vs Charlotte Pikkaart,Gana Romane Longueville,1.186,0.7819,0
2026-10-06,Cristina Diaz Adrover vs Lorena Solar Donoso,Gana Cristina Diaz Adrover,1.34,0.7056,1
2026-10-06,Cirpanli D. vs Safta A.,Gana Safta A.,1.22,0.758,1
2026-10-06,Sinja Kraus vs Nikola Bartunkova,Gana Nikola Bartunkova,1.222,0.7938,1
2026-10-06,Carlos Alcaraz vs Jiri Lehecka,Gana Carlos Alcaraz,1.285,0.7642,1
2026-10-06,Darrshan Suresh vs Preston Brown,Gana Preston Brown,1.273,0.746,1
2026-10-06,Lucrezia Stefanini vs Carole Monnet,Gana Lucrezia Stefanini,1.296,0.7327,1
2026-10-06,Laurent Lokoli vs Matteo Sciahbasi,Gana Laurent Lokoli,1.277,0.7535,1
2026-10-06,Lorenzo Berto vs Manuel Mazza,Gana Manuel Mazza,1.33,0.7093,1
2026-10-06,Julia Stusek vs Kaat Coppez,Gana Julia Stusek,1.099,0.8734,1
2026-10-06,Gianluca Cadenasso vs Filippo Moroni,Gana Gianluca Cadenasso,1.298,0.7123,1
2026-10-06,Esther Lopez Alcaraz vs Caijsa Hennemann,Gana Caijsa Hennemann,1.071,0.8981,1
2026-10-06,John Echeverria vs Thiago Agustin Pernas,Gana John Echeverria,1.058,0.9067,1
2026-10-06,Oz I. vs Herazo Gonzalez M.,Gana Oz I.,1.06,0.8858,1
2026-10-06,Lucia Cortez Llorca vs Meritxell Teixido Garcia,Gana Lucia Cortez Llorca,1.071,0.8904,1
2026-10-06,Lucie Petruzelova vs Jana Kovackova,Gana Jana Kovackova,1.113,0.8569,1
2026-10-06,Curmi F. vs Laron M.,Gana Curmi F.,1.06,0.8585,1
2026-10-06,Dev Javia vs Rafael De Alba,Gana Dev Javia,1.132,0.8299,1
2026-10-06,Yshai Oliel vs Louis Van Herck,Gana Yshai Oliel,1.236,0.762,1
2026-10-06,Eva Bennemann vs Yasmin Ezzat,Gana Eva Bennemann,1.137,0.8079,1
2026-10-06,Oliver Sanchez M. vs Zantedeschi A.,Gana Zantedeschi A.,1.08,0.861,1
2026-10-06,Carles Hernandez vs Petr Nesterov,Gana Petr Nesterov,1.204,0.7871,1
2026-10-06,Celia Cervino Ruiz vs Carmen Lopez Martinez,Gana Celia Cervino Ruiz,1.301,0.7252,1
2026-10-06,Francesco Maestrelli vs Oliver Tarvet,Gana Oliver Tarvet,1.289,0.7241,1
2026-10-06,Sabine Rutlauka vs Denisa Zoldakova,Gana Denisa Zoldakova,1.11,0.8354,1
2026-10-06,Bianca Andreescu vs Alana Smith,Gana Bianca Andreescu,1.108,0.8306,1
2026-10-06,Amelia Paszun vs Alina Granwehr,Gana Alina Granwehr,1.325,0.7247,0
2026-10-06,Leolia Jeanjean vs Mariam Bolkvadze,Gana Leolia Jeanjean,1.334,0.7221,0
2026-10-06,Carlo Alberto Caniato vs Max Wiskandt,Gana Carlo Alberto Caniato,1.254,0.733,1
2026-10-06,Dusica Popovski vs Adriana Tkachenko,Gana Dusica Popovski,1.088,0.8559,1
2026-10-06,Pierre Antoine Tailleu vs Mae Malige,Gana Mae Malige,1.29,0.7466,1
2026-10-06,Lorena Schaedel vs Maileen Nuudi,Gana Maileen Nuudi,1.36,0.7049,1
2026-10-06,Gijs Brouwer vs Timeo Trufelli,Gana Gijs Brouwer,1.311,0.7181,0
2026-10-06,Kalin Ivanovski vs Alejandro Moro Canas,Gana Alejandro Moro Canas,1.337,0.7167,1
2026-10-06,Zdenek Kolar vs Dimitris Sakellaridis,Gana Zdenek Kolar,1.175,0.7895,1
2026-10-06,Marie Villet vs Kim Chiarello,Gana Kim Chiarello,1.258,0.7364,1
2026-10-06,Tailleu P. A. vs Malige M.,Gana Malige M.,1.25,0.7565,1
2026-10-06,Brouwer G. vs Trufelli T.,Gana Brouwer G.,1.2,0.7693,0
2026-10-06,Simona Waltert vs Melisa Ercan,Gana Simona Waltert,1.198,0.807,1
2026-10-06,Miguel Tobon vs Thiago Cigarran,Gana Miguel Tobon,1.258,0.7629,1
2026-10-06,Samuel Heredia vs Eduardo Ribeiro,Gana Eduardo Ribeiro,1.276,0.7475,1
2026-10-06,Thiago Seyboth Wild vs Matias Soto,Gana Thiago Seyboth Wild,1.18,0.793,1
2026-10-06,Lokoli L. vs Sciahbasi M.,Gana Lokoli L.,1.16,0.7985,1
2026-10-06,Cortez Llorca L. vs Teixido Garcia M.,Gana Cortez Llorca L.,1.08,0.8483,1
2026-10-06,Kolar Z. vs Sakellaridis D.,Gana Kolar Z.,1.17,0.773,1
2026-10-06,Pereiro L. A. vs Gonzalez-Galino V.,Gana Gonzalez-Galino V.,1.07,0.8501,1
2026-10-06,Cervantes Tomas L. vs Arce Fernandez M.,Gana Arce Fernandez M.,1.3,0.7101,0
2026-10-06,Luca Potenza vs Enrico Dalla Valle,Gana Enrico Dalla Valle,1.2,0.7627,1
2026-10-06,Sarah Iliev vs Hanna Bougouffa,Gana Sarah Iliev,1.16,0.7782,1
2026-10-06,Franco Roncadelli vs Marcelo Tomas Barrios Vera,Gana Marcelo Tomas Barrios Vera,1.27,0.7044,1
2026-10-06,Juan Sebastian Osorio vs Tadeo Meneo,Gana Juan Sebastian Osorio,1.09,0.8449,1
2026-10-06,Hynek Barton vs Toby Samuel,Gana Toby Samuel,1.18,0.7939,0
2026-10-06,Juan Sebastian Dominguez Collado vs Mwendwa Mbithi,Gana Mwendwa Mbithi,1.125,0.8087,1
2026-10-06,Cagla Buyukakcay vs Linda Klimovicova,Gana Linda Klimovicova,1.29,0.7192,1
2026-10-06,Franco Roncadelli vs Tomas Barrios Vera,Gana Tomas Barrios Vera,1.309,0.7282,1
2026-10-06,Felipe De Dios vs Darwin Andres Macias Elizalde,Gana Felipe De Dios,1.09,0.8266,1
2026-10-06,Reyes Tiraldo O. A. vs Cesar Porras J.,Gana Cesar Porras J.,1.11,0.8357,1
2026-10-06,Malaika Rapolu vs Dalayna Hewitt,Gana Malaika Rapolu,1.153,0.8204,1
2026-10-06,Juan Carlos Prado Angelo vs Joao Eduardo Schiessl,Gana Juan Carlos Prado Angelo,1.197,0.7936,1
2026-10-06,Linea Bajraliu vs Lea Ma,Gana Lea Ma,1.279,0.7537,1
2026-10-06,Gustavo Heide vs Maximo Zeitune,Gana Gustavo Heide,1.108,0.8569,1
2026-10-06,Jose Pereira vs Lautaro Midon,Gana Lautaro Midon,1.117,0.849,1
2026-10-06,Jordyn Hazelitt vs Annika Penickova,Gana Annika Penickova,1.294,0.7411,1
2026-10-06,Joaquin Aguilar Cardozo vs Nicolas Villalon,Gana Joaquin Aguilar Cardozo,1.057,0.8874,1
2026-10-06,Amelie Justine Hejtmanek vs Hanna Chang,Gana Hanna Chang,1.1,0.8415,1
2026-10-06,Ya Yi Yang vs Ena Shibahara,Gana Ena Shibahara,1.19,0.7763,1
2026-10-06,Kaji H. vs Kosaka R.,Gana Kaji H.,1.06,0.885,1
2026-10-06,Nana Onozawa vs Hikaru Sato,Gana Hikaru Sato,1.157,0.827,1
2026-10-06,Ke Ren vs Junhan Zhang,Gana Junhan Zhang,1.125,0.8177,1
2026-10-06,Nagi Hanatani vs Mutsumi Uemura,Gana Mutsumi Uemura,1.224,0.7614,1
2026-10-06,Amy Stevens vs Jasmine Adams,Gana Amy Stevens,1.286,0.7191,0
2026-10-06,Taiyo Yamanaka vs Wishaya Trongcharoenchaikul,Gana Taiyo Yamanaka,1.309,0.7202,1
2026-10-06,Nino Ehrenschneider vs Qian Sun,Gana Nino Ehrenschneider,1.347,0.7032,1
2026-10-06,Ha Eum Lee vs Yanan Hou,Gana Ha Eum Lee,1.195,0.8,0
2026-10-06,Haruka Kaji vs Rira Kosaka,Gana Haruka Kaji,1.06,0.8714,1
2026-10-06,Omar Jasika vs Marat Sharipov,Gana Marat Sharipov,1.188,0.8041,0
2026-10-06,Lee H. E. vs Hou Y.,Gana Lee H. E.,1.16,0.7963,0
2026-10-06,Hanatani N. vs Uemura M.,Gana Uemura M.,1.14,0.794,1
2026-10-06,Tatiana Prozorova vs Kyoka Okamura,Gana Tatiana Prozorova,1.262,0.7264,0
2026-10-06,Mio Mushika vs Remika Ohashi,Gana Mio Mushika,1.202,0.7902,1
2026-10-06,Chihiro Muramatsu vs Naho Sato,Gana Naho Sato,1.079,0.8674,1
2026-10-06,Alina Yuneva vs Yingqun Sun,Gana Yingqun Sun,1.055,0.8919,0
2026-10-06,Gurmanat Kaur Sandhu vs Olga Danilova,Gana Olga Danilova,1.265,0.7528,1
2026-10-06,Mukund Sasikumar vs Boris Butulija,Gana Mukund Sasikumar,1.286,0.7381,1
2026-10-06,Sofiia Suslova vs Liliya Piskun,Gana Sofiia Suslova,1.22,0.7614,1
2026-10-06,Jack Bruce Smith vs Casey Hoole,Gana Casey Hoole,1.09,0.873,1
2026-10-06,Jake Delaney vs Harrison Satara,Gana Jake Delaney,1.14,0.8049,1
2026-10-07,Maxim Shin vs Petr Bar Biryukov,Gana Petr Bar Biryukov,1.099,0.8747,1
2026-10-07,Mukund Sasikumar vs Boris Butulija,Gana Mukund Sasikumar,1.21,0.7579,1
2026-10-07,Joshua Charlton vs Arjun Mehrotra,Gana Joshua Charlton,1.258,0.7599,1
2026-10-07,Nikolas Baker vs Stefan Vujic,Gana Stefan Vujic,1.276,0.7392,1
2026-10-07,Zaharije-Zak Talic vs Jesse Delaney,Gana Jesse Delaney,1.244,0.7477,1
2026-10-07,Coco Gauff vs Elise Mertens,Gana Coco Gauff,1.265,0.7477,0
2026-10-07,Gaillard D. vs Dorofeeva-Rybas F.,Gana Dorofeeva-Rybas F.,1.06,0.8785,1
2026-10-07,Sofia Rocchetti vs Lisa Zaar,Gana Lisa Zaar,1.142,0.8429,1
2026-10-07,Daniel Michalski vs Lorenzo Bocchi,Gana Daniel Michalski,1.087,0.8718,1
2026-10-07,Scaglia M. vs Haupt H.,Gana Scaglia M.,1.08,0.8508,1
2026-10-07,Giovanni Oradini vs Marco Furlanetto,Gana Giovanni Oradini,1.127,0.8307,1
2026-10-07,Romina Hincu vs Sophia Ksandinov,Gana Sophia Ksandinov,1.091,0.8486,1
2026-10-07,Reilly F. vs Waldner N.,Gana Waldner N.,1.06,0.8508,1
2026-10-07,Laura Mair vs Jasmin Ortenzi,Gana Jasmin Ortenzi,1.272,0.7497,1
2026-10-07,Camilla Zanolini vs Giorgia Pedone,Gana Giorgia Pedone,1.258,0.7483,1
2026-10-07,Amit Vales vs Jiri Cizek,Gana Amit Vales,1.292,0.7307,1
2026-10-07,Charlton J. vs Mehrotra A.,Gana Charlton J.,1.3,0.7271,1
2026-10-07,Sofiia Suslova vs Liliya Piskun,Gana Sofiia Suslova,1.154,0.7739,1
2026-10-07,Suzuna Oigawa vs Jeong Moon,Gana Jeong Moon,1.231,0.7302,0
2026-10-07,Georgios Dimitriou vs Nikita Belozertsev,Gana Nikita Belozertsev,1.06,0.8912,1
2026-10-07,Elizara Yaneva vs Giulia Safina Popa,Gana Elizara Yaneva,1.187,0.8065,1
2026-10-07,Marwan Ehab vs Romain Faucon,Gana Romain Faucon,1.11,0.8232,1
2026-10-07,Thomas Kostka vs Marcus Walters,Gana Marcus Walters,1.162,0.8068,1
2026-10-07,Rinky Hijikata vs Roman Safiullin,Gana Roman Safiullin,1.346,0.7293,1
2026-10-07,Jorge Plans vs Oskari Eerola,Gana Jorge Plans,1.25,0.7367,1
2026-10-07,Rihards Neimanis vs Oskari Paldanius,Gana Oskari Paldanius,1.29,0.7011,0
2026-10-07,Sonia Erika Butuc Cerchez vs Alina Nesmianovych,Gana Alina Nesmianovych,1.246,0.7409,0
2026-10-07,Pohle V. vs Biot A.,Gana Pohle V.,1.22,0.7645,1
2026-10-07,Biro M. vs Beviz L.,Gana Biro M.,1.28,0.7229,0
2026-10-07,Gima S. vs Rosenkranz-Konig T.,Gana Gima S.,1.06,0.877,1
2026-10-07,Petre S. I. B. vs Lazarov G.,Gana Lazarov G.,1.08,0.841,1
2026-10-07,Sperle J. vs Ujvary M.,Gana Sperle J.,1.16,0.7883,1
2026-10-07,Despina Papamichail vs Simona Ogescu,Gana Despina Papamichail,1.11,0.8651,1
2026-10-07,Loann Massard vs Rahul Dhokia,Gana Loann Massard,1.114,0.8557,1
2026-10-07,Moerani Bouzige vs Stefan Storch,Gana Moerani Bouzige,1.08,0.8749,1
2026-10-07,Lachlan Vickery vs Colin Sinclair,Gana Colin Sinclair,1.161,0.824,1
2026-10-07,Lara Schmidt vs Raluca Georgiana Serban,Gana Raluca Georgiana Serban,1.119,0.8476,1
2026-10-07,Thomas Gerbaud vs Jelle Sels,Gana Jelle Sels,1.196,0.7984,1
2026-10-07,Sofia Shapatava vs Alessandra Mazzola,Gana Alessandra Mazzola,1.154,0.7957,1
2026-10-07,Gabriella Price vs Natalija Senic,Gana Natalija Senic,1.262,0.7594,1
2026-10-07,Luca Connaughton vs Sam Ryan Ziegann,Gana Sam Ryan Ziegann,1.091,0.8498,1
2026-10-07,Car H. vs Burdet A.,Gana Car H.,1.16,0.7853,0
2026-10-07,Joelle Lilly Sophie Steur vs Nellie Taraba Wallberg,Gana Joelle Lilly Sophie Steur,1.262,0.7437,1
2026-10-07,Zane Stevens vs Shintaro Imai,Gana Shintaro Imai,1.298,0.7178,0
2026-10-07,Yaneva E. vs Popa G. S.,Gana Yaneva E.,1.16,0.7978,1
2026-10-07,Ehab M. vs Faucon R.,Gana Faucon R.,1.12,0.8196,1
2026-10-07,Kostka T. vs Walters M.,Gana Walters M.,1.12,0.8146,1
2026-10-07,Plans J. vs Eerola O.,Gana Plans J.,1.3,0.7216,1
2026-10-07,Neimanis R. vs Paldanius O.,Gana Paldanius O.,1.33,0.7015,0
2026-10-07,Bobichon M. vs Giraldi C.,Gana Bobichon M.,1.07,0.8709,1
2026-10-07,Seifert S. vs Palomar X.,Gana Seifert S.,1.28,0.7349,0
2026-10-07,Bednarz Z. vs Pochtovyk K.,Gana Bednarz Z.,1.33,0.7075,1
2026-10-07,Butuc Cerchez S. E. vs Nesmianovych A.,Gana Nesmianovych A.,1.22,0.733,0
2026-10-07,Enola Chiesa vs Caijsa Hennemann,Gana Caijsa Hennemann,1.134,0.8457,1
2026-10-07,Cian Maguire vs Aleksa Ciric,Gana Aleksa Ciric,1.085,0.8724,0
2026-10-07,Stefan Ilie Bogdan Petre vs George Lazarov,Gana George Lazarov,1.099,0.8467,1
2026-10-07,John Sperle vs Matthias Ujvary,Gana John Sperle,1.216,0.7788,1
2026-10-07,Zuzanna Bednarz vs Krystyna Pochtovyk,Gana Zuzanna Bednarz,1.324,0.718,1
2026-10-07,Reguer A. vs Kapcia V.,Gana Reguer A.,1.07,0.8711,1
2026-10-07,Janssen C. vs Favier M.,Gana Favier M.,1.14,0.8035,1
2026-10-07,Hynek Barton vs Toby Samuel,Gana Toby Samuel,1.224,0.7911,0
2026-10-07,Mattia Bellucci vs Yi Zhou,Gana Mattia Bellucci,1.295,0.7279,0
2026-10-07,Alyssa Reguer vs Victoria Kapcia,Gana Alyssa Reguer,1.071,0.8525,1
2026-10-07,Iago Dominguez Alvarez vs Leonid Sheyngezikht,Gana Leonid Sheyngezikht,1.051,0.8967,1
2026-10-07,Reyes Tiraldo O. A. vs Cesar Porras J.,Gana Cesar Porras J.,1.11,0.8357,1
2026-10-07,Thurner N. vs Callejon H. S.,Gana Callejon H. S.,1.07,0.8644,1
2026-10-07,Eliakim Coulibaly vs Frederic Schlossmann,Gana Eliakim Coulibaly,1.09,0.8536,1
2026-10-07,Chanel Janssen vs Manon Favier,Gana Manon Favier,1.083,0.8343,1
2026-10-07,Matisse Bobichon vs Carlos Giraldi,Gana Matisse Bobichon,1.09,0.8753,1
2026-10-07,Hugo Car vs Adrien Burdet,Gana Hugo Car,1.129,0.8412,0
2026-10-07,Alja Senica vs Luca Kalman,Gana Alja Senica,1.073,0.8764,0
2026-10-07,Karim Bennani vs Tanguy Genier,Gana Karim Bennani,1.084,0.8643,0
2026-10-07,Adela Polakovicova vs Lana Virc,Gana Lana Virc,1.109,0.842,1
2026-10-07,Lola Giza vs Laura Pigossi,Gana Laura Pigossi,1.339,0.7269,0
2026-10-07,Stefan Seifert vs Xavi Palomar,Gana Stefan Seifert,1.267,0.7541,0
2026-10-07,Gabriele Pennaforti vs Ruben Hartig,Gana Gabriele Pennaforti,1.311,0.7356,1
2026-10-07,Francesca Gandolfi vs Matilde Paoletti,Gana Matilde Paoletti,1.235,0.7681,1
2026-10-07,Oscar Weightman vs Diogo Marques,Gana Oscar Weightman,1.262,0.7527,0
2026-10-07,Lisa Claeys vs Lea Belanska,Gana Lisa Claeys,1.243,0.7534,1
2026-10-07,Makoto Ochi vs Hayden Jones,Gana Hayden Jones,1.296,0.7225,1
2026-10-07,Anna Mihalka vs Amy Sucha,Gana Amy Sucha,1.328,0.7029,1
2026-10-07,Maguire C. vs Ciric A.,Gana Ciric A.,1.08,0.856,0
2026-10-07,Bouzige M. vs Storch S.,Gana Bouzige M.,1.11,0.8329,1
2026-10-07,Hrazdil J. vs Arzhankin A.,Gana Arzhankin A.,1.06,0.8808,1
2026-10-07,Lucia Cortez Llorca vs Angelica Sara,Gana Lucia Cortez Llorca,1.079,0.8787,1
2026-10-07,Isis Louise Van Den Broek vs Kristina Novak,Gana Isis Louise Van Den Broek,1.228,0.7721,1
2026-10-07,Julie Myatovic vs Stephanie Judith Visscher,Gana Stephanie Judith Visscher,1.064,0.9036,1
2026-10-07,Zuzanna Pawlikowska vs Oriana Gniewkowska,Gana Zuzanna Pawlikowska,1.086,0.8604,1
2026-10-07,Matylda Burylo vs Viola Turini,Gana Viola Turini,1.123,0.8303,1
2026-10-07,Lucca Liu vs Tuncay Duran,Gana Tuncay Duran,1.292,0.719,1
2026-10-07,Weightman O. vs Marques D.,Gana Weightman O.,1.25,0.7462,0
2026-10-07,Katarina Kuzmova vs Marta Soriano Santiago,Gana Katarina Kuzmova,1.265,0.7567,1
2026-10-07,Andrea Bacaloni vs Javier Munoz Fuster,Gana Andrea Bacaloni,1.07,0.825,1
2026-10-07,Maria Andrienko vs Nicole Andrea Molaro,Gana Maria Andrienko,1.148,0.8038,1
2026-10-07,Anna Petkovic vs Marta Lombardini,Gana Marta Lombardini,1.249,0.7482,1
2026-10-07,Van den Broek I. L. vs Novak K.,Gana Van den Broek I. L.,1.25,0.7468,1
2026-10-07,Laia Petretic vs Maria Martinez Vaquero,Gana Maria Martinez Vaquero,1.293,0.7264,1
2026-10-07,Cortez Llorca L. vs Sara A.,Gana Cortez Llorca L.,1.08,0.839,1
2026-10-07,Iveta Dapkute vs Angelina Voloshchuk,Gana Angelina Voloshchuk,1.064,0.8934,1
2026-10-07,Viktoria Varga vs Alesia Breaz,Gana Alesia Breaz,1.094,0.8676,1
2026-10-07,Alexandre Reco vs Romain Andres,Gana Alexandre Reco,1.099,0.8514,1
2026-10-07,Florian Broska vs Lukas Neumayer,Gana Lukas Neumayer,1.278,0.7586,1
2026-10-07,Maxence Rivet vs Emile Hudd,Gana Emile Hudd,1.278,0.7531,1
2026-10-07,Valeriia Artemeva vs Lujza Zimenova,Gana Valeriia Artemeva,1.249,0.7609,1
2026-10-07,Polakovicova A. vs Virc L.,Gana Virc L.,1.07,0.8541,1
2026-10-07,Ivanovic G. vs Pawelska M.,Gana Ivanovic G.,1.3,0.7051,0
2026-10-07,Sofia Martianova vs Yuliya Perapekhina,Gana Yuliya Perapekhina,1.062,0.8434,1
2026-10-07,Aleksandr Braynin vs Hugo Cardinaud,Gana Aleksandr Braynin,1.127,0.8377,1
2026-10-07,Andrej Martin vs Alejandro Moro Canas,Gana Alejandro Moro Canas,1.229,0.7817,1
2026-10-07,Dapkute I. vs Voloshchuk A.,Gana Voloshchuk A.,1.06,0.873,1
2026-10-07,Braynin A. vs Cardinaud H.,Gana Braynin A.,1.16,0.7873,1
2026-10-07,Thiago Seyboth Wild vs Murkel Dellien,Gana Thiago Seyboth Wild,1.137,0.839,1
2026-10-07,Valeriya Strakhova vs Maria Lourdes Carle,Gana Maria Lourdes Carle,1.142,0.8349,1
2026-10-07,Dunyon J. vs Capurro Taborda M.,Gana Capurro Taborda M.,1.06,0.8508,0
2026-10-07,Bergkvist Larsson B. vs Hu V.,Gana Hu V.,1.3,0.7001,0
2026-10-07,Viktoria Hruncakova vs Himeno Sakatsume,Gana Himeno Sakatsume,1.348,0.7194,1
2026-10-07,Lucciana Perez Alarcon vs Mia Slama,Gana Lucciana Perez Alarcon,1.26,0.7654,1
2026-10-07,Kajsa Rinaldo Persson vs Ema Burgic,Gana Kajsa Rinaldo Persson,1.236,0.7755,1
2026-10-07,Voelzke G. vs Hernandez R. S. L.,Gana Hernandez R. S. L.,1.22,0.7422,1
2026-10-07,Grippo V. vs Salazar D.,Gana Salazar D.,1.22,0.749,1
2026-10-07,Brengle M. vs Schaefbauer M.,Gana Brengle M.,1.06,0.8693,1
2026-10-07,Sahaja Yamalapalli vs Whitney Osuigwe,Gana Whitney Osuigwe,1.21,0.7479,1
2026-10-07,Anastasia Kulikova vs Anastasia Abbagnato,Gana Anastasia Kulikova,1.151,0.8349,0
2026-10-07,Mingge Xu vs Aspen Schuman,Gana Mingge Xu,1.336,0.7148,0
2026-10-07,Felipe Jose Rivadeneira Gallegos vs Tomas Jordi Leston,Gana Tomas Jordi Leston,1.219,0.7633,0
2026-10-07,Valentino Grippo vs Daniel Salazar,Gana Daniel Salazar,1.236,0.7549,1
2026-10-07,Kate Fakih vs Allegra Korpanec Davies,Gana Kate Fakih,1.275,0.7342,1
2026-10-07,Natalie Kha vs Diletta Cherubini,Gana Diletta Cherubini,1.307,0.7289,1
2026-10-07,Janae Preston vs Ana Grubor,Gana Janae Preston,1.057,0.8918,1
2026-10-07,Emma Ottavia Ghirardato vs Francesca Pace,Gana Francesca Pace,1.257,0.7673,1
2026-10-07,Katrina Scott vs Lexington Reed,Gana Katrina Scott,1.319,0.7336,0
2026-10-07,Mell Elizabeth Reasco Gonzalez vs Maria Sholokhova,Gana Maria Sholokhova,1.356,0.7098,0
2026-10-07,Francesca Mattioli vs Duru Soke,Gana Duru Soke,1.313,0.7137,0
2026-10-07,Ena Shibahara vs Monique Barry,Gana Ena Shibahara,1.061,0.9055,1
2026-10-07,I Wen Wan vs Tahlia Kokkinis,Gana Tahlia Kokkinis,1.159,0.8026,0
2026-10-07,Mio Mushika vs Himari Sato,Gana Mio Mushika,1.168,0.7953,0
2026-10-07,Xiao Tang vs Jiaqi Wang,Gana Jiaqi Wang,1.124,0.8538,1
2026-10-07,Varvara Panshina vs Soo Ha Jang,Gana Varvara Panshina,1.06,0.8594,1
2026-10-07,Yuta Tomida vs Petr Bar Biryukov,Gana Petr Bar Biryukov,1.242,0.7705,0
2026-10-07,Taiyo Yamanaka vs Anton Shepp,Gana Anton Shepp,1.36,0.7081,1
2026-10-07,Ko Suzuki vs Mert Alkaya,Gana Mert Alkaya,1.053,0.8901,1
2026-10-07,Xirui Han vs Yaojie Zeng,Gana Yaojie Zeng,1.189,0.7971,1
2026-10-07,Yanan Hou vs Alina Yuneva,Gana Yanan Hou,1.115,0.8382,1
2026-10-07,Yanki Erel vs Egor Pleshivtsev,Gana Yanki Erel,1.081,0.8549,1
2026-10-07,Jay Dylan Hara Friend vs Mitsuki Wei Kang Leong,Gana Jay Dylan Hara Friend,1.333,0.7169,1
2026-10-07,Marianna Shikhanova vs Junhan Zhang,Gana Junhan Zhang,1.188,0.7762,1
2026-10-07,Ryan Seggerman vs Kaichi Uchida,Gana Ryan Seggerman,1.333,0.7102,1
2026-10-07,Meiqi Guo vs Daria Egorova,Gana Daria Egorova,1.191,0.7936,1
2026-10-07,Hou Y. vs Yuneva A.,Gana Hou Y.,1.07,0.8541,1
2026-10-07,Guo M. vs Egorova D.,Gana Egorova D.,1.2,0.7771,1
2026-10-07,Kimmer Coppejans vs Stefanos Tsitsipas,Gana Stefanos Tsitsipas,1.083,0.8833,1
2026-10-07,Nuno Borges vs Facundo Diaz Acosta,Gana Nuno Borges,1.308,0.7147,1
2026-10-07,Cirotte A. vs Levinsky G.,Gana Cirotte A.,1.06,0.8705,1
2026-10-07,Florentine Dekkers vs Kamonwan Yodpetch,Gana Kamonwan Yodpetch,1.133,0.8178,1
2026-10-07,Ksenia Laskutova vs Sofiia Suslova,Gana Ksenia Laskutova,1.167,0.7918,1
