fecha,capturado,event_id,deporte,liga,home,away,inicio,casa_id,c_home,c_draw,c_away,pin_home,pin_draw,pin_away
2026-09-21,2026-09-21T07:18:04Z,zRgSl9on,futbol,BOLIVIA: Copa Pacena,The Strongest,Bolivar,1789938900,1187,3.27,3.68,1.99,,,
2026-09-21,2026-09-21T07:18:04Z,zRgSl9on,futbol,BOLIVIA: Copa Pacena,The Strongest,Bolivar,1789938900,575,3.17,3.5,1.96,,,
2026-09-21,2026-09-21T07:18:04Z,zRgSl9on,futbol,BOLIVIA: Copa Pacena,The Strongest,Bolivar,1789938900,925,3.37,3.73,1.98,,,
2026-09-21,2026-09-21T07:18:04Z,GGUgrep1,futbol,BRAZIL: Serie A Betano,Flamengo RJ,Bragantino,1789939800,1187,1.32,5.3,9.6,,,
2026-09-21,2026-09-21T07:18:04Z,GGUgrep1,futbol,BRAZIL: Serie A Betano,Flamengo RJ,Bragantino,1789939800,1207,1.32,5.3,9.7,,,
2026-09-21,2026-09-21T07:18:04Z,GGUgrep1,futbol,BRAZIL: Serie A Betano,Flamengo RJ,Bragantino,1789939800,575,1.34,5.42,10.16,,,
2026-09-21,2026-09-21T07:18:04Z,GGUgrep1,futbol,BRAZIL: Serie A Betano,Flamengo RJ,Bragantino,1789939800,925,1.32,5.46,9.96,,,
2026-09-21,2026-09-21T07:18:04Z,hffbi8em,futbol,BRAZIL: Serie B,Londrina,Fortaleza,1789939800,1187,2.55,3.04,2.88,,,
2026-09-21,2026-09-21T07:18:04Z,hffbi8em,futbol,BRAZIL: Serie B,Londrina,Fortaleza,1789939800,1207,2.71,3.1,2.92,,,
2026-09-21,2026-09-21T07:18:04Z,hffbi8em,futbol,BRAZIL: Serie B,Londrina,Fortaleza,1789939800,575,2.73,3.11,2.89,,,
2026-09-21,2026-09-21T07:18:04Z,hffbi8em,futbol,BRAZIL: Serie B,Londrina,Fortaleza,1789939800,925,2.72,2.97,2.74,,,
2026-09-21,2026-09-21T07:18:04Z,vgcXF713,futbol,BRAZIL: Serie C - Second stage,Ferroviaria,Brusque,1789939800,1187,1.65,3.47,5.4,,,
2026-09-21,2026-09-21T07:18:04Z,vgcXF713,futbol,BRAZIL: Serie C - Second stage,Ferroviaria,Brusque,1789939800,575,1.72,3.47,5.39,,,
2026-09-21,2026-09-21T07:18:04Z,vgcXF713,futbol,BRAZIL: Serie C - Second stage,Ferroviaria,Brusque,1789939800,925,1.71,3.42,5.18,,,
2026-09-21,2026-09-21T07:18:04Z,C6euEoWF,futbol,BRAZIL: Serie C - Second stage,Paysandu PA,Inter de Limeira,1789939800,1187,1.72,3.53,4.6,,,
2026-09-21,2026-09-21T07:18:04Z,C6euEoWF,futbol,BRAZIL: Serie C - Second stage,Paysandu PA,Inter de Limeira,1789939800,575,1.8,3.57,4.6,,,
2026-09-21,2026-09-21T07:18:04Z,C6euEoWF,futbol,BRAZIL: Serie C - Second stage,Paysandu PA,Inter de Limeira,1789939800,925,1.81,3.31,4.65,,,
2026-09-21,2026-09-21T07:18:04Z,Em9I9N0U,futbol,BRAZIL: Carioca B2,Buzios,Serra Macaense,1789926300,1187,4.75,3.77,1.65,,,
2026-09-21,2026-09-21T07:18:04Z,Em9I9N0U,futbol,BRAZIL: Carioca B2,Buzios,Serra Macaense,1789926300,925,4.33,3.71,1.72,,,
2026-09-21,2026-09-21T07:18:04Z,fmbxAVjL,futbol,BRAZIL: Paraibano 2,Spartax,Auto Esporte,1789930800,1187,6.6,4.2,1.45,,,
2026-09-21,2026-09-21T07:18:04Z,fmbxAVjL,futbol,BRAZIL: Paraibano 2,Spartax,Auto Esporte,1789930800,925,9.18,4.54,1.33,,,
2026-09-21,2026-09-21T07:18:04Z,YT3vceCj,futbol,BRAZIL: Copa Parana,Paranavai-PR,Cascavel,1789929000,1187,1.81,3.25,4.2,,,
2026-09-21,2026-09-21T07:18:04Z,YT3vceCj,futbol,BRAZIL: Copa Parana,Paranavai-PR,Cascavel,1789929000,925,1.81,3.73,3.83,,,
2026-09-21,2026-09-21T07:18:04Z,4K0A87XP,futbol,BRAZIL: Potiguar U20 - Play Offs,America RN U20,Estrela Potiguar U20,1789927200,1187,1.42,4.6,6.2,,,
2026-09-21,2026-09-21T07:18:04Z,4K0A87XP,futbol,BRAZIL: Potiguar U20 - Play Offs,America RN U20,Estrela Potiguar U20,1789927200,925,1.44,4.62,5.91,,,
2026-09-21,2026-09-21T07:18:04Z,bPO4vgWj,futbol,COLOMBIA: Primera A - Clausura,Bucaramanga,Inter Bogotá,1789938300,1187,1.78,3.33,5.1,,,
2026-09-21,2026-09-21T07:18:04Z,bPO4vgWj,futbol,COLOMBIA: Primera A - Clausura,Bucaramanga,Inter Bogotá,1789938300,1207,1.73,3.19,4.8,,,
2026-09-21,2026-09-21T07:18:04Z,bPO4vgWj,futbol,COLOMBIA: Primera A - Clausura,Bucaramanga,Inter Bogotá,1789938300,575,1.79,3.51,5.08,,,
2026-09-21,2026-09-21T07:18:04Z,bPO4vgWj,futbol,COLOMBIA: Primera A - Clausura,Bucaramanga,Inter Bogotá,1789938300,925,1.78,3.41,5.43,,,
2026-09-21,2026-09-21T07:18:04Z,YiIfdL5e,futbol,COLOMBIA: Liga Women - Play Offs,Dep. Cali W,Atl. Nacional W,1789938900,1187,1.8,3.45,4.3,,,
2026-09-21,2026-09-21T07:18:04Z,YiIfdL5e,futbol,COLOMBIA: Liga Women - Play Offs,Dep. Cali W,Atl. Nacional W,1789938900,575,1.76,3.33,4.13,,,
2026-09-21,2026-09-21T07:18:04Z,YiIfdL5e,futbol,COLOMBIA: Liga Women - Play Offs,Dep. Cali W,Atl. Nacional W,1789938900,925,1.78,3.19,4.89,,,
2026-09-21,2026-09-21T07:18:04Z,2yjIq1Y2,futbol,ECUADOR: Liga Pro - Relegation Group,Dep. Cuenca,Mushuc Runa,1789938000,1187,2.51,2.95,3.01,,,
2026-09-21,2026-09-21T07:18:04Z,2yjIq1Y2,futbol,ECUADOR: Liga Pro - Relegation Group,Dep. Cuenca,Mushuc Runa,1789938000,1207,2.45,2.87,2.92,,,
2026-09-21,2026-09-21T07:18:04Z,2yjIq1Y2,futbol,ECUADOR: Liga Pro - Relegation Group,Dep. Cuenca,Mushuc Runa,1789938000,575,2.56,3.01,3.13,,,
2026-09-21,2026-09-21T07:18:04Z,2yjIq1Y2,futbol,ECUADOR: Liga Pro - Relegation Group,Dep. Cuenca,Mushuc Runa,1789938000,925,2.41,3.11,3.01,,,
2026-09-21,2026-09-21T07:18:04Z,tOWaRjJE,futbol,EL SALVADOR: Primera Division - Apertura,Alianza FC,Municipal Limeno,1789938000,1187,2.27,3.08,3.18,,,
2026-09-21,2026-09-21T07:18:04Z,tOWaRjJE,futbol,EL SALVADOR: Primera Division - Apertura,Alianza FC,Municipal Limeno,1789938000,575,2.33,3.08,3.16,,,
2026-09-21,2026-09-21T07:18:04Z,tOWaRjJE,futbol,EL SALVADOR: Primera Division - Apertura,Alianza FC,Municipal Limeno,1789938000,925,2.36,3.15,3.05,,,
2026-09-21,2026-09-21T07:18:04Z,rsh2PfUp,futbol,EL SALVADOR: Primera Division - Apertura,Platense Municipal,Aguila,1789938000,1187,3.75,3.21,1.99,,,
2026-09-21,2026-09-21T07:18:04Z,rsh2PfUp,futbol,EL SALVADOR: Primera Division - Apertura,Platense Municipal,Aguila,1789938000,575,3.74,3.4,2.0,,,
2026-09-21,2026-09-21T07:18:04Z,rsh2PfUp,futbol,EL SALVADOR: Primera Division - Apertura,Platense Municipal,Aguila,1789938000,925,3.24,3.4,2.14,,,
2026-09-21,2026-09-21T07:18:04Z,p4PGQ3e2,futbol,GUATEMALA: Liga Nacional - Apertura,Deportivo San Pedro,Coban Imperial,1789937400,1187,1.91,2.96,4.6,,,
2026-09-21,2026-09-21T07:18:04Z,p4PGQ3e2,futbol,GUATEMALA: Liga Nacional - Apertura,Deportivo San Pedro,Coban Imperial,1789937400,1207,1.88,2.9,4.5,,,
2026-09-21,2026-09-21T07:18:04Z,p4PGQ3e2,futbol,GUATEMALA: Liga Nacional - Apertura,Deportivo San Pedro,Coban Imperial,1789937400,575,1.91,3.2,4.6,,,
2026-09-21,2026-09-21T07:18:04Z,p4PGQ3e2,futbol,GUATEMALA: Liga Nacional - Apertura,Deportivo San Pedro,Coban Imperial,1789937400,925,1.83,3.34,4.52,,,
2026-09-21,2026-09-21T07:18:04Z,0U8zdNm3,futbol,MEXICO: Liga MX Women - Apertura,Club America W,Atlas W,1789940700,1187,1.03,15.0,26.0,,,
2026-09-21,2026-09-21T07:18:04Z,0U8zdNm3,futbol,MEXICO: Liga MX Women - Apertura,Club America W,Atlas W,1789940700,1207,1.02,13.0,23.0,,,
2026-09-21,2026-09-21T07:18:04Z,0U8zdNm3,futbol,MEXICO: Liga MX Women - Apertura,Club America W,Atlas W,1789940700,575,1.03,19.69,36.57,,,
2026-09-21,2026-09-21T07:18:04Z,0U8zdNm3,futbol,MEXICO: Liga MX Women - Apertura,Club America W,Atlas W,1789940700,925,1.05,17.0,26.0,,,
2026-09-21,2026-09-21T07:18:04Z,WOuclmFb,futbol,NICARAGUA: Liga Primera - Apertura,Sport Sebaco,Matagalpa,1789938000,1187,2.08,3.32,3.21,,,
2026-09-21,2026-09-21T07:18:04Z,WOuclmFb,futbol,NICARAGUA: Liga Primera - Apertura,Sport Sebaco,Matagalpa,1789938000,575,2.09,3.31,3.22,,,
2026-09-21,2026-09-21T07:18:04Z,WOuclmFb,futbol,NICARAGUA: Liga Primera - Apertura,Sport Sebaco,Matagalpa,1789938000,925,2.1,3.48,3.26,,,
2026-09-21,2026-09-21T07:18:04Z,A72mG2Gr,futbol,PANAMA: LPF - Apertura,Herrera,Tauro,1789938000,1187,4.85,3.47,1.71,,,
2026-09-21,2026-09-21T07:18:04Z,A72mG2Gr,futbol,PANAMA: LPF - Apertura,Herrera,Tauro,1789938000,1207,4.7,3.4,1.68,,,
2026-09-21,2026-09-21T07:18:04Z,A72mG2Gr,futbol,PANAMA: LPF - Apertura,Herrera,Tauro,1789938000,575,4.85,3.8,1.71,,,
2026-09-21,2026-09-21T07:18:04Z,A72mG2Gr,futbol,PANAMA: LPF - Apertura,Herrera,Tauro,1789938000,925,4.09,3.94,1.75,,,
2026-09-21,2026-09-21T07:18:04Z,f3bqIc9b,futbol,PARAGUAY: Copa de Primera - Clausura,Sp. Luqueno,Recoleta,1789939800,1187,2.14,3.55,3.03,,,
2026-09-21,2026-09-21T07:18:04Z,f3bqIc9b,futbol,PARAGUAY: Copa de Primera - Clausura,Sp. Luqueno,Recoleta,1789939800,575,2.21,3.59,3.21,,,
2026-09-21,2026-09-21T07:18:04Z,f3bqIc9b,futbol,PARAGUAY: Copa de Primera - Clausura,Sp. Luqueno,Recoleta,1789939800,925,2.21,3.47,3.05,,,
2026-09-21,2026-09-21T07:18:04Z,KEaXMaTI,futbol,PERU: Liga Women - Clausura,Sporting Cristal W,Alianza Lima W,1789935300,1187,3.04,3.56,2.13,,,
2026-09-21,2026-09-21T07:18:04Z,KEaXMaTI,futbol,PERU: Liga Women - Clausura,Sporting Cristal W,Alianza Lima W,1789935300,575,2.82,3.5,2.23,,,
2026-09-21,2026-09-21T07:18:04Z,KEaXMaTI,futbol,PERU: Liga Women - Clausura,Sporting Cristal W,Alianza Lima W,1789935300,925,3.02,4.06,1.99,,,
2026-09-21,2026-09-21T07:18:04Z,YLrUr8vg,futbol,USA: USL Championship,Indy Eleven,Oakland Roots,1789938000,1187,1.85,3.83,3.58,,,
2026-09-21,2026-09-21T07:18:04Z,YLrUr8vg,futbol,USA: USL Championship,Indy Eleven,Oakland Roots,1789938000,1207,1.83,3.74,3.5,,,
2026-09-21,2026-09-21T07:18:04Z,YLrUr8vg,futbol,USA: USL Championship,Indy Eleven,Oakland Roots,1789938000,575,1.91,3.91,3.77,,,
2026-09-21,2026-09-21T07:18:04Z,YLrUr8vg,futbol,USA: USL Championship,Indy Eleven,Oakland Roots,1789938000,925,1.89,3.77,3.66,,,
2026-09-21,2026-09-21T07:18:04Z,CrMWo6I8,futbol,USA: MLS Next Pro,Colorado Rapids 2,North Texas,1789938000,1187,3.32,3.69,1.97,,,
2026-09-21,2026-09-21T07:18:04Z,CrMWo6I8,futbol,USA: MLS Next Pro,Colorado Rapids 2,North Texas,1789938000,575,3.31,3.86,2.08,,,
2026-09-21,2026-09-21T07:18:04Z,CrMWo6I8,futbol,USA: MLS Next Pro,Colorado Rapids 2,North Texas,1789938000,925,2.98,3.83,2.12,,,
2026-09-21,2026-09-21T07:18:04Z,6qv5Tc2s,futbol,USA: MLS Next Pro,Houston Dynamo 2,Sporting Kansas City II,1789938000,1187,1.31,5.5,7.4,,,
2026-09-21,2026-09-21T07:18:04Z,6qv5Tc2s,futbol,USA: MLS Next Pro,Houston Dynamo 2,Sporting Kansas City II,1789938000,575,1.32,5.7,7.43,,,
2026-09-21,2026-09-21T07:18:04Z,6qv5Tc2s,futbol,USA: MLS Next Pro,Houston Dynamo 2,Sporting Kansas City II,1789938000,925,1.32,5.85,7.25,,,
2026-09-21,2026-09-21T07:18:04Z,8UuA5dnn,futbol,USA: MLS Next Pro,Minnesota 2,Los Angeles FC 2,1789938000,1187,1.79,4.1,3.57,,,
2026-09-21,2026-09-21T07:18:04Z,8UuA5dnn,futbol,USA: MLS Next Pro,Minnesota 2,Los Angeles FC 2,1789938000,575,1.84,4.24,3.57,,,
2026-09-21,2026-09-21T07:18:04Z,8UuA5dnn,futbol,USA: MLS Next Pro,Minnesota 2,Los Angeles FC 2,1789938000,925,1.84,4.09,3.57,,,
2026-09-21,2026-09-21T07:18:04Z,pA7DPF16,futbol,USA: MLS Next Pro,Real Monarchs,Ventura County,1789938000,1187,3.8,4.3,1.71,,,
2026-09-21,2026-09-21T07:18:04Z,pA7DPF16,futbol,USA: MLS Next Pro,Real Monarchs,Ventura County,1789938000,575,3.82,4.42,1.71,,,
2026-09-21,2026-09-21T07:18:04Z,pA7DPF16,futbol,USA: MLS Next Pro,Real Monarchs,Ventura County,1789938000,925,3.95,4.27,1.72,,,
2026-09-21,2026-09-21T07:18:04Z,YVm8ocOP,futbol,USA: MLS Next Pro,St. Louis City 2,Austin FC II,1789938000,1187,1.35,4.9,7.3,,,
2026-09-21,2026-09-21T07:18:04Z,YVm8ocOP,futbol,USA: MLS Next Pro,St. Louis City 2,Austin FC II,1789938000,575,1.37,5.0,7.42,,,
2026-09-21,2026-09-21T07:18:04Z,YVm8ocOP,futbol,USA: MLS Next Pro,St. Louis City 2,Austin FC II,1789938000,925,1.33,5.57,7.24,,,
2026-09-21,2026-09-21T07:18:04Z,hzBLNgWI,futbol,USA: MLS Next Pro,Tacoma Defiance,Portland Timbers 2,1789938000,1187,2.24,3.75,2.72,,,
2026-09-21,2026-09-21T07:18:04Z,hzBLNgWI,futbol,USA: MLS Next Pro,Tacoma Defiance,Portland Timbers 2,1789938000,575,2.25,3.9,2.74,,,
2026-09-21,2026-09-21T07:18:04Z,hzBLNgWI,futbol,USA: MLS Next Pro,Tacoma Defiance,Portland Timbers 2,1789938000,925,2.39,3.74,2.6,,,
2026-09-21,2026-09-21T07:18:04Z,KQMZOxCl,futbol,USA: MLS Next Pro,Vancouver Whitecaps 2,San Jose Earthquakes II,1789938000,1187,3.55,4.9,1.69,,,
2026-09-21,2026-09-21T07:18:04Z,KQMZOxCl,futbol,USA: MLS Next Pro,Vancouver Whitecaps 2,San Jose Earthquakes II,1789938000,575,3.75,4.91,1.72,,,
2026-09-21,2026-09-21T07:18:04Z,KQMZOxCl,futbol,USA: MLS Next Pro,Vancouver Whitecaps 2,San Jose Earthquakes II,1789938000,925,3.85,4.38,1.72,,,
2026-09-21,2026-09-21T07:18:04Z,ddowpKbs,futbol,USA: NWSL Women,Chicago W,Washington Spirit W,1789938000,1187,10.0,7.2,1.19,,,
2026-09-21,2026-09-21T07:18:04Z,ddowpKbs,futbol,USA: NWSL Women,Chicago W,Washington Spirit W,1789938000,1207,9.6,6.9,1.18,,,
2026-09-21,2026-09-21T07:18:04Z,ddowpKbs,futbol,USA: NWSL Women,Chicago W,Washington Spirit W,1789938000,575,10.03,7.14,1.21,,,
2026-09-21,2026-09-21T07:18:04Z,ddowpKbs,futbol,USA: NWSL Women,Chicago W,Washington Spirit W,1789938000,925,9.92,6.06,1.25,,,
2026-09-21,2026-09-21T07:18:04Z,lCftTzzp,futbol,USA: USL Super League Women,Sporting Jax W,Lexington W,1789938000,1187,2.33,2.97,2.99,,,
2026-09-21,2026-09-21T07:18:04Z,lCftTzzp,futbol,USA: USL Super League Women,Sporting Jax W,Lexington W,1789938000,575,2.22,3.2,2.58,,,
2026-09-21,2026-09-21T07:18:04Z,lCftTzzp,futbol,USA: USL Super League Women,Sporting Jax W,Lexington W,1789938000,925,2.32,3.3,2.89,,,
2026-09-21,2026-09-21T07:18:04Z,EB9WijXa,futbol,VENEZUELA: Liga FUTVE - Clausura,Estudiantes Merida,Trujillanos,1789938000,1187,1.57,3.78,5.6,,,
2026-09-21,2026-09-21T07:18:04Z,EB9WijXa,futbol,VENEZUELA: Liga FUTVE - Clausura,Estudiantes Merida,Trujillanos,1789938000,1207,1.55,3.69,5.5,,,
2026-09-21,2026-09-21T07:18:04Z,EB9WijXa,futbol,VENEZUELA: Liga FUTVE - Clausura,Estudiantes Merida,Trujillanos,1789938000,575,1.59,3.82,5.66,,,
2026-09-21,2026-09-21T07:18:04Z,EB9WijXa,futbol,VENEZUELA: Liga FUTVE - Clausura,Estudiantes Merida,Trujillanos,1789938000,925,1.65,3.67,5.25,,,
2026-09-21,2026-09-21T07:18:04Z,GtqTIJVQ,futbol,ANGOLA: Girabola,Primeiro de Maio,CD Lunda Sul,1790001000,1187,2.15,2.89,3.35,,,
2026-09-21,2026-09-21T07:18:04Z,GtqTIJVQ,futbol,ANGOLA: Girabola,Primeiro de Maio,CD Lunda Sul,1790001000,925,2.15,2.89,3.36,,,
2026-09-21,2026-09-21T07:18:04Z,GYoluT5L,futbol,ARGENTINA: Liga Profesional - Clausura,Belgrano,Estudiantes Rio Cuarto,1789942500,1187,1.45,3.85,9.7,,,
2026-09-21,2026-09-21T07:18:04Z,GYoluT5L,futbol,ARGENTINA: Liga Profesional - Clausura,Belgrano,Estudiantes Rio Cuarto,1789942500,1207,1.46,3.91,10.0,,,
2026-09-21,2026-09-21T07:18:04Z,GYoluT5L,futbol,ARGENTINA: Liga Profesional - Clausura,Belgrano,Estudiantes Rio Cuarto,1789942500,575,1.47,3.98,10.1,,,
2026-09-21,2026-09-21T07:18:04Z,GYoluT5L,futbol,ARGENTINA: Liga Profesional - Clausura,Belgrano,Estudiantes Rio Cuarto,1789942500,925,1.46,3.74,11.1,,,
2026-09-21,2026-09-21T07:18:04Z,zNO4CwWH,futbol,ARGENTINA: Liga Profesional - Clausura,Velez Sarsfield,Tigre,1789950600,1187,2.2,2.88,4.0,,,
2026-09-21,2026-09-21T07:18:04Z,zNO4CwWH,futbol,ARGENTINA: Liga Profesional - Clausura,Velez Sarsfield,Tigre,1789950600,1207,2.22,2.91,4.1,,,
2026-09-21,2026-09-21T07:18:04Z,zNO4CwWH,futbol,ARGENTINA: Liga Profesional - Clausura,Velez Sarsfield,Tigre,1789950600,575,2.3,2.98,3.91,,,
2026-09-21,2026-09-21T07:18:04Z,zNO4CwWH,futbol,ARGENTINA: Liga Profesional - Clausura,Velez Sarsfield,Tigre,1789950600,925,2.18,2.96,4.08,,,
2026-09-21,2026-09-21T07:18:04Z,dCugL7Ek,futbol,ARGENTINA: Liga Profesional - Clausura,Aldosivi,Atl. Tucuman,1790011800,1187,3.21,2.93,2.52,3.32,2.97,2.53
2026-09-21,2026-09-21T07:18:04Z,dCugL7Ek,futbol,ARGENTINA: Liga Profesional - Clausura,Aldosivi,Atl. Tucuman,1790011800,1207,3.25,2.95,2.54,3.32,2.97,2.53
2026-09-21,2026-09-21T07:18:04Z,dCugL7Ek,futbol,ARGENTINA: Liga Profesional - Clausura,Aldosivi,Atl. Tucuman,1790011800,575,3.32,2.97,2.55,3.32,2.97,2.53
2026-09-21,2026-09-21T07:18:04Z,dCugL7Ek,futbol,ARGENTINA: Liga Profesional - Clausura,Aldosivi,Atl. Tucuman,1790011800,925,3.26,3.02,2.54,3.32,2.97,2.53
2026-09-21,2026-09-21T07:18:04Z,WCjv9DFd,futbol,ARGENTINA: Primera Nacional,Tristan Suarez,Atletico Atlanta,1790013600,1187,1.92,3.03,4.4,,,
2026-09-21,2026-09-21T07:18:04Z,WCjv9DFd,futbol,ARGENTINA: Primera Nacional,Tristan Suarez,Atletico Atlanta,1790013600,1207,1.86,2.91,4.2,,,
2026-09-21,2026-09-21T07:18:04Z,WCjv9DFd,futbol,ARGENTINA: Primera Nacional,Tristan Suarez,Atletico Atlanta,1790013600,575,2.06,3.08,4.72,,,
2026-09-21,2026-09-21T07:18:04Z,WCjv9DFd,futbol,ARGENTINA: Primera Nacional,Tristan Suarez,Atletico Atlanta,1790013600,925,1.9,2.88,4.32,,,
2026-09-21,2026-09-21T07:18:04Z,jPJwieqL,futbol,ARGENTINA: Primera C,Central Ballester,Central Cordoba,1790013600,1187,3.57,2.71,2.32,,,
2026-09-21,2026-09-21T07:18:04Z,jPJwieqL,futbol,ARGENTINA: Primera C,Central Ballester,Central Cordoba,1790013600,575,3.41,2.6,2.24,,,
2026-09-21,2026-09-21T07:18:04Z,jPJwieqL,futbol,ARGENTINA: Primera C,Central Ballester,Central Cordoba,1790013600,925,3.56,2.65,2.32,,,
2026-09-21,2026-09-21T07:18:04Z,pSGVhHE8,futbol,ARGENTINA: Primera C,Claypole,Yupanqui,1790013600,1187,2.18,2.89,3.64,2.1,2.77,3.47
2026-09-21,2026-09-21T07:18:04Z,pSGVhHE8,futbol,ARGENTINA: Primera C,Claypole,Yupanqui,1790013600,575,2.1,2.77,3.47,2.1,2.77,3.47
2026-09-21,2026-09-21T07:18:04Z,pSGVhHE8,futbol,ARGENTINA: Primera C,Claypole,Yupanqui,1790013600,925,2.09,2.85,3.59,2.1,2.77,3.47
2026-09-21,2026-09-21T07:18:04Z,zceAoZ6r,futbol,ARGENTINA: Primera C,El Porvenir,Deportivo Espanol,1790013600,1187,3.12,2.73,2.55,,,
2026-09-21,2026-09-21T07:18:04Z,zceAoZ6r,futbol,ARGENTINA: Primera C,El Porvenir,Deportivo Espanol,1790013600,575,2.99,2.54,2.52,,,
2026-09-21,2026-09-21T07:18:04Z,zceAoZ6r,futbol,ARGENTINA: Primera C,El Porvenir,Deportivo Espanol,1790013600,925,2.91,2.61,2.53,,,
2026-09-21,2026-09-21T07:18:04Z,rwkfruiK,futbol,ARGENTINA: Primera C,Sacachispas,Victoriano A.,1790013600,1187,1.93,2.95,4.5,,,
2026-09-21,2026-09-21T07:18:04Z,rwkfruiK,futbol,ARGENTINA: Primera C,Sacachispas,Victoriano A.,1790013600,575,1.87,2.82,4.24,,,
2026-09-21,2026-09-21T07:18:04Z,rwkfruiK,futbol,ARGENTINA: Primera C,Sacachispas,Victoriano A.,1790013600,925,1.9,2.82,4.39,,,
2026-09-21,2026-09-21T07:18:04Z,vkhRsi67,futbol,ARGENTINA: Primera C,Sportivo Barracas,Canuelas,1790013600,1187,2.92,2.63,2.8,,,
2026-09-21,2026-09-21T07:18:04Z,vkhRsi67,futbol,ARGENTINA: Primera C,Sportivo Barracas,Canuelas,1790013600,575,2.8,2.53,2.69,,,
2026-09-21,2026-09-21T07:18:04Z,vkhRsi67,futbol,ARGENTINA: Primera C,Sportivo Barracas,Canuelas,1790013600,925,2.8,2.61,2.62,,,
2026-09-21,2026-09-21T07:18:04Z,0lajgXfM,futbol,ASIA: Asian Games Women,Bangladesh W,Myanmar W,1789974000,1187,3.57,4.2,1.79,,,
2026-09-21,2026-09-21T07:18:04Z,0lajgXfM,futbol,ASIA: Asian Games Women,Bangladesh W,Myanmar W,1789974000,575,4.05,3.85,1.82,,,
2026-09-21,2026-09-21T07:18:04Z,0lajgXfM,futbol,ASIA: Asian Games Women,Bangladesh W,Myanmar W,1789974000,925,4.01,3.81,1.76,,,
2026-09-21,2026-09-21T07:18:04Z,EDAlZB3j,futbol,ASIA: Asian Games Women,China W,Philippines W,1789974000,1187,1.07,10.0,25.0,,,
2026-09-21,2026-09-21T07:18:04Z,EDAlZB3j,futbol,ASIA: Asian Games Women,China W,Philippines W,1789974000,575,1.07,8.86,21.03,,,
2026-09-21,2026-09-21T07:18:04Z,EDAlZB3j,futbol,ASIA: Asian Games Women,China W,Philippines W,1789974000,925,1.13,9.06,12.5,,,
2026-09-21,2026-09-21T07:18:04Z,Sz1regQ9,futbol,ASIA: Asian Games Women,South Korea W,North Korea W,1789974000,1187,7.9,6.0,1.27,,,
2026-09-21,2026-09-21T07:18:04Z,Sz1regQ9,futbol,ASIA: Asian Games Women,South Korea W,North Korea W,1789974000,575,8.9,5.58,1.25,,,
2026-09-21,2026-09-21T07:18:04Z,Sz1regQ9,futbol,ASIA: Asian Games Women,South Korea W,North Korea W,1789974000,925,9.31,5.14,1.29,,,
2026-09-21,2026-09-21T07:18:04Z,xUhUokmd,futbol,ASIA: Asian Games Women,Uzbekistan W,Hong Kong W,1789974000,1187,1.12,7.8,17.0,,,
2026-09-21,2026-09-21T07:18:04Z,xUhUokmd,futbol,ASIA: Asian Games Women,Uzbekistan W,Hong Kong W,1789974000,575,1.11,8.5,18.0,,,
2026-09-21,2026-09-21T07:18:04Z,xUhUokmd,futbol,ASIA: Asian Games Women,Uzbekistan W,Hong Kong W,1789974000,925,1.12,8.53,14.3,,,
2026-09-21,2026-09-21T07:18:04Z,WWkMmBIq,futbol,ASIA: Asian Games Women,Japan W,Chinese Taipei W,1789986600,925,1.02,21.0,50.0,,,
2026-09-21,2026-09-21T07:18:04Z,KAczcFec,futbol,ASIA: Asian Games Women,Vietnam W,Thailand W,1789986600,1187,2.16,3.31,3.17,,,
2026-09-21,2026-09-21T07:18:04Z,KAczcFec,futbol,ASIA: Asian Games Women,Vietnam W,Thailand W,1789986600,575,2.07,3.5,3.15,,,
2026-09-21,2026-09-21T07:18:04Z,KAczcFec,futbol,ASIA: Asian Games Women,Vietnam W,Thailand W,1789986600,925,2.09,3.3,3.05,,,
2026-09-21,2026-09-21T07:18:04Z,tOdzmmGb,futbol,BOLIVIA: Copa Pacena,Oriente Petrolero,Blooming,1789947000,1187,1.78,3.72,4.0,,,
2026-09-21,2026-09-21T07:18:04Z,tOdzmmGb,futbol,BOLIVIA: Copa Pacena,Oriente Petrolero,Blooming,1789947000,575,1.93,3.5,3.51,,,
2026-09-21,2026-09-21T07:18:04Z,tOdzmmGb,futbol,BOLIVIA: Copa Pacena,Oriente Petrolero,Blooming,1789947000,925,1.9,3.79,3.6,,,
2026-09-21,2026-09-21T07:18:04Z,h0zfpxXo,futbol,BRAZIL: Serie A Betano,Athletico-PR,Bahia,1789943400,1187,2.41,3.29,3.02,,,
2026-09-21,2026-09-21T07:18:04Z,h0zfpxXo,futbol,BRAZIL: Serie A Betano,Athletico-PR,Bahia,1789943400,1207,2.42,3.3,3.04,,,
2026-09-21,2026-09-21T07:18:04Z,h0zfpxXo,futbol,BRAZIL: Serie A Betano,Athletico-PR,Bahia,1789943400,575,2.45,3.36,3.16,,,
2026-09-21,2026-09-21T07:18:04Z,h0zfpxXo,futbol,BRAZIL: Serie A Betano,Athletico-PR,Bahia,1789943400,925,2.56,3.31,2.86,,,
2026-09-21,2026-09-21T07:18:04Z,xQnzS4Gb,futbol,BRAZIL: Carioca B2,7 de Abril,Paraty,1790012700,925,1.58,3.8,4.71,,,
2026-09-21,2026-09-21T07:18:04Z,IH3kOMFN,futbol,BRAZIL: Carioca B2,FC Rio de Janeiro,Santa Cruz RJ,1790012700,925,4.3,3.82,1.63,,,
2026-09-21,2026-09-21T07:18:04Z,AeMYgGU1,futbol,BULGARIA: Vtora liga,Svoge,Vihren,1789999200,1187,4.6,3.41,1.76,,,
2026-09-21,2026-09-21T07:18:04Z,AeMYgGU1,futbol,BULGARIA: Vtora liga,Svoge,Vihren,1789999200,1207,4.5,3.34,1.74,,,
2026-09-21,2026-09-21T07:18:04Z,AeMYgGU1,futbol,BULGARIA: Vtora liga,Svoge,Vihren,1789999200,575,4.28,3.4,1.84,,,
2026-09-21,2026-09-21T07:18:04Z,AeMYgGU1,futbol,BULGARIA: Vtora liga,Svoge,Vihren,1789999200,925,5.09,3.34,1.63,,,
2026-09-21,2026-09-21T07:18:04Z,2VIQex0k,futbol,BULGARIA: Vtora liga,Dobrudzha,CSKA Sofia II,1790006400,1187,2.91,3.85,2.1,,,
2026-09-21,2026-09-21T07:18:04Z,2VIQex0k,futbol,BULGARIA: Vtora liga,Dobrudzha,CSKA Sofia II,1790006400,1207,2.85,3.76,2.07,,,
2026-09-21,2026-09-21T07:18:04Z,2VIQex0k,futbol,BULGARIA: Vtora liga,Dobrudzha,CSKA Sofia II,1790006400,575,3.0,3.64,2.04,,,
2026-09-21,2026-09-21T07:18:04Z,2VIQex0k,futbol,BULGARIA: Vtora liga,Dobrudzha,CSKA Sofia II,1790006400,925,3.18,3.52,1.96,,,
2026-09-21,2026-09-21T07:18:04Z,hxRv5tw3,futbol,BULGARIA: Vtora liga,Spartak Pleven,Ludogorets II,1790006400,1187,2.48,3.08,2.84,,,
2026-09-21,2026-09-21T07:18:04Z,hxRv5tw3,futbol,BULGARIA: Vtora liga,Spartak Pleven,Ludogorets II,1790006400,1207,2.44,3.02,2.78,,,
2026-09-21,2026-09-21T07:18:04Z,hxRv5tw3,futbol,BULGARIA: Vtora liga,Spartak Pleven,Ludogorets II,1790006400,575,2.39,3.3,2.74,,,
2026-09-21,2026-09-21T07:18:04Z,hxRv5tw3,futbol,BULGARIA: Vtora liga,Spartak Pleven,Ludogorets II,1790006400,925,2.36,3.04,2.81,,,
2026-09-21,2026-09-21T07:18:04Z,6aXf1bxS,futbol,BULGARIA: Vtora liga,Montana,Hebar,1790008200,1187,2.21,3.27,3.11,2.12,3.11,3.01
2026-09-21,2026-09-21T07:18:04Z,6aXf1bxS,futbol,BULGARIA: Vtora liga,Montana,Hebar,1790008200,1207,2.17,3.21,3.05,2.12,3.11,3.01
2026-09-21,2026-09-21T07:18:04Z,6aXf1bxS,futbol,BULGARIA: Vtora liga,Montana,Hebar,1790008200,575,2.12,3.45,3.01,2.12,3.11,3.01
2026-09-21,2026-09-21T07:18:04Z,6aXf1bxS,futbol,BULGARIA: Vtora liga,Montana,Hebar,1790008200,925,2.07,3.16,3.23,2.12,3.11,3.01
2026-09-21,2026-09-21T07:18:04Z,2JfT1HoK,futbol,CANADA: NSL Women,Ottawa Rapid W,Calgary Wild W,1789945200,1187,1.42,6.5,4.2,,,
2026-09-21,2026-09-21T07:18:04Z,2JfT1HoK,futbol,CANADA: NSL Women,Ottawa Rapid W,Calgary Wild W,1789945200,925,1.5,4.93,4.67,,,
2026-09-21,2026-09-21T07:18:04Z,n3WImc94,futbol,COLOMBIA: Primera A - Clausura,Deportes Tolima,America De Cali,1789945800,1187,2.59,2.91,3.03,,,
2026-09-21,2026-09-21T07:18:04Z,n3WImc94,futbol,COLOMBIA: Primera A - Clausura,Deportes Tolima,America De Cali,1789945800,1207,2.45,2.86,2.92,,,
2026-09-21,2026-09-21T07:18:04Z,n3WImc94,futbol,COLOMBIA: Primera A - Clausura,Deportes Tolima,America De Cali,1789945800,575,2.6,3.1,3.06,,,
2026-09-21,2026-09-21T07:18:04Z,n3WImc94,futbol,COLOMBIA: Primera A - Clausura,Deportes Tolima,America De Cali,1789945800,925,2.35,3.26,3.22,,,
2026-09-21,2026-09-21T07:18:04Z,OCwnvpx8,futbol,COLOMBIA: Primera A - Clausura,Llaneros,Atl. Nacional,1789953300,1187,4.2,3.75,1.8,,,
2026-09-21,2026-09-21T07:18:04Z,OCwnvpx8,futbol,COLOMBIA: Primera A - Clausura,Llaneros,Atl. Nacional,1789953300,1207,4.0,3.58,1.75,,,
2026-09-21,2026-09-21T07:18:04Z,OCwnvpx8,futbol,COLOMBIA: Primera A - Clausura,Llaneros,Atl. Nacional,1789953300,575,4.8,3.79,1.83,,,
2026-09-21,2026-09-21T07:18:04Z,OCwnvpx8,futbol,COLOMBIA: Primera A - Clausura,Llaneros,Atl. Nacional,1789953300,925,4.45,3.88,1.79,,,
2026-09-21,2026-09-21T07:18:04Z,S0O0JSSa,futbol,COLOMBIA: Primera B - Clausura,Bogota,Barranquilla,1790022600,1187,1.72,3.51,4.4,,,
2026-09-21,2026-09-21T07:18:04Z,S0O0JSSa,futbol,COLOMBIA: Primera B - Clausura,Bogota,Barranquilla,1790022600,1207,1.69,3.41,4.3,,,
2026-09-21,2026-09-21T07:18:04Z,S0O0JSSa,futbol,COLOMBIA: Primera B - Clausura,Bogota,Barranquilla,1790022600,575,1.89,3.58,4.48,,,
2026-09-21,2026-09-21T07:18:04Z,S0O0JSSa,futbol,COLOMBIA: Primera B - Clausura,Bogota,Barranquilla,1790022600,925,1.71,3.4,4.41,,,
2026-09-21,2026-09-21T07:18:04Z,0vKnbsyq,futbol,COLOMBIA: Liga Women - Play Offs,Millonarios W,Santa Fe W,1789947000,1187,1.87,3.23,4.2,,,
2026-09-21,2026-09-21T07:18:04Z,0vKnbsyq,futbol,COLOMBIA: Liga Women - Play Offs,Millonarios W,Santa Fe W,1789947000,575,1.84,3.11,4.03,,,
2026-09-21,2026-09-21T07:18:04Z,0vKnbsyq,futbol,COLOMBIA: Liga Women - Play Offs,Millonarios W,Santa Fe W,1789947000,925,1.82,3.23,4.51,,,
2026-09-21,2026-09-21T07:18:04Z,2Hcjyvh5,futbol,COSTA RICA: Primera Division - Apertura,Alajuelense,Inter San Carlos,1789945200,1187,1.68,3.4,5.2,,,
2026-09-21,2026-09-21T07:18:04Z,2Hcjyvh5,futbol,COSTA RICA: Primera Division - Apertura,Alajuelense,Inter San Carlos,1789945200,1207,1.66,3.33,5.1,,,
2026-09-21,2026-09-21T07:18:04Z,2Hcjyvh5,futbol,COSTA RICA: Primera Division - Apertura,Alajuelense,Inter San Carlos,1789945200,575,1.69,3.85,5.44,,,
2026-09-21,2026-09-21T07:18:04Z,2Hcjyvh5,futbol,COSTA RICA: Primera Division - Apertura,Alajuelense,Inter San Carlos,1789945200,925,1.7,3.8,4.62,,,
2026-09-21,2026-09-21T07:18:04Z,MPtyuMht,futbol,COSTA RICA: Primera Division - Apertura,San Carlos,Cartagines,1789952400,1187,3.3,2.95,2.28,,,
2026-09-21,2026-09-21T07:18:04Z,MPtyuMht,futbol,COSTA RICA: Primera Division - Apertura,San Carlos,Cartagines,1789952400,1207,3.23,2.89,2.24,,,
2026-09-21,2026-09-21T07:18:04Z,MPtyuMht,futbol,COSTA RICA: Primera Division - Apertura,San Carlos,Cartagines,1789952400,575,3.43,3.07,2.41,,,
2026-09-21,2026-09-21T07:18:04Z,MPtyuMht,futbol,COSTA RICA: Primera Division - Apertura,San Carlos,Cartagines,1789952400,925,3.37,3.06,2.25,,,
2026-09-21,2026-09-21T07:18:04Z,nuzYy5Cs,futbol,DENMARK: 1st Division,Koge,Hobro,1790010000,1187,2.43,3.47,2.7,,,
2026-09-21,2026-09-21T07:18:04Z,nuzYy5Cs,futbol,DENMARK: 1st Division,Koge,Hobro,1790010000,1207,2.36,3.37,2.63,,,
2026-09-21,2026-09-21T07:18:04Z,nuzYy5Cs,futbol,DENMARK: 1st Division,Koge,Hobro,1790010000,575,2.5,3.6,2.93,,,
2026-09-21,2026-09-21T07:18:04Z,nuzYy5Cs,futbol,DENMARK: 1st Division,Koge,Hobro,1790010000,925,2.4,3.38,2.68,,,
2026-09-21,2026-09-21T07:18:04Z,lYFhUpoL,futbol,DOMINICAN REPUBLIC: LDF,Cibao,Universidad O&M,1789941600,1187,1.61,3.91,5.0,,,
2026-09-21,2026-09-21T07:18:04Z,lYFhUpoL,futbol,DOMINICAN REPUBLIC: LDF,Cibao,Universidad O&M,1789941600,925,1.64,3.86,4.96,,,
2026-09-21,2026-09-21T07:18:04Z,zklQsu3F,futbol,ECUADOR: Liga Pro - Championship Group,LDU Quito,U. Catolica,1789947000,1187,2.0,3.41,3.6,,,
2026-09-21,2026-09-21T07:18:04Z,zklQsu3F,futbol,ECUADOR: Liga Pro - Championship Group,LDU Quito,U. Catolica,1789947000,1207,1.95,3.32,3.47,,,
2026-09-21,2026-09-21T07:18:04Z,zklQsu3F,futbol,ECUADOR: Liga Pro - Championship Group,LDU Quito,U. Catolica,1789947000,575,2.09,3.35,3.79,,,
2026-09-21,2026-09-21T07:18:04Z,zklQsu3F,futbol,ECUADOR: Liga Pro - Championship Group,LDU Quito,U. Catolica,1789947000,925,2.09,3.29,3.49,,,
2026-09-21,2026-09-21T07:18:04Z,pO7eqXMM,futbol,ECUADOR: Liga Pro - Relegation Group,Manta,Orense,1790017200,1187,2.46,3.04,2.86,2.55,3.14,2.96
2026-09-21,2026-09-21T07:18:04Z,pO7eqXMM,futbol,ECUADOR: Liga Pro - Relegation Group,Manta,Orense,1790017200,1207,2.39,2.94,2.77,2.55,3.14,2.96
2026-09-21,2026-09-21T07:18:04Z,pO7eqXMM,futbol,ECUADOR: Liga Pro - Relegation Group,Manta,Orense,1790017200,575,2.63,3.15,2.96,2.55,3.14,2.96
2026-09-21,2026-09-21T07:18:04Z,pO7eqXMM,futbol,ECUADOR: Liga Pro - Relegation Group,Manta,Orense,1790017200,925,2.53,3.06,2.88,2.55,3.14,2.96
2026-09-21,2026-09-21T07:18:04Z,AmplmbMi,futbol,EL SALVADOR: Primera Division - Apertura,Luis Angel Firpo,Atletico Balboa,1789947000,1187,1.83,3.5,4.0,,,
2026-09-21,2026-09-21T07:18:04Z,AmplmbMi,futbol,EL SALVADOR: Primera Division - Apertura,Luis Angel Firpo,Atletico Balboa,1789947000,575,1.84,3.67,4.15,,,
2026-09-21,2026-09-21T07:18:04Z,AmplmbMi,futbol,EL SALVADOR: Primera Division - Apertura,Luis Angel Firpo,Atletico Balboa,1789947000,925,1.84,3.66,3.96,,,
2026-09-21,2026-09-21T07:18:04Z,rXC8NKrp,futbol,ENGLAND: Southern League Premier Central,Redditch,Racing Club Warwick,1790016300,1187,1.88,3.41,3.69,,,
2026-09-21,2026-09-21T07:18:04Z,rXC8NKrp,futbol,ENGLAND: Southern League Premier Central,Redditch,Racing Club Warwick,1790016300,575,1.87,3.4,3.65,,,
2026-09-21,2026-09-21T07:18:04Z,rXC8NKrp,futbol,ENGLAND: Southern League Premier Central,Redditch,Racing Club Warwick,1790016300,925,1.81,3.42,3.78,,,
2026-09-21,2026-09-21T07:18:04Z,SClFPgI7,futbol,ENGLAND: Premier League 2,Bournemouth U21,Stoke City U21,1790013600,1187,1.64,5.1,3.7,,,
2026-09-21,2026-09-21T07:18:04Z,SClFPgI7,futbol,ENGLAND: Premier League 2,Bournemouth U21,Stoke City U21,1790013600,575,1.63,5.06,3.95,,,
2026-09-21,2026-09-21T07:18:04Z,SClFPgI7,futbol,ENGLAND: Premier League 2,Bournemouth U21,Stoke City U21,1790013600,925,1.53,4.65,4.18,,,
2026-09-21,2026-09-21T07:18:04Z,StUY66Ii,futbol,ENGLAND: Professional Development League,Bolton U21,QPR U21,1789992000,1187,1.9,4.2,3.19,,,
2026-09-21,2026-09-21T07:18:04Z,StUY66Ii,futbol,ENGLAND: Professional Development League,Bolton U21,QPR U21,1789992000,575,1.94,4.16,3.14,,,
2026-09-21,2026-09-21T07:18:04Z,StUY66Ii,futbol,ENGLAND: Professional Development League,Bolton U21,QPR U21,1789992000,925,1.87,4.05,3.06,,,
2026-09-21,2026-09-21T07:18:04Z,4YN4aD3t,futbol,ESTONIA: Esiliiga,Nomme Kalju U21,Nomme Utd U21,1790001000,1187,3.47,4.4,1.77,,,
2026-09-21,2026-09-21T07:18:04Z,4YN4aD3t,futbol,ESTONIA: Esiliiga,Nomme Kalju U21,Nomme Utd U21,1790001000,575,3.2,4.0,1.69,,,
2026-09-21,2026-09-21T07:18:04Z,4YN4aD3t,futbol,ESTONIA: Esiliiga,Nomme Kalju U21,Nomme Utd U21,1790001000,925,3.63,4.15,1.69,,,
2026-09-21,2026-09-21T07:18:04Z,S2rc7JV6,futbol,GEORGIA: Crystalbet Erovnuli Liga,Spaeri,Dila Gori,1790010000,1187,2.74,3.47,2.34,2.73,3.43,2.31
2026-09-21,2026-09-21T07:18:04Z,S2rc7JV6,futbol,GEORGIA: Crystalbet Erovnuli Liga,Spaeri,Dila Gori,1790010000,1207,2.69,3.41,2.3,2.73,3.43,2.31
2026-09-21,2026-09-21T07:18:04Z,S2rc7JV6,futbol,GEORGIA: Crystalbet Erovnuli Liga,Spaeri,Dila Gori,1790010000,575,2.81,3.43,2.31,2.73,3.43,2.31
2026-09-21,2026-09-21T07:18:04Z,S2rc7JV6,futbol,GEORGIA: Crystalbet Erovnuli Liga,Spaeri,Dila Gori,1790010000,925,2.77,3.28,2.26,2.73,3.43,2.31
2026-09-21,2026-09-21T07:18:04Z,Yub9kFOk,futbol,GERMANY: Regionalliga West,Paderborn II,Dortmund II,1790006400,1187,2.78,3.45,2.25,,,
2026-09-21,2026-09-21T07:18:04Z,Yub9kFOk,futbol,GERMANY: Regionalliga West,Paderborn II,Dortmund II,1790006400,575,2.94,3.75,2.14,,,
2026-09-21,2026-09-21T07:18:04Z,Yub9kFOk,futbol,GERMANY: Regionalliga West,Paderborn II,Dortmund II,1790006400,925,2.92,3.36,2.13,,,
2026-09-21,2026-09-21T07:18:04Z,lz15JoxK,futbol,GERMANY: Bundesliga Women,Werder Bremen W,Stuttgart W,1790006400,1187,1.89,3.56,3.51,,,
2026-09-21,2026-09-21T07:18:04Z,lz15JoxK,futbol,GERMANY: Bundesliga Women,Werder Bremen W,Stuttgart W,1790006400,1207,1.86,3.47,3.41,,,
2026-09-21,2026-09-21T07:18:04Z,lz15JoxK,futbol,GERMANY: Bundesliga Women,Werder Bremen W,Stuttgart W,1790006400,575,1.74,3.6,3.35,,,
2026-09-21,2026-09-21T07:18:04Z,lz15JoxK,futbol,GERMANY: Bundesliga Women,Werder Bremen W,Stuttgart W,1790006400,925,1.82,3.64,3.51,,,
2026-09-21,2026-09-21T07:18:04Z,r7ym7sCD,futbol,GHANA: Division One League,Great Olympics,ADVSA,1790002800,1187,3.58,3.08,2.1,,,
2026-09-21,2026-09-21T07:18:04Z,r7ym7sCD,futbol,GHANA: Division One League,Great Olympics,ADVSA,1790002800,925,3.67,2.95,2.01,,,
2026-09-21,2026-09-21T07:18:04Z,MsvZrcvg,futbol,GREECE: Super League 2,Pyrgos,AEL Larissa,1789995600,1187,4.3,3.21,1.87,,,
2026-09-21,2026-09-21T07:18:04Z,MsvZrcvg,futbol,GREECE: Super League 2,Pyrgos,AEL Larissa,1789995600,575,4.16,3.12,1.89,,,
2026-09-21,2026-09-21T07:18:04Z,MsvZrcvg,futbol,GREECE: Super League 2,Pyrgos,AEL Larissa,1789995600,925,4.27,3.14,1.8,,,
2026-09-21,2026-09-21T07:18:04Z,lUuRpJ9t,futbol,GREECE: Super League 2,Panthrakikos,Niki Volos,1789999200,1187,3.98,3.58,1.82,,,
2026-09-21,2026-09-21T07:18:04Z,lUuRpJ9t,futbol,GREECE: Super League 2,Panthrakikos,Niki Volos,1789999200,575,3.95,3.45,1.79,,,
2026-09-21,2026-09-21T07:18:04Z,lUuRpJ9t,futbol,GREECE: Super League 2,Panthrakikos,Niki Volos,1789999200,925,4.42,3.4,1.7,,,
2026-09-21,2026-09-21T07:18:04Z,8bxssy95,futbol,GREECE: Super League 2,PAOK B,Chrisoupolis,1789999200,1187,2.06,3.33,3.39,,,
2026-09-21,2026-09-21T07:18:04Z,8bxssy95,futbol,GREECE: Super League 2,PAOK B,Chrisoupolis,1789999200,575,2.06,3.16,3.4,,,
2026-09-21,2026-09-21T07:18:04Z,8bxssy95,futbol,GREECE: Super League 2,PAOK B,Chrisoupolis,1789999200,925,2.02,3.13,3.41,,,
2026-09-21,2026-09-21T07:18:04Z,zBXUZ7YF,futbol,GUATEMALA: Liga Nacional - Apertura,Suchitepequez,Xelaju,1789945200,1187,2.4,3.35,2.74,,,
2026-09-21,2026-09-21T07:18:04Z,zBXUZ7YF,futbol,GUATEMALA: Liga Nacional - Apertura,Suchitepequez,Xelaju,1789945200,1207,2.36,3.29,2.69,,,
2026-09-21,2026-09-21T07:18:04Z,zBXUZ7YF,futbol,GUATEMALA: Liga Nacional - Apertura,Suchitepequez,Xelaju,1789945200,575,2.42,3.36,2.72,,,
2026-09-21,2026-09-21T07:18:04Z,zBXUZ7YF,futbol,GUATEMALA: Liga Nacional - Apertura,Suchitepequez,Xelaju,1789945200,925,2.41,3.25,2.88,,,
2026-09-21,2026-09-21T07:18:04Z,8OVxYo3S,futbol,GUATEMALA: Liga Nacional - Apertura,Malacateco,Deportivo Mixco,1789952400,1187,1.68,3.47,4.4,,,
2026-09-21,2026-09-21T07:18:04Z,8OVxYo3S,futbol,GUATEMALA: Liga Nacional - Apertura,Malacateco,Deportivo Mixco,1789952400,1207,1.66,3.4,4.3,,,
2026-09-21,2026-09-21T07:18:04Z,8OVxYo3S,futbol,GUATEMALA: Liga Nacional - Apertura,Malacateco,Deportivo Mixco,1789952400,575,1.72,3.71,4.62,,,
2026-09-21,2026-09-21T07:18:04Z,8OVxYo3S,futbol,GUATEMALA: Liga Nacional - Apertura,Malacateco,Deportivo Mixco,1789952400,925,1.76,3.61,4.48,,,
2026-09-21,2026-09-21T07:18:04Z,8teMCYcc,futbol,HONDURAS: Liga Nacional - Apertura,Olimpia,Atletico Independiente,1789946100,1187,1.36,4.75,7.5,,,
2026-09-21,2026-09-21T07:18:04Z,8teMCYcc,futbol,HONDURAS: Liga Nacional - Apertura,Olimpia,Atletico Independiente,1789946100,1207,1.34,4.6,7.3,,,
2026-09-21,2026-09-21T07:18:04Z,8teMCYcc,futbol,HONDURAS: Liga Nacional - Apertura,Olimpia,Atletico Independiente,1789946100,575,1.3,4.61,7.99,,,
2026-09-21,2026-09-21T07:18:04Z,8teMCYcc,futbol,HONDURAS: Liga Nacional - Apertura,Olimpia,Atletico Independiente,1789946100,925,1.37,5.43,6.52,,,
2026-09-21,2026-09-21T07:18:04Z,Gn8zkV5j,futbol,HONDURAS: Liga Nacional - Apertura,Juticalpa,Marathon,1789954200,1187,5.7,4.1,1.51,,,
2026-09-21,2026-09-21T07:18:04Z,Gn8zkV5j,futbol,HONDURAS: Liga Nacional - Apertura,Juticalpa,Marathon,1789954200,1207,5.6,3.98,1.5,,,
2026-09-21,2026-09-21T07:18:04Z,Gn8zkV5j,futbol,HONDURAS: Liga Nacional - Apertura,Juticalpa,Marathon,1789954200,575,6.71,3.79,1.5,,,
2026-09-21,2026-09-21T07:18:04Z,Gn8zkV5j,futbol,HONDURAS: Liga Nacional - Apertura,Juticalpa,Marathon,1789954200,925,5.24,4.54,1.52,,,
2026-09-21,2026-09-21T07:18:04Z,SlWyRy2c,futbol,ITALY: Serie C - Group A,Dolomiti Bellunesi,Lumezzane,1790015400,1207,2.07,2.87,3.36,2.16,3.01,3.55
2026-09-21,2026-09-21T07:18:04Z,SlWyRy2c,futbol,ITALY: Serie C - Group A,Dolomiti Bellunesi,Lumezzane,1790015400,575,2.16,3.2,3.62,2.16,3.01,3.55
2026-09-21,2026-09-21T07:18:04Z,SlWyRy2c,futbol,ITALY: Serie C - Group A,Dolomiti Bellunesi,Lumezzane,1790015400,925,2.1,2.94,3.42,2.16,3.01,3.55
2026-09-21,2026-09-21T07:18:04Z,bZmRO6xR,futbol,ITALY: Serie C - Group A,Trento,Pro Vercelli,1790015400,1207,1.71,3.3,4.3,,,
2026-09-21,2026-09-21T07:18:04Z,bZmRO6xR,futbol,ITALY: Serie C - Group A,Trento,Pro Vercelli,1790015400,575,1.82,3.6,4.62,,,
2026-09-21,2026-09-21T07:18:04Z,bZmRO6xR,futbol,ITALY: Serie C - Group A,Trento,Pro Vercelli,1790015400,925,1.68,3.32,4.73,,,
2026-09-21,2026-09-21T07:18:04Z,UHvcJp0l,futbol,ITALY: Serie C - Group A,Treviso,Desenzano,1790015400,1207,2.02,2.78,3.65,2.1,2.92,3.86
2026-09-21,2026-09-21T07:18:04Z,UHvcJp0l,futbol,ITALY: Serie C - Group A,Treviso,Desenzano,1790015400,575,2.11,3.2,3.86,2.1,2.92,3.86
2026-09-21,2026-09-21T07:18:04Z,UHvcJp0l,futbol,ITALY: Serie C - Group A,Treviso,Desenzano,1790015400,925,1.99,2.85,3.92,2.1,2.92,3.86
2026-09-21,2026-09-21T07:18:04Z,zRDJ2qnD,futbol,ITALY: Serie C - Group B,Guidonia,Livorno,1790015400,1207,2.29,2.79,2.99,,,
2026-09-21,2026-09-21T07:18:04Z,zRDJ2qnD,futbol,ITALY: Serie C - Group B,Guidonia,Livorno,1790015400,575,2.37,3.05,3.2,,,
2026-09-21,2026-09-21T07:18:04Z,zRDJ2qnD,futbol,ITALY: Serie C - Group B,Guidonia,Livorno,1790015400,925,2.28,2.88,3.11,,,
2026-09-21,2026-09-21T07:18:04Z,tO05QnvK,futbol,ITALY: Serie C - Group B,Pianese,Sambenedettese,1790015400,1207,2.28,2.69,3.23,2.38,2.79,3.34
2026-09-21,2026-09-21T07:18:04Z,tO05QnvK,futbol,ITALY: Serie C - Group B,Pianese,Sambenedettese,1790015400,575,2.38,3.0,3.38,2.38,2.79,3.34
2026-09-21,2026-09-21T07:18:04Z,tO05QnvK,futbol,ITALY: Serie C - Group B,Pianese,Sambenedettese,1790015400,925,2.28,2.79,3.22,2.38,2.79,3.34
2026-09-21,2026-09-21T07:18:04Z,pKkqJ4Wg,futbol,ITALY: Serie C - Group B,Spezia,Vis Pesaro,1790015400,1207,1.21,5.4,9.3,1.2268,5.87,10.46
2026-09-21,2026-09-21T07:18:04Z,pKkqJ4Wg,futbol,ITALY: Serie C - Group B,Spezia,Vis Pesaro,1790015400,575,1.24,5.87,10.54,1.2268,5.87,10.46
2026-09-21,2026-09-21T07:18:04Z,pKkqJ4Wg,futbol,ITALY: Serie C - Group B,Spezia,Vis Pesaro,1790015400,925,1.18,5.4,12.9,1.2268,5.87,10.46
2026-09-21,2026-09-21T07:18:04Z,KAPosFfm,futbol,ITALY: Serie D - Group A,Fezzanese,Gozzano,1789993800,925,2.22,3.2,3.22,,,
2026-09-21,2026-09-21T07:18:04Z,lvPUMzDO,futbol,ITALY: Serie D - Group B,Chievo,Ciserano-Bergamo,1790016300,925,1.68,3.4,5.37,,,
2026-09-21,2026-09-21T07:18:04Z,xrQFuAjK,futbol,MEXICO: Liga MX - Apertura,Pachuca,Club Tijuana,1789948800,1187,1.68,3.93,5.0,,,
2026-09-21,2026-09-21T07:18:04Z,xrQFuAjK,futbol,MEXICO: Liga MX - Apertura,Pachuca,Club Tijuana,1789948800,1207,1.63,3.69,4.7,,,
2026-09-21,2026-09-21T07:18:04Z,xrQFuAjK,futbol,MEXICO: Liga MX - Apertura,Pachuca,Club Tijuana,1789948800,575,1.71,3.97,5.01,,,
2026-09-21,2026-09-21T07:18:04Z,xrQFuAjK,futbol,MEXICO: Liga MX - Apertura,Pachuca,Club Tijuana,1789948800,925,1.71,3.74,5.29,,,
2026-09-21,2026-09-21T07:18:04Z,YDBozlEs,futbol,MEXICO: Liga MX - Apertura,Toluca,Santos Laguna,1789948800,1187,1.2,7.2,12.0,,,
2026-09-21,2026-09-21T07:18:04Z,YDBozlEs,futbol,MEXICO: Liga MX - Apertura,Toluca,Santos Laguna,1789948800,1207,1.17,6.4,11.0,,,
2026-09-21,2026-09-21T07:18:04Z,YDBozlEs,futbol,MEXICO: Liga MX - Apertura,Toluca,Santos Laguna,1789948800,575,1.23,7.4,12.69,,,
2026-09-21,2026-09-21T07:18:04Z,YDBozlEs,futbol,MEXICO: Liga MX - Apertura,Toluca,Santos Laguna,1789948800,925,1.23,7.07,11.1,,,
2026-09-21,2026-09-21T07:18:04Z,tvFgYRrf,futbol,MEXICO: Liga MX - Apertura,Queretaro,Club Leon,1789956600,1187,2.84,3.45,2.46,,,
2026-09-21,2026-09-21T07:18:04Z,tvFgYRrf,futbol,MEXICO: Liga MX - Apertura,Queretaro,Club Leon,1789956600,1207,2.71,3.26,2.36,,,
2026-09-21,2026-09-21T07:18:04Z,tvFgYRrf,futbol,MEXICO: Liga MX - Apertura,Queretaro,Club Leon,1789956600,575,2.84,3.51,2.62,,,
2026-09-21,2026-09-21T07:18:04Z,tvFgYRrf,futbol,MEXICO: Liga MX - Apertura,Queretaro,Club Leon,1789956600,925,3.1,3.45,2.34,,,
2026-09-21,2026-09-21T07:18:04Z,vibK0xwR,futbol,MEXICO: Liga de Expansion MX - Apertura,Tapatio,Tlaxcala,1789945200,1187,1.79,3.84,3.98,,,
2026-09-21,2026-09-21T07:18:04Z,vibK0xwR,futbol,MEXICO: Liga de Expansion MX - Apertura,Tapatio,Tlaxcala,1789945200,1207,1.81,3.63,3.69,,,
2026-09-21,2026-09-21T07:18:04Z,vibK0xwR,futbol,MEXICO: Liga de Expansion MX - Apertura,Tapatio,Tlaxcala,1789945200,575,1.95,3.81,3.87,,,
2026-09-21,2026-09-21T07:18:04Z,vibK0xwR,futbol,MEXICO: Liga de Expansion MX - Apertura,Tapatio,Tlaxcala,1789945200,925,1.78,3.75,4.15,,,
2026-09-21,2026-09-21T07:18:04Z,px79fsfo,futbol,MEXICO: Liga Premier Serie A,Apodaca,Guerreros de Autlan,1789941600,1187,2.57,3.45,2.5,,,
2026-09-21,2026-09-21T07:18:04Z,px79fsfo,futbol,MEXICO: Liga Premier Serie A,Apodaca,Guerreros de Autlan,1789941600,575,2.29,3.35,2.42,,,
2026-09-21,2026-09-21T07:18:04Z,px79fsfo,futbol,MEXICO: Liga Premier Serie A,Apodaca,Guerreros de Autlan,1789941600,925,2.52,3.59,2.46,,,
2026-09-21,2026-09-21T07:18:04Z,b3LXFVg4,futbol,MEXICO: Liga Premier Serie A,Delfines Coatzacoalcos,Real Refineros,1789941600,1187,2.45,3.51,2.59,,,
2026-09-21,2026-09-21T07:18:04Z,b3LXFVg4,futbol,MEXICO: Liga Premier Serie A,Delfines Coatzacoalcos,Real Refineros,1789941600,925,2.38,3.34,2.49,,,
2026-09-21,2026-09-21T07:18:04Z,Ys7rf1IF,futbol,MEXICO: Liga MX Women - Apertura,Atl. San Luis W,Pachuca W,1789945200,1187,4.9,4.3,1.56,,,
2026-09-21,2026-09-21T07:18:04Z,Ys7rf1IF,futbol,MEXICO: Liga MX Women - Apertura,Atl. San Luis W,Pachuca W,1789945200,1207,4.75,4.2,1.54,,,
2026-09-21,2026-09-21T07:18:04Z,Ys7rf1IF,futbol,MEXICO: Liga MX Women - Apertura,Atl. San Luis W,Pachuca W,1789945200,575,4.96,4.42,1.57,,,
2026-09-21,2026-09-21T07:18:04Z,Ys7rf1IF,futbol,MEXICO: Liga MX Women - Apertura,Atl. San Luis W,Pachuca W,1789945200,925,4.51,4.51,1.6,,,
2026-09-21,2026-09-21T07:18:04Z,t8AjhumS,futbol,MEXICO: Liga MX Women - Apertura,Atlante W,Queretaro W,1790027100,1187,1.98,3.47,3.31,,,
2026-09-21,2026-09-21T07:18:04Z,t8AjhumS,futbol,MEXICO: Liga MX Women - Apertura,Atlante W,Queretaro W,1790027100,1207,1.95,3.38,3.23,,,
2026-09-21,2026-09-21T07:18:04Z,t8AjhumS,futbol,MEXICO: Liga MX Women - Apertura,Atlante W,Queretaro W,1790027100,575,2.06,3.6,2.81,,,
2026-09-21,2026-09-21T07:18:04Z,t8AjhumS,futbol,MEXICO: Liga MX Women - Apertura,Atlante W,Queretaro W,1790027100,925,1.82,3.62,3.53,,,
2026-09-21,2026-09-21T07:18:04Z,vkq5nRqB,futbol,NICARAGUA: Liga Primera - Apertura,Rancho Santana,Managua FC,1789945200,1187,6.5,4.75,1.4,,,
2026-09-21,2026-09-21T07:18:04Z,vkq5nRqB,futbol,NICARAGUA: Liga Primera - Apertura,Rancho Santana,Managua FC,1789945200,575,6.44,4.65,1.39,,,
2026-09-21,2026-09-21T07:18:04Z,vkq5nRqB,futbol,NICARAGUA: Liga Primera - Apertura,Rancho Santana,Managua FC,1789945200,925,7.57,4.87,1.37,,,
2026-09-21,2026-09-21T07:18:04Z,IsjJnn6D,futbol,NORWAY: Division 3 - Group 2,Nardo,Ranheim 2,1790010000,1187,1.78,4.5,3.36,,,
2026-09-21,2026-09-21T07:18:04Z,IsjJnn6D,futbol,NORWAY: Division 3 - Group 2,Nardo,Ranheim 2,1790010000,575,1.7,4.1,3.11,,,
2026-09-21,2026-09-21T07:18:04Z,IsjJnn6D,futbol,NORWAY: Division 3 - Group 2,Nardo,Ranheim 2,1790010000,925,1.69,4.33,3.51,,,
2026-09-21,2026-09-21T07:18:04Z,Y5OcXY4e,futbol,NORWAY: Division 3 - Group 4,Odd 2,Stabaek 2,1789995600,1187,1.67,5.3,3.45,,,
2026-09-21,2026-09-21T07:18:04Z,Y5OcXY4e,futbol,NORWAY: Division 3 - Group 4,Odd 2,Stabaek 2,1789995600,575,1.61,5.01,3.35,,,
2026-09-21,2026-09-21T07:18:04Z,Y5OcXY4e,futbol,NORWAY: Division 3 - Group 4,Odd 2,Stabaek 2,1789995600,925,1.55,4.8,3.89,,,
2026-09-21,2026-09-21T07:18:04Z,nHUAIGFG,futbol,NORWAY: Division 3 - Group 6,Brumunddal,Sandefjord 2,1790006400,1187,4.33,6.9,1.42,,,
2026-09-21,2026-09-21T07:18:04Z,nHUAIGFG,futbol,NORWAY: Division 3 - Group 6,Brumunddal,Sandefjord 2,1790006400,575,4.09,6.49,1.37,,,
2026-09-21,2026-09-21T07:18:04Z,nHUAIGFG,futbol,NORWAY: Division 3 - Group 6,Brumunddal,Sandefjord 2,1790006400,925,6.25,6.0,1.28,,,
2026-09-21,2026-09-21T07:18:04Z,Wb89NpO8,futbol,PANAMA: LPF - Apertura,Independiente,Miguelito,1789946100,1187,2.97,2.57,2.83,,,
2026-09-21,2026-09-21T07:18:04Z,Wb89NpO8,futbol,PANAMA: LPF - Apertura,Independiente,Miguelito,1789946100,1207,2.92,2.52,2.77,,,
2026-09-21,2026-09-21T07:18:04Z,Wb89NpO8,futbol,PANAMA: LPF - Apertura,Independiente,Miguelito,1789946100,575,2.98,2.83,2.83,,,
2026-09-21,2026-09-21T07:18:04Z,Wb89NpO8,futbol,PANAMA: LPF - Apertura,Independiente,Miguelito,1789946100,925,2.5,3.16,2.84,,,
2026-09-21,2026-09-21T07:18:04Z,vkRPqBfn,futbol,PORTUGAL: Liga Next Gen U23,Vizela U23,SC Farense U23,1789984800,1187,2.57,3.32,2.57,,,
2026-09-21,2026-09-21T07:18:04Z,vkRPqBfn,futbol,PORTUGAL: Liga Next Gen U23,Vizela U23,SC Farense U23,1789984800,575,2.54,3.5,2.59,,,
2026-09-21,2026-09-21T07:18:04Z,vkRPqBfn,futbol,PORTUGAL: Liga Next Gen U23,Vizela U23,SC Farense U23,1789984800,925,2.48,3.22,2.45,,,
2026-09-21,2026-09-21T07:18:04Z,hCXutTgB,futbol,PORTUGAL: Liga Next Gen U23,Leiria U23,Gil Vicente U23,1790002800,1187,2.46,3.52,2.57,,,
2026-09-21,2026-09-21T07:18:04Z,hCXutTgB,futbol,PORTUGAL: Liga Next Gen U23,Leiria U23,Gil Vicente U23,1790002800,575,2.63,3.5,2.99,,,
2026-09-21,2026-09-21T07:18:04Z,hCXutTgB,futbol,PORTUGAL: Liga Next Gen U23,Leiria U23,Gil Vicente U23,1790002800,925,2.12,3.6,2.94,,,
2026-09-21,2026-09-21T07:18:04Z,zLhkIE5c,futbol,PORTUGAL: Liga BPI Women,Porto W,Braga W,1790010000,1187,2.45,3.35,2.49,,,
2026-09-21,2026-09-21T07:18:04Z,zLhkIE5c,futbol,PORTUGAL: Liga BPI Women,Porto W,Braga W,1790010000,1207,2.41,3.28,2.44,,,
2026-09-21,2026-09-21T07:18:04Z,zLhkIE5c,futbol,PORTUGAL: Liga BPI Women,Porto W,Braga W,1790010000,925,2.43,3.36,2.42,,,
2026-09-21,2026-09-21T07:18:04Z,fP1hUK6F,futbol,ROMANIA: Superliga,Otelul,Corvinul,1790002800,1187,2.56,2.85,3.04,,,
2026-09-21,2026-09-21T07:18:04Z,fP1hUK6F,futbol,ROMANIA: Superliga,Otelul,Corvinul,1790002800,1207,2.5,2.77,2.95,,,
2026-09-21,2026-09-21T07:18:04Z,fP1hUK6F,futbol,ROMANIA: Superliga,Otelul,Corvinul,1790002800,575,2.63,3.1,3.26,,,
2026-09-21,2026-09-21T07:18:04Z,fP1hUK6F,futbol,ROMANIA: Superliga,Otelul,Corvinul,1790002800,925,2.52,2.9,2.96,,,
2026-09-21,2026-09-21T07:18:04Z,f5Bb8wpd,futbol,ROMANIA: Superliga,Petrolul,Csikszereda M. Ciuc,1790013600,1187,1.7,3.76,4.6,,,
2026-09-21,2026-09-21T07:18:04Z,f5Bb8wpd,futbol,ROMANIA: Superliga,Petrolul,Csikszereda M. Ciuc,1790013600,1207,1.67,3.63,4.5,,,
2026-09-21,2026-09-21T07:18:04Z,f5Bb8wpd,futbol,ROMANIA: Superliga,Petrolul,Csikszereda M. Ciuc,1790013600,575,1.8,3.85,4.75,,,
2026-09-21,2026-09-21T07:18:04Z,f5Bb8wpd,futbol,ROMANIA: Superliga,Petrolul,Csikszereda M. Ciuc,1790013600,925,1.7,3.64,4.64,,,
2026-09-21,2026-09-21T07:18:04Z,469M428t,futbol,RUSSIA: FNL 2 - Division A Gold - Fall Season,Kirov,Saratov,1789997400,1187,1.64,3.51,4.9,,,
2026-09-21,2026-09-21T07:18:04Z,469M428t,futbol,RUSSIA: FNL 2 - Division A Gold - Fall Season,Kirov,Saratov,1789997400,575,1.58,3.55,4.25,,,
2026-09-21,2026-09-21T07:18:04Z,469M428t,futbol,RUSSIA: FNL 2 - Division A Gold - Fall Season,Kirov,Saratov,1789997400,925,1.61,3.5,4.98,,,
2026-09-21,2026-09-21T07:18:04Z,KdGx1K75,futbol,RUSSIA: FNL 2 - Division A Gold - Fall Season,Mashuk,Volgar-Astrakhan,1789997400,1187,1.98,3.23,3.52,,,
2026-09-21,2026-09-21T07:18:04Z,KdGx1K75,futbol,RUSSIA: FNL 2 - Division A Gold - Fall Season,Mashuk,Volgar-Astrakhan,1789997400,575,2.0,3.15,3.05,,,
2026-09-21,2026-09-21T07:18:04Z,KdGx1K75,futbol,RUSSIA: FNL 2 - Division A Gold - Fall Season,Mashuk,Volgar-Astrakhan,1789997400,925,1.96,3.22,3.47,,,
2026-09-21,2026-09-21T07:18:04Z,vHsFw0TN,futbol,RUSSIA: FNL 2 - Division A Silver - Fall Season,Amkar,Dynamo Moscow 2,1789995600,1187,1.25,6.7,6.6,,,
2026-09-21,2026-09-21T07:18:04Z,vHsFw0TN,futbol,RUSSIA: FNL 2 - Division A Silver - Fall Season,Amkar,Dynamo Moscow 2,1789995600,575,1.23,5.3,6.6,,,
2026-09-21,2026-09-21T07:18:04Z,vHsFw0TN,futbol,RUSSIA: FNL 2 - Division A Silver - Fall Season,Amkar,Dynamo Moscow 2,1789995600,925,1.23,6.4,7.17,,,
2026-09-21,2026-09-21T07:18:04Z,foFNy20c,futbol,RUSSIA: FNL 2 - Division B - Group 2,Chertanovo M.,Kosmos,1790006400,1187,1.53,3.99,5.1,,,
2026-09-21,2026-09-21T07:18:04Z,foFNy20c,futbol,RUSSIA: FNL 2 - Division B - Group 2,Chertanovo M.,Kosmos,1790006400,575,1.48,3.8,4.75,,,
2026-09-21,2026-09-21T07:18:04Z,foFNy20c,futbol,RUSSIA: FNL 2 - Division B - Group 2,Chertanovo M.,Kosmos,1790006400,925,1.59,4.0,4.72,,,
2026-09-21,2026-09-21T07:18:04Z,Kr3PyzV0,futbol,RUSSIA: FNL 2 - Division B - Group 3,Kvant,Kursk,1789992000,1187,5.1,4.9,1.43,,,
2026-09-21,2026-09-21T07:18:04Z,Kr3PyzV0,futbol,RUSSIA: FNL 2 - Division B - Group 3,Kvant,Kursk,1789992000,925,5.86,4.8,1.37,,,
2026-09-21,2026-09-21T07:18:04Z,4dfaDZwn,futbol,SERBIA: Mozzart Bet Prva Liga,TSC,Dubocica,1789999200,1187,1.15,6.9,15.0,,,
2026-09-21,2026-09-21T07:18:04Z,4dfaDZwn,futbol,SERBIA: Mozzart Bet Prva Liga,TSC,Dubocica,1789999200,1207,1.14,6.6,15.0,,,
2026-09-21,2026-09-21T07:18:04Z,4dfaDZwn,futbol,SERBIA: Mozzart Bet Prva Liga,TSC,Dubocica,1789999200,575,1.11,6.2,11.5,,,
2026-09-21,2026-09-21T07:18:04Z,4dfaDZwn,futbol,SERBIA: Mozzart Bet Prva Liga,TSC,Dubocica,1789999200,925,1.1,6.45,17.0,,,
2026-09-21,2026-09-21T07:18:04Z,S0tXcMUF,futbol,SERBIA: Mozzart Bet Prva Liga,Vrsac,Bor 1919,1789999200,1187,1.63,3.59,5.3,,,
2026-09-21,2026-09-21T07:18:04Z,S0tXcMUF,futbol,SERBIA: Mozzart Bet Prva Liga,Vrsac,Bor 1919,1789999200,1207,1.61,3.5,5.1,,,
2026-09-21,2026-09-21T07:18:04Z,S0tXcMUF,futbol,SERBIA: Mozzart Bet Prva Liga,Vrsac,Bor 1919,1789999200,575,1.5,3.65,4.75,,,
2026-09-21,2026-09-21T07:18:04Z,S0tXcMUF,futbol,SERBIA: Mozzart Bet Prva Liga,Vrsac,Bor 1919,1789999200,925,1.55,3.5,5.6,,,
2026-09-21,2026-09-21T07:18:04Z,Gbz4CLq9,futbol,SERBIA: Mozzart Bet Prva Liga,Javor,Proleter 023,1790006400,1187,1.17,6.2,13.0,,,
2026-09-21,2026-09-21T07:18:04Z,Gbz4CLq9,futbol,SERBIA: Mozzart Bet Prva Liga,Javor,Proleter 023,1790006400,1207,1.13,6.6,17.0,,,
2026-09-21,2026-09-21T07:18:04Z,Gbz4CLq9,futbol,SERBIA: Mozzart Bet Prva Liga,Javor,Proleter 023,1790006400,575,1.13,5.8,11.0,,,
2026-09-21,2026-09-21T07:18:04Z,Gbz4CLq9,futbol,SERBIA: Mozzart Bet Prva Liga,Javor,Proleter 023,1790006400,925,1.15,5.8,18.0,,,
2026-09-21,2026-09-21T07:18:04Z,Mc2yfDTs,futbol,SERBIA: Mozzart Bet Prva Liga,Jedinstvo U.,Loznica,1790006400,1187,2.59,3.18,2.63,,,
2026-09-21,2026-09-21T07:18:04Z,Mc2yfDTs,futbol,SERBIA: Mozzart Bet Prva Liga,Jedinstvo U.,Loznica,1790006400,1207,2.55,3.12,2.59,,,
2026-09-21,2026-09-21T07:18:04Z,Mc2yfDTs,futbol,SERBIA: Mozzart Bet Prva Liga,Jedinstvo U.,Loznica,1790006400,575,2.43,3.05,2.43,,,
2026-09-21,2026-09-21T07:18:04Z,Mc2yfDTs,futbol,SERBIA: Mozzart Bet Prva Liga,Jedinstvo U.,Loznica,1790006400,925,2.5,3.2,2.6,,,
2026-09-21,2026-09-21T07:18:04Z,0Evud0aS,futbol,SERBIA: Mozzart Bet Prva Liga,Metalac,Graficar Beograd,1790006400,1187,1.91,3.3,3.72,,,
2026-09-21,2026-09-21T07:18:04Z,0Evud0aS,futbol,SERBIA: Mozzart Bet Prva Liga,Metalac,Graficar Beograd,1790006400,1207,1.88,3.21,3.62,,,
2026-09-21,2026-09-21T07:18:04Z,0Evud0aS,futbol,SERBIA: Mozzart Bet Prva Liga,Metalac,Graficar Beograd,1790006400,575,1.92,3.15,3.2,,,
2026-09-21,2026-09-21T07:18:04Z,0Evud0aS,futbol,SERBIA: Mozzart Bet Prva Liga,Metalac,Graficar Beograd,1790006400,925,2.07,3.2,3.44,,,
2026-09-21,2026-09-21T07:18:04Z,2y4ijVS6,futbol,SERBIA: Mozzart Bet Prva Liga,Napredak,Smederevo,1790006400,1187,2.09,3.17,3.5,,,
2026-09-21,2026-09-21T07:18:04Z,2y4ijVS6,futbol,SERBIA: Mozzart Bet Prva Liga,Napredak,Smederevo,1790006400,1207,2.06,3.11,3.41,,,
2026-09-21,2026-09-21T07:18:04Z,2y4ijVS6,futbol,SERBIA: Mozzart Bet Prva Liga,Napredak,Smederevo,1790006400,575,2.03,3.05,3.05,,,
2026-09-21,2026-09-21T07:18:04Z,2y4ijVS6,futbol,SERBIA: Mozzart Bet Prva Liga,Napredak,Smederevo,1790006400,925,2.12,3.2,3.25,,,
2026-09-21,2026-09-21T07:18:04Z,UN5qhibf,futbol,SERBIA: Mozzart Bet Prva Liga,Sp. Subotica,Vozdovac,1790013600,1187,1.75,3.63,4.3,,,
2026-09-21,2026-09-21T07:18:04Z,UN5qhibf,futbol,SERBIA: Mozzart Bet Prva Liga,Sp. Subotica,Vozdovac,1790013600,1207,1.73,3.55,4.2,,,
2026-09-21,2026-09-21T07:18:04Z,UN5qhibf,futbol,SERBIA: Mozzart Bet Prva Liga,Sp. Subotica,Vozdovac,1790013600,575,1.65,3.45,3.9,,,
2026-09-21,2026-09-21T07:18:04Z,UN5qhibf,futbol,SERBIA: Mozzart Bet Prva Liga,Sp. Subotica,Vozdovac,1790013600,925,1.8,3.7,3.83,,,
2026-09-21,2026-09-21T07:18:04Z,rBcgFJS9,futbol,SLOVAKIA: 2. liga,Petrzalka,Pohronie,1790002800,1187,1.54,4.3,5.1,1.5208,4.23,5.04
2026-09-21,2026-09-21T07:18:04Z,rBcgFJS9,futbol,SLOVAKIA: 2. liga,Petrzalka,Pohronie,1790002800,575,1.52,4.23,5.04,1.5208,4.23,5.04
2026-09-21,2026-09-21T07:18:04Z,rBcgFJS9,futbol,SLOVAKIA: 2. liga,Petrzalka,Pohronie,1790002800,925,1.45,4.1,5.65,1.5208,4.23,5.04
2026-09-21,2026-09-21T07:18:04Z,IFTLECmo,futbol,SWEDEN: Division 1 - Norra,Arlanda,Hammarby TFF,1790010000,1187,4.1,3.95,1.69,,,
2026-09-21,2026-09-21T07:18:04Z,IFTLECmo,futbol,SWEDEN: Division 1 - Norra,Arlanda,Hammarby TFF,1790010000,575,4.03,3.91,1.7,,,
2026-09-21,2026-09-21T07:18:04Z,IFTLECmo,futbol,SWEDEN: Division 1 - Norra,Arlanda,Hammarby TFF,1790010000,925,4.19,3.72,1.67,,,
2026-09-21,2026-09-21T07:18:04Z,806XWB9T,futbol,SWEDEN: Division 1 - Norra,Vasalund,Assyriska FF,1790010000,1187,2.11,3.72,2.93,,,
2026-09-21,2026-09-21T07:18:04Z,806XWB9T,futbol,SWEDEN: Division 1 - Norra,Vasalund,Assyriska FF,1790010000,575,2.05,3.5,2.65,,,
2026-09-21,2026-09-21T07:18:04Z,806XWB9T,futbol,SWEDEN: Division 1 - Norra,Vasalund,Assyriska FF,1790010000,925,2.08,3.58,2.89,,,
2026-09-21,2026-09-21T07:18:04Z,b7nVSTen,futbol,SWEDEN: Division 1 - Södra,Angelholm,Eskilsminne,1790010000,1187,2.36,3.56,2.63,,,
2026-09-21,2026-09-21T07:18:04Z,b7nVSTen,futbol,SWEDEN: Division 1 - Södra,Angelholm,Eskilsminne,1790010000,575,2.35,3.52,2.62,,,
2026-09-21,2026-09-21T07:18:04Z,b7nVSTen,futbol,SWEDEN: Division 1 - Södra,Angelholm,Eskilsminne,1790010000,925,2.3,3.4,2.57,,,
2026-09-21,2026-09-21T07:18:04Z,0CK4C8B5,futbol,SWEDEN: Division 1 - Södra,Jonkoping,Skovde AIK,1790010000,1187,1.54,4.0,5.3,,,
2026-09-21,2026-09-21T07:18:04Z,0CK4C8B5,futbol,SWEDEN: Division 1 - Södra,Jonkoping,Skovde AIK,1790010000,575,1.53,4.0,5.23,,,
2026-09-21,2026-09-21T07:18:04Z,0CK4C8B5,futbol,SWEDEN: Division 1 - Södra,Jonkoping,Skovde AIK,1790010000,925,1.5,3.78,5.7,,,
2026-09-21,2026-09-21T07:18:04Z,8A8XWW7t,futbol,URUGUAY: Liga AUF Uruguaya - Clausura,Liverpool M.,Racing Montevideo,1789945200,1187,2.53,3.0,2.98,,,
2026-09-21,2026-09-21T07:18:04Z,8A8XWW7t,futbol,URUGUAY: Liga AUF Uruguaya - Clausura,Liverpool M.,Racing Montevideo,1789945200,1207,2.5,2.95,2.93,,,
2026-09-21,2026-09-21T07:18:04Z,8A8XWW7t,futbol,URUGUAY: Liga AUF Uruguaya - Clausura,Liverpool M.,Racing Montevideo,1789945200,575,2.59,3.08,3.01,,,
2026-09-21,2026-09-21T07:18:04Z,8A8XWW7t,futbol,URUGUAY: Liga AUF Uruguaya - Clausura,Liverpool M.,Racing Montevideo,1789945200,925,2.45,3.03,3.03,,,
2026-09-21,2026-09-21T07:18:04Z,prLWizsf,futbol,USA: MLS,Inter Miami,San Diego FC,1789945200,1187,1.38,5.5,6.3,,,
2026-09-21,2026-09-21T07:18:04Z,prLWizsf,futbol,USA: MLS,Inter Miami,San Diego FC,1789945200,1207,1.4,5.6,6.5,,,
2026-09-21,2026-09-21T07:18:04Z,prLWizsf,futbol,USA: MLS,Inter Miami,San Diego FC,1789945200,575,1.38,5.96,7.04,,,
2026-09-21,2026-09-21T07:18:04Z,prLWizsf,futbol,USA: MLS,Inter Miami,San Diego FC,1789945200,925,1.38,6.07,6.57,,,
2026-09-21,2026-09-21T07:18:04Z,tnnxsn95,futbol,USA: USL Championship,Sacramento Republic,San Antonio,1789945200,1187,1.82,3.31,4.4,,,
2026-09-21,2026-09-21T07:18:04Z,tnnxsn95,futbol,USA: USL Championship,Sacramento Republic,San Antonio,1789945200,1207,1.8,3.23,4.3,,,
2026-09-21,2026-09-21T07:18:04Z,tnnxsn95,futbol,USA: USL Championship,Sacramento Republic,San Antonio,1789945200,575,1.87,3.38,4.68,,,
2026-09-21,2026-09-21T07:18:04Z,tnnxsn95,futbol,USA: USL Championship,Sacramento Republic,San Antonio,1789945200,925,1.86,3.52,4.03,,,
2026-09-21,2026-09-21T07:18:04Z,b7vK4OIt,futbol,USA: USL League One,Spokane Velocity,Boise,1789945200,1187,2.71,3.18,2.53,,,
2026-09-21,2026-09-21T07:18:04Z,b7vK4OIt,futbol,USA: USL League One,Spokane Velocity,Boise,1789945200,1207,2.66,3.11,2.48,,,
2026-09-21,2026-09-21T07:18:04Z,b7vK4OIt,futbol,USA: USL League One,Spokane Velocity,Boise,1789945200,575,2.71,3.33,2.54,,,
2026-09-21,2026-09-21T07:18:04Z,b7vK4OIt,futbol,USA: USL League One,Spokane Velocity,Boise,1789945200,925,2.57,3.66,2.46,,,
2026-09-21,2026-09-21T07:18:04Z,jevnrbTg,futbol,USA: NWSL Women,Bay FC W,Racing Louisville W,1789945200,1187,1.69,4.2,4.0,,,
2026-09-21,2026-09-21T07:18:04Z,jevnrbTg,futbol,USA: NWSL Women,Bay FC W,Racing Louisville W,1789945200,1207,1.67,4.1,3.94,,,
2026-09-21,2026-09-21T07:18:04Z,jevnrbTg,futbol,USA: NWSL Women,Bay FC W,Racing Louisville W,1789945200,575,1.71,4.18,4.05,,,
2026-09-21,2026-09-21T07:18:04Z,jevnrbTg,futbol,USA: NWSL Women,Bay FC W,Racing Louisville W,1789945200,925,1.71,4.03,4.24,,,
2026-09-21,2026-09-21T07:18:04Z,O8xftxb6,futbol,USA: NWSL Women,Utah Royals W,Angel City W,1789945200,1187,2.41,3.58,2.6,,,
2026-09-21,2026-09-21T07:18:04Z,O8xftxb6,futbol,USA: NWSL Women,Utah Royals W,Angel City W,1789945200,1207,2.37,3.51,2.55,,,
2026-09-21,2026-09-21T07:18:04Z,O8xftxb6,futbol,USA: NWSL Women,Utah Royals W,Angel City W,1789945200,575,2.41,3.59,2.69,,,
2026-09-21,2026-09-21T07:18:04Z,O8xftxb6,futbol,USA: NWSL Women,Utah Royals W,Angel City W,1789945200,925,2.43,3.82,2.53,,,
2026-09-21,2026-09-21T07:18:04Z,ANvBK4GU,futbol,UZBEKISTAN: Super League,Xorazm Urganch,Qizilqum,1790003700,1187,2.09,3.11,3.56,,,
2026-09-21,2026-09-21T07:18:04Z,ANvBK4GU,futbol,UZBEKISTAN: Super League,Xorazm Urganch,Qizilqum,1790003700,575,2.1,3.12,3.58,,,
2026-09-21,2026-09-21T07:18:04Z,ANvBK4GU,futbol,UZBEKISTAN: Super League,Xorazm Urganch,Qizilqum,1790003700,925,2.11,3.14,3.61,,,
2026-09-21,2026-09-21T07:18:04Z,ht1TT74C,futbol,UZBEKISTAN: Pro Liga,Lochin,Respublika FA,1789988400,1187,1.64,3.91,4.7,1.5882,3.69,4.42
2026-09-21,2026-09-21T07:18:04Z,ht1TT74C,futbol,UZBEKISTAN: Pro Liga,Lochin,Respublika FA,1789988400,575,1.59,3.9,4.42,1.5882,3.69,4.42
2026-09-21,2026-09-21T07:18:04Z,ht1TT74C,futbol,UZBEKISTAN: Pro Liga,Lochin,Respublika FA,1789988400,925,1.56,3.8,4.91,1.5882,3.69,4.42
2026-09-21,2026-09-21T07:18:04Z,tK8swCsQ,futbol,UZBEKISTAN: Pro Liga,Pakhtakor II,Shortan Guzor,1789988400,1187,6.4,4.6,1.42,,,
2026-09-21,2026-09-21T07:18:04Z,tK8swCsQ,futbol,UZBEKISTAN: Pro Liga,Pakhtakor II,Shortan Guzor,1789988400,575,5.88,4.4,1.41,,,
2026-09-21,2026-09-21T07:18:04Z,tK8swCsQ,futbol,UZBEKISTAN: Pro Liga,Pakhtakor II,Shortan Guzor,1789988400,925,6.47,4.25,1.39,,,
2026-09-21,2026-09-21T07:18:04Z,nNd7i3Rh,futbol,WORLD: Friendly International,Fiji,Vanuatu,1789974000,1187,1.85,3.78,3.72,,,
2026-09-21,2026-09-21T07:18:04Z,nNd7i3Rh,futbol,WORLD: Friendly International,Fiji,Vanuatu,1789974000,1207,1.81,3.68,3.62,,,
2026-09-21,2026-09-21T07:18:04Z,nNd7i3Rh,futbol,WORLD: Friendly International,Fiji,Vanuatu,1789974000,575,1.9,3.84,3.78,,,
2026-09-21,2026-09-21T07:18:04Z,nNd7i3Rh,futbol,WORLD: Friendly International,Fiji,Vanuatu,1789974000,925,1.94,3.62,3.48,,,
