fecha,circuito,torneo,jugador_1,jugador_2,ganador,sets_1,sets_2,juegos_totales,ingerido
2026-07-12,WTA,Unicredit Iasi Open,Lisa Zaar,Zhibek Kulambayeva,Zhibek Kulambayeva,0,2,22,2026-08-04T06:37:42Z
2026-07-12,WTA,Unicredit Iasi Open,Cristiana Nicoleta Todoni,Leyre Romero Gormaz,Leyre Romero Gormaz,0,2,15,2026-08-04T06:37:42Z
2026-07-12,WTA,Unicredit Iasi Open,Andreea Prisacariu,Georgina Garcia Perez,Georgina Garcia Perez,0,2,17,2026-08-04T06:37:42Z
2026-07-12,WTA,Unicredit Iasi Open,Ilinca Amariei,Caroline Werner,Ilinca Amariei,2,1,24,2026-08-04T06:37:42Z
2026-07-12,WTA,Unicredit Iasi Open,Ekaterina Kazionova,Carmen Andreea Herea,Carmen Andreea Herea,0,2,21,2026-08-04T06:37:42Z
2026-07-12,WTA,Unicredit Iasi Open,Eva Maria Ionescu,Elena Pridankina,Elena Pridankina,0,2,15,2026-08-04T06:37:42Z
2026-07-12,WTA,Unicredit Iasi Open,Emily Seibold,Elina Avanesyan,Elina Avanesyan,0,2,14,2026-08-04T06:37:42Z
2026-07-12,WTA,Unicredit Iasi Open,Tatiana Pieri,Irina Fetecau,Irina Fetecau,1,2,29,2026-08-04T06:37:42Z
2026-07-12,WTA,Unicredit Iasi Open,Ipek Oz,Martina Okalova,Ipek Oz,2,0,15,2026-08-04T06:37:42Z
2026-07-12,WTA,Unicredit Iasi Open,Maria Sara Popa,Claire Liu,Claire Liu,0,2,19,2026-08-04T06:37:42Z
2026-07-12,WTA,Unicredit Iasi Open,Alevtina Ibragimova,Mariia Kozyreva,Alevtina Ibragimova,2,0,14,2026-08-04T06:37:42Z
2026-07-12,WTA,Unicredit Iasi Open,Maia Ilinca Burcescu,Varvara Lepchenko,Varvara Lepchenko,1,2,28,2026-08-04T06:37:42Z
2026-07-13,WTA,Unicredit Iasi Open,Carmen Andreea Herea,Ilinca Amariei,Ilinca Amariei,1,2,27,2026-08-04T06:37:42Z
2026-07-13,WTA,Unicredit Iasi Open,Georgina Garcia Perez,Elena Pridankina,Elena Pridankina,0,2,14,2026-08-04T06:37:42Z
2026-07-13,WTA,Unicredit Iasi Open,Irina Fetecau,Elina Avanesyan,Elina Avanesyan,0,2,16,2026-08-04T06:37:42Z
2026-07-13,WTA,Unicredit Iasi Open,Zhibek Kulambayeva,Leyre Romero Gormaz,Leyre Romero Gormaz,0,2,17,2026-08-04T06:37:42Z
2026-07-13,WTA,Unicredit Iasi Open,Ipek Oz,Claire Liu,Claire Liu,0,2,17,2026-08-04T06:37:42Z
2026-07-13,WTA,Unicredit Iasi Open,Victoria Jimenez Kasintseva,Alina Charaeva,Alina Charaeva,0,2,13,2026-08-04T06:37:42Z
2026-07-13,WTA,Unicredit Iasi Open,Alevtina Ibragimova,Varvara Lepchenko,Alevtina Ibragimova,2,0,19,2026-08-04T06:37:42Z
2026-07-13,WTA,Unicredit Iasi Open,Sara Sorribes Tormo,Anna Bondar,Anna Bondar,0,2,22,2026-08-04T06:37:42Z
2026-07-13,WTA,Unicredit Iasi Open,Petra Marcinko,Nadia Podoroska,Petra Marcinko,2,1,27,2026-08-04T06:37:42Z
2026-07-13,WTA,Unicredit Iasi Open,Varvara Lepchenko,Clara Burel,Clara Burel,1,2,29,2026-08-04T06:37:42Z
2026-07-14,WTA,Unicredit Iasi Open,Moyuka Uchijima,Elina Avanesyan,Elina Avanesyan,0,2,18,2026-08-04T06:37:42Z
2026-07-14,WTA,Unicredit Iasi Open,Tamara Zidansek,Emiliana Arango,Tamara Zidansek,2,1,29,2026-08-04T06:37:42Z
2026-07-14,WTA,Unicredit Iasi Open,Elena-Gabriela Ruse,Kaitlin Quevedo,Kaitlin Quevedo,0,2,16,2026-08-04T06:37:42Z
2026-07-14,WTA,Unicredit Iasi Open,Dalma Galfi,Mayar Sherif,Mayar Sherif,0,2,14,2026-08-04T06:37:42Z
2026-07-14,WTA,Unicredit Iasi Open,Claire Liu,Yulia Putintseva,Yulia Putintseva,0,2,20,2026-08-04T06:37:42Z
2026-07-14,WTA,Unicredit Iasi Open,Alevtina Ibragimova,Dominika Salkova,Alevtina Ibragimova,2,0,20,2026-08-04T06:37:42Z
2026-07-14,WTA,Unicredit Iasi Open,Ipek Oz,Oleksandra Oliynykova,Oleksandra Oliynykova,0,2,26,2026-08-04T06:37:42Z
2026-07-14,WTA,Unicredit Iasi Open,Elena Pridankina,Miriam Bulgaru,Elena Pridankina,2,0,19,2026-08-04T06:37:42Z
2026-07-14,WTA,Unicredit Iasi Open,Leyre Romero Gormaz,Panna Udvardy,Panna Udvardy,1,2,28,2026-08-04T06:37:42Z
2026-07-14,WTA,Unicredit Iasi Open,Anhelina Kalinina,Paula Badosa,Paula Badosa,0,2,16,2026-08-04T06:37:42Z
2026-07-14,WTA,Unicredit Iasi Open,Simona Waltert,Katarzyna Kawa,Katarzyna Kawa,0,2,17,2026-08-04T06:37:42Z
2026-07-15,WTA,Unicredit Iasi Open,Alina Charaeva,Yulia Putintseva,Yulia Putintseva,0,2,18,2026-08-04T06:37:42Z
2026-07-15,WTA,Unicredit Iasi Open,Elsa Jacquemot,Ilinca Amariei,Elsa Jacquemot,2,0,23,2026-08-04T06:37:42Z
2026-07-15,WTA,Unicredit Iasi Open,Tamara Zidansek,Anna Bondar,Tamara Zidansek,2,1,38,2026-08-04T06:37:42Z
2026-07-15,WTA,Unicredit Iasi Open,Elsa Jacquemot,Clara Burel,Clara Burel,0,2,14,2026-08-04T06:37:42Z
2026-07-15,WTA,Unicredit Iasi Open,Petra Marcinko,Elina Avanesyan,Petra Marcinko,2,0,26,2026-08-04T06:37:42Z
2026-07-16,WTA,Unicredit Iasi Open,Kaitlin Quevedo,Mayar Sherif,Mayar Sherif,0,2,22,2026-08-04T06:37:42Z
2026-07-16,WTA,Unicredit Iasi Open,Elena Pridankina,Oleksandra Oliynykova,Oleksandra Oliynykova,0,2,15,2026-08-04T06:37:42Z
2026-07-16,WTA,Unicredit Iasi Open,Paula Badosa,Alevtina Ibragimova,Paula Badosa,2,1,30,2026-08-04T06:37:42Z
2026-07-16,WTA,Unicredit Iasi Open,Katarzyna Kawa,Panna Udvardy,Panna Udvardy,1,2,27,2026-08-04T06:37:42Z
2026-07-17,WTA,Unicredit Iasi Open,Mayar Sherif,Yulia Putintseva,Mayar Sherif,2,1,30,2026-08-04T06:37:42Z
2026-07-17,WTA,Unicredit Iasi Open,Clara Burel,Oleksandra Oliynykova,Oleksandra Oliynykova,0,2,22,2026-08-04T06:37:42Z
2026-07-17,WTA,Unicredit Iasi Open,Paula Badosa,Panna Udvardy,Paula Badosa,2,0,23,2026-08-04T06:37:42Z
2026-07-17,WTA,Unicredit Iasi Open,Petra Marcinko,Tamara Zidansek,Tamara Zidansek,0,2,21,2026-08-04T06:37:42Z
2026-07-18,ATP,Generali Open,Lorenzo Giustino,Nico Hipfl,Lorenzo Giustino,2,0,18,2026-08-04T06:37:42Z
2026-07-18,ATP,Generali Open,Daniel Michalski,Federico Cina,Federico Cina,1,2,24,2026-08-04T06:37:42Z
2026-07-18,ATP,Generali Open,Vitaliy Sachko,Federico Coria,Vitaliy Sachko,2,0,21,2026-08-04T06:37:42Z
2026-07-18,ATP,Generali Open,Laslo Djere,Niklas Waldner,Laslo Djere,2,0,18,2026-08-04T06:37:42Z
2026-07-18,ATP,Generali Open,Andrey Chepelev,Jurij Rodionov,Jurij Rodionov,0,2,16,2026-08-04T06:37:42Z
2026-07-18,ATP,Generali Open,Kilian Feldbausch,Gustavo Heide,Kilian Feldbausch,2,0,18,2026-08-04T06:37:42Z
2026-07-18,ATP,Generali Open,Pierre-Hugues Herbert,Sandro Kopp,Sandro Kopp,0,2,20,2026-08-04T06:37:42Z
2026-07-18,ATP,Generali Open,Michele Ribecai,Hugo Dellien,Hugo Dellien,1,2,26,2026-08-04T06:37:42Z
2026-07-18,WTA,Livesport Prague Open,Gao Xinyu,Susan Bandecchi,Gao Xinyu,2,0,21,2026-08-04T06:37:42Z
2026-07-18,WTA,Livesport Prague Open,Linda Fruhvirtova,Elena Micic,Linda Fruhvirtova,2,0,21,2026-08-04T06:37:42Z
2026-07-18,WTA,Livesport Prague Open,Karman Thandi,Priscilla Hon,Priscilla Hon,0,1,9,2026-08-04T06:37:42Z
2026-07-18,WTA,Livesport Prague Open,Carol Young Suh Lee,Kyoka Okamura,Carol Young Suh Lee,2,0,19,2026-08-04T06:37:42Z
2026-07-18,WTA,Livesport Prague Open,Denisa Zoldakova,Dominika Salkova,Dominika Salkova,0,2,20,2026-08-04T06:37:42Z
2026-07-18,WTA,Livesport Prague Open,Gabriela Knutson,Aoi Ito,Gabriela Knutson,2,0,20,2026-08-04T06:37:42Z
2026-07-18,WTA,Livesport Prague Open,Nao Hibino,Sofia Costoulas,Sofia Costoulas,1,2,35,2026-08-04T06:37:42Z
2026-07-18,WTA,Livesport Prague Open,Mai Hontama,Barbora Palicova,Mai Hontama,2,0,18,2026-08-04T06:37:42Z
2026-07-18,WTA,Livesport Prague Open,Valentina Ryser,Rebeka Masarova,Valentina Ryser,1,1,17,2026-08-04T06:37:42Z
2026-07-18,WTA,Livesport Prague Open,Rina Saigo,Victoria Bervid,Rina Saigo,2,0,15,2026-08-04T06:37:42Z
2026-07-18,WTA,Livesport Prague Open,Tereza Krejcova,Veronika Podrez,Veronika Podrez,1,2,24,2026-08-04T06:37:42Z
2026-07-18,WTA,Livesport Prague Open,Ayla Aksu,Viktoria Morvayova,Ayla Aksu,2,0,18,2026-08-04T06:37:42Z
2026-07-18,ATP,Millennium Estoril Open,Clement Tabur,Edas Butvilas,Clement Tabur,2,1,30,2026-08-04T06:37:42Z
2026-07-18,ATP,Millennium Estoril Open,Juan Carlos Prado Angelo,Taro Daniel,Taro Daniel,0,2,18,2026-08-04T06:37:42Z
2026-07-18,ATP,Millennium Estoril Open,Goncalo Da Rosa Castro,Kyrian Jacquet,Kyrian Jacquet,0,2,15,2026-08-04T06:37:42Z
2026-07-18,ATP,Millennium Estoril Open,David Jorda Sanchis,Pedro Martinez,Pedro Martinez,0,2,16,2026-08-04T06:37:42Z
2026-07-18,ATP,Millennium Estoril Open,Gonzalo Bueno,Francisco Rocha,Gonzalo Bueno,2,0,20,2026-08-04T06:37:42Z
2026-07-18,ATP,Millennium Estoril Open,Chun-Hsin Tseng,Orlando Luz,Orlando Luz,0,2,12,2026-08-04T06:37:42Z
2026-07-18,ATP,Millennium Estoril Open,Joao Silva,Andrea Pellegrino,Andrea Pellegrino,0,2,17,2026-08-04T06:37:42Z
2026-07-18,ATP,Millennium Estoril Open,Timofey Skatov,Joao Domingues,Timofey Skatov,2,1,33,2026-08-04T06:37:42Z
2026-07-18,WTA,Palermo Ladies Open,Yelyzaveta Kotliar,Federica Urgesi,Yelyzaveta Kotliar,,,,2026-08-04T06:37:42Z
2026-07-18,WTA,Palermo Ladies Open,Carla Giambelli,Ren Yufei,Ren Yufei,1,2,31,2026-08-04T06:37:42Z
2026-07-18,WTA,Palermo Ladies Open,Isabella Shinikova,Rasheeda McAdoo,Isabella Shinikova,2,0,20,2026-08-04T06:37:42Z
2026-07-18,WTA,Palermo Ladies Open,Anastasia Bertacchi,Raluka Serban,Raluka Serban,1,2,28,2026-08-04T06:37:42Z
2026-07-18,WTA,Palermo Ladies Open,Amarissa Toth,Lucija Ciric Bagaric,Amarissa Toth,,,,2026-08-04T06:37:42Z
2026-07-18,WTA,Palermo Ladies Open,Mina Hodzic,Emily Webley-Smith,Mina Hodzic,2,0,15,2026-08-04T06:37:42Z
2026-07-18,WTA,Palermo Ladies Open,Dalila Spiteri,Miriana Tona,Miriana Tona,,,,2026-08-04T06:37:42Z
2026-07-18,WTA,Palermo Ladies Open,Laura Bohner,Noemi Basiletti,Noemi Basiletti,0,2,16,2026-08-04T06:37:42Z
2026-07-18,WTA,Unicredit Iasi Open,Oleksandra Oliynykova,Mayar Sherif,Mayar Sherif,0,2,16,2026-08-04T06:37:42Z
2026-07-18,WTA,Unicredit Iasi Open,Tamara Zidansek,Paula Badosa,Paula Badosa,1,2,34,2026-08-04T06:37:42Z
2026-07-19,ATP,Generali Open,Lorenzo Giustino,Federico Cina,Federico Cina,0,2,18,2026-08-04T06:37:42Z
2026-07-19,ATP,Generali Open,Laslo Djere,Hugo Dellien,Laslo Djere,2,0,20,2026-08-04T06:37:42Z
2026-07-19,ATP,Generali Open,Vitaliy Sachko,Jurij Rodionov,Jurij Rodionov,0,2,23,2026-08-04T06:37:42Z
2026-07-19,ATP,Generali Open,Sandro Kopp,Kilian Feldbausch,Kilian Feldbausch,0,2,16,2026-08-04T06:37:42Z
2026-07-19,WTA,Livesport Prague Open,Mai Hontama,Valentina Ryser,Mai Hontama,2,0,16,2026-08-04T06:37:42Z
2026-07-19,WTA,Livesport Prague Open,Carol Young Suh Lee,Priscilla Hon,Carol Young Suh Lee,2,0,21,2026-08-04T06:37:42Z
2026-07-19,WTA,Livesport Prague Open,Linda Fruhvirtova,Gao Xinyu,Gao Xinyu,1,2,23,2026-08-04T06:37:42Z
2026-07-19,WTA,Livesport Prague Open,Rina Saigo,Veronika Podrez,Veronika Podrez,0,2,17,2026-08-04T06:37:42Z
2026-07-19,WTA,Livesport Prague Open,Ayla Aksu,Sofia Costoulas,Sofia Costoulas,0,2,20,2026-08-04T06:37:42Z
2026-07-19,WTA,Livesport Prague Open,Gabriela Knutson,Dominika Salkova,Dominika Salkova,0,2,17,2026-08-04T06:37:42Z
2026-07-19,WTA,MSC Hamburg Ladies Open,Anna Petkovic,Varvara Lepchenko,Varvara Lepchenko,0,2,16,2026-08-04T06:37:42Z
2026-07-19,WTA,MSC Hamburg Ladies Open,Elina Avanesyan,Dalila Jakupovic,Elina Avanesyan,1,0,6,2026-08-04T06:37:42Z
2026-07-19,WTA,MSC Hamburg Ladies Open,Lisa Zaar,Elena Malygina,Elena Malygina,0,2,18,2026-08-04T06:37:42Z
2026-07-19,WTA,MSC Hamburg Ladies Open,Ekaterina Kazionova,Arantxa Rus,Arantxa Rus,0,2,16,2026-08-04T06:37:42Z
2026-07-19,WTA,MSC Hamburg Ladies Open,Jule Niemeier,Julia Avdeeva,Jule Niemeier,2,1,30,2026-08-04T06:37:42Z
2026-07-19,WTA,MSC Hamburg Ladies Open,Jessica Pieri,Carole Monnet,Jessica Pieri,2,0,13,2026-08-04T06:37:42Z
2026-07-19,WTA,MSC Hamburg Ladies Open,Kathinka von Deichmann,Victoria Brand,Victoria Brand,0,2,19,2026-08-04T06:37:42Z
2026-07-19,WTA,MSC Hamburg Ladies Open,Chloe Paquet,Valeriya Strakhova,Chloe Paquet,2,1,27,2026-08-04T06:37:42Z
2026-07-19,WTA,MSC Hamburg Ladies Open,Maria Lourdes Carle,Emily Victoria Eigelsbach,Maria Lourdes Carle,2,0,14,2026-08-04T06:37:42Z
2026-07-19,WTA,MSC Hamburg Ladies Open,Georgina Garcia Perez,Eva Vedder,Eva Vedder,1,2,28,2026-08-04T06:37:42Z
2026-07-19,WTA,MSC Hamburg Ladies Open,Mona Barthel,Ekaterina Yashina,Mona Barthel,2,1,22,2026-08-04T06:37:42Z
2026-07-19,WTA,MSC Hamburg Ladies Open,Diana Martynov,Elena Pridankina,Elena Pridankina,0,2,18,2026-08-04T06:37:42Z
2026-07-19,ATP,Millennium Estoril Open,Gonzalo Bueno,Andrea Pellegrino,Gonzalo Bueno,2,1,31,2026-08-04T06:37:42Z
2026-07-19,ATP,Millennium Estoril Open,Taro Daniel,Kyrian Jacquet,Taro Daniel,2,1,28,2026-08-04T06:37:42Z
2026-07-19,ATP,Millennium Estoril Open,Timofey Skatov,Pedro Martinez,Pedro Martinez,0,2,17,2026-08-04T06:37:42Z
2026-07-19,ATP,Millennium Estoril Open,Clement Tabur,Orlando Luz,Orlando Luz,0,2,21,2026-08-04T06:37:42Z
2026-07-19,WTA,Palermo Ladies Open,Mina Hodzic,Yelyzaveta Kotliar,Mina Hodzic,2,0,26,2026-08-04T06:37:42Z
2026-07-19,WTA,Palermo Ladies Open,Amarissa Toth,Raluka Serban,Amarissa Toth,2,0,8,2026-08-04T06:37:42Z
2026-07-19,WTA,Palermo Ladies Open,Isabella Shinikova,Noemi Basiletti,Noemi Basiletti,0,2,18,2026-08-04T06:37:42Z
2026-07-19,WTA,Palermo Ladies Open,Miriana Tona,Ren Yufei,Ren Yufei,0,2,15,2026-08-04T06:37:42Z
2026-07-20,ATP,Generali Open,Mariano Navone,Alexandre Muller,Mariano Navone,2,0,16,2026-08-04T06:37:42Z
2026-07-20,ATP,Generali Open,Yannick Hanfmann,Lukas Neumayer,Yannick Hanfmann,2,0,23,2026-08-04T06:37:42Z
2026-07-20,ATP,Generali Open,Jurij Rodionov,Joel Josef Schwaerzler,Jurij Rodionov,2,0,18,2026-08-04T06:37:42Z
2026-07-20,ATP,Generali Open,Federico Cina,Facundo Diaz Acosta,Facundo Diaz Acosta,1,2,29,2026-08-04T06:37:42Z
2026-07-20,ATP,Generali Open,Ignacio Buse,Vit Kopriva,Ignacio Buse,2,1,32,2026-08-04T06:37:42Z
2026-07-20,WTA,Livesport Prague Open,Oceane Dodin,Alisa Oktiabreva,Oceane Dodin,2,0,18,2026-08-04T06:37:42Z
2026-07-20,WTA,Livesport Prague Open,Daria Snigur,Ella Seidel,Daria Snigur,2,1,30,2026-08-04T06:37:42Z
2026-07-20,WTA,Livesport Prague Open,Jessica Bouzas Maneiro,Marie Bouzkova,Marie Bouzkova,0,2,24,2026-08-04T06:37:42Z
2026-07-20,WTA,Livesport Prague Open,Carol Young Suh Lee,Veronika Podrez,Carol Young Suh Lee,2,1,27,2026-08-04T06:37:42Z
2026-07-20,WTA,Livesport Prague Open,Lucie Havlickova,Alycia Parks,Lucie Havlickova,2,0,18,2026-08-04T06:37:42Z
2026-07-20,WTA,Livesport Prague Open,Sofia Costoulas,Ayla Aksu,Ayla Aksu,1,2,27,2026-08-04T06:37:42Z
2026-07-20,WTA,Livesport Prague Open,Dominika Salkova,Antonia Ruzic,Dominika Salkova,2,0,23,2026-08-04T06:37:42Z
2026-07-20,WTA,MSC Hamburg Ladies Open,Elena Malygina,Jule Niemeier,Jule Niemeier,1,2,27,2026-08-04T06:37:42Z
2026-07-20,WTA,MSC Hamburg Ladies Open,Elina Avanesyan,Varvara Lepchenko,Elina Avanesyan,2,1,32,2026-08-04T06:37:42Z
2026-07-20,WTA,MSC Hamburg Ladies Open,Maria Lourdes Carle,Jessica Pieri,Maria Lourdes Carle,2,1,20,2026-08-04T06:37:42Z
2026-07-20,WTA,MSC Hamburg Ladies Open,Chloe Paquet,Arantxa Rus,Arantxa Rus,1,2,27,2026-08-04T06:37:42Z
2026-07-20,WTA,MSC Hamburg Ladies Open,Mona Barthel,Eva Vedder,Mona Barthel,2,1,25,2026-08-04T06:37:42Z
2026-07-20,WTA,MSC Hamburg Ladies Open,Victoria Brand,Elena Pridankina,Elena Pridankina,0,2,18,2026-08-04T06:37:42Z
2026-07-20,WTA,MSC Hamburg Ladies Open,Anhelina Kalinina,Kaitlin Quevedo,Anhelina Kalinina,2,0,22,2026-08-04T06:37:42Z
2026-07-20,WTA,MSC Hamburg Ladies Open,Julia Stusek,Nadia Podoroska,Julia Stusek,2,1,29,2026-08-04T06:37:42Z
2026-07-20,WTA,MSC Hamburg Ladies Open,Moyuka Uchijima,Anna Bondar,Anna Bondar,0,2,22,2026-08-04T06:37:42Z
2026-07-20,ATP,Millennium Estoril Open,Nikoloz Basilashvili,Tiago Torres,Tiago Torres,0,2,18,2026-08-04T06:37:42Z
2026-07-20,ATP,Millennium Estoril Open,Camilo Ugo Carabelli,Titouan Droguet,Titouan Droguet,1,2,25,2026-08-04T06:37:42Z
2026-07-20,ATP,Millennium Estoril Open,Luca Van Assche,Frederico Ferreira Silva,Luca Van Assche,2,1,32,2026-08-04T06:37:42Z
2026-07-20,ATP,Millennium Estoril Open,Pedro Martinez,Henrique Rocha,Pedro Martinez,2,0,24,2026-08-04T06:37:42Z
2026-07-20,WTA,Palermo Ladies Open,Erika Andreeva,Lina Gjorcheska,Erika Andreeva,2,0,14,2026-08-04T06:37:42Z
2026-07-20,WTA,Palermo Ladies Open,Lola Radivojevic,Sofya Lansere,Lola Radivojevic,2,1,23,2026-08-04T06:37:42Z
2026-07-20,WTA,Palermo Ladies Open,Deborah Chiesa,Yasmine Kabbaj,Yasmine Kabbaj,0,2,17,2026-08-04T06:37:42Z
2026-07-20,WTA,Palermo Ladies Open,Jennifer Ruggeri,Amarissa Toth,Jennifer Ruggeri,2,1,28,2026-08-04T06:37:42Z
2026-07-20,WTA,Palermo Ladies Open,Ane Mintegi Del Olmo,Ekaterine Gorgodze,Ekaterine Gorgodze,1,2,35,2026-08-04T06:37:42Z
2026-07-20,WTA,Palermo Ladies Open,Elizara Yaneva,Federica Urgesi,Federica Urgesi,1,2,32,2026-08-04T06:37:42Z
2026-07-20,WTA,Palermo Ladies Open,Ren Yufei,Fiona Ferro,Fiona Ferro,0,2,17,2026-08-04T06:37:42Z
2026-07-20,WTA,Palermo Ladies Open,Dalila Spiteri,Alessandra Mazzola,Dalila Spiteri,2,0,22,2026-08-04T06:37:42Z
2026-07-20,WTA,Unicredit Iasi Open,Paula Badosa,Mayar Sherif,Mayar Sherif,0,2,14,2026-08-04T06:37:42Z
2026-07-21,ATP,Generali Open,Aleksandr Shevchenko,Jan-Lennard Struff,Jan-Lennard Struff,1,2,32,2026-08-04T06:37:42Z
2026-07-21,ATP,Generali Open,Marco Trungelliti,Juan Manuel Cerundolo,Marco Trungelliti,2,0,15,2026-08-04T06:37:42Z
2026-07-21,ATP,Generali Open,Miomir Kecmanovic,Sebastian Baez,Sebastian Baez,1,2,28,2026-08-04T06:37:42Z
2026-07-21,ATP,Generali Open,Quentin Halys,Laslo Djere,Quentin Halys,2,0,23,2026-08-04T06:37:42Z
2026-07-21,ATP,Generali Open,Kilian Feldbausch,Adolfo Daniel Vallejo,Kilian Feldbausch,2,0,20,2026-08-04T06:37:42Z
2026-07-21,ATP,Generali Open,Sebastian Ofner,Alex Molcan,Alex Molcan,0,2,20,2026-08-04T06:37:42Z
2026-07-21,ATP,Generali Open,Raphael Collignon,Daniel Altmaier,Daniel Altmaier,0,2,17,2026-08-04T06:37:42Z
2026-07-21,WTA,Livesport Prague Open,Aliaksandra Sasnovich,Maria Timofeeva,Maria Timofeeva,0,2,19,2026-08-04T06:37:42Z
2026-07-21,WTA,Livesport Prague Open,Mai Hontama,Diane Parry,Mai Hontama,2,0,16,2026-08-04T06:37:42Z
2026-07-21,WTA,Livesport Prague Open,Yuan Yue,Nikola Bartunkova,Nikola Bartunkova,1,2,26,2026-08-04T06:37:42Z
2026-07-21,WTA,Livesport Prague Open,Maya Joint,Laura Samson,Maya Joint,2,1,27,2026-08-04T06:37:42Z
2026-07-21,WTA,Livesport Prague Open,Lilli Tagger,Gao Xinyu,Lilli Tagger,2,0,18,2026-08-04T06:37:42Z
2026-07-21,WTA,Livesport Prague Open,Tereza Valentova,Priscilla Hon,Tereza Valentova,2,0,16,2026-08-04T06:37:42Z
2026-07-21,WTA,Livesport Prague Open,Lanlana Tararudee,Jana Kovackova,Lanlana Tararudee,2,1,29,2026-08-04T06:37:42Z
2026-07-21,WTA,Livesport Prague Open,Sara Bejlek,Anna Blinkova,Sara Bejlek,2,1,29,2026-08-04T06:37:42Z
2026-07-21,WTA,Livesport Prague Open,Barbora Krejcikova,Linda Fruhvirtova,Barbora Krejcikova,2,0,18,2026-08-04T06:37:42Z
2026-07-21,WTA,MSC Hamburg Ladies Open,Panna Udvardy,Elena Pridankina,Panna Udvardy,2,0,18,2026-08-04T06:37:42Z
2026-07-21,WTA,MSC Hamburg Ladies Open,Sinja Kraus,Darja Semenistaja,Sinja Kraus,2,1,26,2026-08-04T06:37:42Z
2026-07-21,WTA,MSC Hamburg Ladies Open,Yulia Putintseva,Mona Barthel,Yulia Putintseva,2,0,21,2026-08-04T06:37:42Z
2026-07-21,WTA,MSC Hamburg Ladies Open,Veronika Erjavec,Leyre Romero Gormaz,Leyre Romero Gormaz,0,2,16,2026-08-04T06:37:42Z
2026-07-21,WTA,MSC Hamburg Ladies Open,Noma Noha Akugue,Valentina Steiner,Noma Noha Akugue,2,1,25,2026-08-04T06:37:42Z
2026-07-21,WTA,MSC Hamburg Ladies Open,Jule Niemeier,Maria Lourdes Carle,Maria Lourdes Carle,0,2,20,2026-08-04T06:37:42Z
2026-07-21,WTA,MSC Hamburg Ladies Open,Alina Charaeva,Sara Sorribes Tormo,Alina Charaeva,2,1,28,2026-08-04T06:37:42Z
2026-07-21,WTA,MSC Hamburg Ladies Open,Victoria Jimenez Kasintseva,Tamara Korpatsch,Tamara Korpatsch,1,2,23,2026-08-04T06:37:42Z
2026-07-21,WTA,MSC Hamburg Ladies Open,Elina Avanesyan,Arantxa Rus,Elina Avanesyan,2,0,15,2026-08-04T06:37:42Z
2026-07-21,WTA,MSC Hamburg Ladies Open,Nastasja Schunk,Oleksandra Oliynykova,Oleksandra Oliynykova,1,2,29,2026-08-04T06:37:42Z
2026-07-21,ATP,Millennium Estoril Open,Pablo Carreno Busta,Vilius Gaubas,Pablo Carreno Busta,2,0,16,2026-08-04T06:37:42Z
2026-07-21,ATP,Millennium Estoril Open,Tiago Pereira,Gonzalo Bueno,Gonzalo Bueno,1,2,29,2026-08-04T06:37:42Z
2026-07-21,ATP,Millennium Estoril Open,Jesper de Jong,Timofey Skatov,Timofey Skatov,1,2,26,2026-08-04T06:37:42Z
2026-07-21,ATP,Millennium Estoril Open,Orlando Luz,Nuno Borges,Nuno Borges,0,2,18,2026-08-04T06:37:42Z
2026-07-21,ATP,Millennium Estoril Open,Kyrian Jacquet,Daniel Merida,Kyrian Jacquet,2,1,26,2026-08-04T06:37:42Z
2026-07-21,ATP,Millennium Estoril Open,Damir Dzumhur,Hugo Gaston,Hugo Gaston,0,1,5,2026-08-04T06:37:42Z
2026-07-21,ATP,Millennium Estoril Open,Roman Andres Burruchaga,Stan Wawrinka,Roman Andres Burruchaga,2,1,29,2026-08-04T06:37:42Z
2026-07-21,ATP,Millennium Estoril Open,Jaime Faria,Botic Van De Zandschulp,Jaime Faria,2,0,19,2026-08-04T06:37:42Z
2026-07-21,WTA,Palermo Ladies Open,Raluka Serban,Noemi Basiletti,Noemi Basiletti,0,2,17,2026-08-04T06:37:42Z
2026-07-21,WTA,Palermo Ladies Open,Mina Hodzic,Caroline Werner,Mina Hodzic,2,1,28,2026-08-04T06:37:42Z
2026-07-21,WTA,Palermo Ladies Open,Darya Astakhova,Francesca Jones,Francesca Jones,0,2,17,2026-08-04T06:37:42Z
2026-07-21,WTA,Palermo Ladies Open,Anastasia Tikhonova,Alice Rame,Alice Rame,0,2,15,2026-08-04T06:37:42Z
2026-07-21,WTA,Palermo Ladies Open,Lucia Bronzetti,Ilary Pistola,Lucia Bronzetti,2,0,17,2026-08-04T06:37:42Z
2026-07-21,WTA,Palermo Ladies Open,Alevtina Ibragimova,Tamara Zidansek,Alevtina Ibragimova,2,1,28,2026-08-04T06:37:42Z
2026-07-21,WTA,Palermo Ladies Open,Caijsa Hennemann,Miriam Bulgaru,Miriam Bulgaru,1,2,24,2026-08-04T06:37:42Z
2026-07-21,WTA,Palermo Ladies Open,Clara Burel,Anastasia Abbagnato,Clara Burel,2,0,15,2026-08-04T06:37:42Z
2026-07-22,ATP,Generali Open,Valentin Vacherot,Quentin Halys,Quentin Halys,0,2,19,2026-08-04T06:37:42Z
2026-07-22,ATP,Generali Open,Arthur Rinderknech,Sebastian Baez,Sebastian Baez,1,2,31,2026-08-04T06:37:42Z
2026-07-22,ATP,Generali Open,Mariano Navone,Jan-Lennard Struff,Mariano Navone,2,0,15,2026-08-04T06:37:42Z
2026-07-22,ATP,Generali Open,Yannick Hanfmann,Marco Trungelliti,Yannick Hanfmann,2,0,23,2026-08-04T06:37:42Z
2026-07-22,ATP,Generali Open,Ignacio Buse,Kilian Feldbausch,Ignacio Buse,2,1,24,2026-08-04T06:37:42Z
2026-07-22,ATP,Generali Open,Jurij Rodionov,Tomas Martin Etcheverry,Tomas Martin Etcheverry,0,2,21,2026-08-04T06:37:42Z
2026-07-22,ATP,Generali Open,Daniel Altmaier,Alex Molcan,Alex Molcan,1,2,30,2026-08-04T06:37:42Z
2026-07-22,ATP,Generali Open,Facundo Diaz Acosta,Alexander Bublik,Alexander Bublik,0,2,21,2026-08-04T06:37:42Z
2026-07-22,WTA,Livesport Prague Open,Daria Snigur,Ayla Aksu,Daria Snigur,2,0,17,2026-08-04T06:37:42Z
2026-07-22,WTA,Livesport Prague Open,Carol Young Suh Lee,Marie Bouzkova,Marie Bouzkova,0,2,22,2026-08-04T06:37:42Z
2026-07-22,WTA,Livesport Prague Open,Tereza Valentova,Maya Joint,Tereza Valentova,2,1,22,2026-08-04T06:37:42Z
2026-07-22,WTA,Livesport Prague Open,Oceane Dodin,Dominika Salkova,Dominika Salkova,0,2,14,2026-08-04T06:37:42Z
2026-07-22,WTA,MSC Hamburg Ladies Open,Anhelina Kalinina,Maria Lourdes Carle,Anhelina Kalinina,2,0,16,2026-08-04T06:37:42Z
2026-07-22,WTA,MSC Hamburg Ladies Open,Mayar Sherif,Simona Waltert,Mayar Sherif,2,1,35,2026-08-04T06:37:42Z
2026-07-22,WTA,MSC Hamburg Ladies Open,Elsa Jacquemot,Tessa Johanna Brockmann,Elsa Jacquemot,2,0,19,2026-08-04T06:37:42Z
2026-07-22,WTA,MSC Hamburg Ladies Open,Paula Badosa,Katarzyna Kawa,Paula Badosa,2,0,22,2026-08-04T06:37:42Z
2026-07-22,WTA,MSC Hamburg Ladies Open,Sinja Kraus,Alina Charaeva,Alina Charaeva,1,2,36,2026-08-04T06:37:42Z
2026-07-22,WTA,MSC Hamburg Ladies Open,Julia Stusek,Tamara Korpatsch,Tamara Korpatsch,1,2,24,2026-08-04T06:37:42Z
2026-07-22,WTA,MSC Hamburg Ladies Open,Noma Noha Akugue,Anna Bondar,Anna Bondar,1,2,28,2026-08-04T06:37:42Z
2026-07-22,ATP,Millennium Estoril Open,Titouan Droguet,Hugo Gaston,Hugo Gaston,0,2,15,2026-08-04T06:37:42Z
2026-07-22,ATP,Millennium Estoril Open,Roman Andres Burruchaga,Nuno Borges,Roman Andres Burruchaga,2,1,26,2026-08-04T06:37:42Z
2026-07-22,ATP,Millennium Estoril Open,Tiago Torres,Alejandro Tabilo,Tiago Torres,2,0,20,2026-08-04T06:37:42Z
2026-07-22,ATP,Millennium Estoril Open,Alexander Blockx,Kyrian Jacquet,Alexander Blockx,2,1,32,2026-08-04T06:37:42Z
2026-07-22,WTA,Palermo Ladies Open,Lola Radivojevic,Jennifer Ruggeri,Jennifer Ruggeri,1,2,32,2026-08-04T06:37:42Z
2026-07-22,WTA,Palermo Ladies Open,Federica Urgesi,Clara Burel,Clara Burel,,,,2026-08-04T06:37:42Z
2026-07-22,WTA,Palermo Ladies Open,Yasmine Kabbaj,Ekaterine Gorgodze,Yasmine Kabbaj,2,0,20,2026-08-04T06:37:42Z
2026-07-22,WTA,Palermo Ladies Open,Erika Andreeva,Fiona Ferro,Fiona Ferro,0,2,19,2026-08-04T06:37:42Z
2026-07-23,ATP,Generali Open,Quentin Halys,Mariano Navone,Quentin Halys,2,0,21,2026-08-04T06:37:42Z
2026-07-23,ATP,Generali Open,Sebastian Baez,Yannick Hanfmann,Yannick Hanfmann,0,2,16,2026-08-04T06:37:42Z
2026-07-23,ATP,Generali Open,Ignacio Buse,Tomas Martin Etcheverry,Tomas Martin Etcheverry,0,2,20,2026-08-04T06:37:42Z
2026-07-23,ATP,Generali Open,Alex Molcan,Alexander Bublik,Alexander Bublik,0,2,17,2026-08-04T06:37:42Z
2026-07-23,WTA,Livesport Prague Open,Lanlana Tararudee,Nikola Bartunkova,Lanlana Tararudee,2,1,35,2026-08-04T06:37:42Z
2026-07-23,WTA,Livesport Prague Open,Lilli Tagger,Mai Hontama,Lilli Tagger,2,0,20,2026-08-04T06:37:42Z
2026-07-23,WTA,Livesport Prague Open,Sara Bejlek,Maria Timofeeva,Sara Bejlek,2,0,14,2026-08-04T06:37:42Z
2026-07-23,WTA,Livesport Prague Open,Barbora Krejcikova,Lucie Havlickova,Barbora Krejcikova,2,0,18,2026-08-04T06:37:42Z
2026-07-23,WTA,MSC Hamburg Ladies Open,Elsa Jacquemot,Mayar Sherif,Mayar Sherif,0,2,17,2026-08-04T06:37:42Z
2026-07-23,WTA,MSC Hamburg Ladies Open,Leyre Romero Gormaz,Oleksandra Oliynykova,Oleksandra Oliynykova,1,2,30,2026-08-04T06:37:42Z
2026-07-23,WTA,MSC Hamburg Ladies Open,Panna Udvardy,Paula Badosa,Paula Badosa,0,2,17,2026-08-04T06:37:42Z
2026-07-23,WTA,MSC Hamburg Ladies Open,Yulia Putintseva,Elina Avanesyan,Elina Avanesyan,1,2,25,2026-08-04T06:37:42Z
2026-07-23,ATP,Millennium Estoril Open,Pablo Carreno Busta,Luca Van Assche,Luca Van Assche,1,2,27,2026-08-04T06:37:42Z
2026-07-23,ATP,Millennium Estoril Open,Gonzalo Bueno,Jaime Faria,Jaime Faria,0,2,18,2026-08-04T06:37:42Z
2026-07-23,ATP,Millennium Estoril Open,Timofey Skatov,Andrey Rublev,Andrey Rublev,0,2,14,2026-08-04T06:37:42Z
2026-07-23,ATP,Millennium Estoril Open,Luciano Darderi,Pedro Martinez,Luciano Darderi,2,0,13,2026-08-04T06:37:42Z
2026-07-23,WTA,Palermo Ladies Open,Noemi Basiletti,Mina Hodzic,Mina Hodzic,1,2,25,2026-08-04T06:37:42Z
2026-07-23,WTA,Palermo Ladies Open,Alice Rame,Alevtina Ibragimova,Alevtina Ibragimova,0,2,16,2026-08-04T06:37:42Z
2026-07-23,WTA,Palermo Ladies Open,Miriam Bulgaru,Francesca Jones,Francesca Jones,0,2,17,2026-08-04T06:37:42Z
2026-07-23,WTA,Palermo Ladies Open,Lucia Bronzetti,Dalila Spiteri,Lucia Bronzetti,2,0,20,2026-08-04T06:37:42Z
2026-07-24,ATP,Generali Open,Quentin Halys,Yannick Hanfmann,Quentin Halys,2,0,23,2026-08-04T06:37:42Z
2026-07-24,ATP,Generali Open,Tomas Martin Etcheverry,Alexander Bublik,Alexander Bublik,0,2,19,2026-08-04T06:37:42Z
2026-07-24,WTA,Livesport Prague Open,Daria Snigur,Lanlana Tararudee,Daria Snigur,2,0,15,2026-08-04T06:37:42Z
2026-07-24,WTA,Livesport Prague Open,Tereza Valentova,Marie Bouzkova,Tereza Valentova,2,1,31,2026-08-04T06:37:42Z
2026-07-24,WTA,Livesport Prague Open,Sara Bejlek,Lilli Tagger,Lilli Tagger,0,2,19,2026-08-04T06:37:42Z
2026-07-24,WTA,Livesport Prague Open,Barbora Krejcikova,Dominika Salkova,Barbora Krejcikova,2,0,18,2026-08-04T06:37:42Z
2026-07-24,WTA,MSC Hamburg Ladies Open,Alina Charaeva,Anna Bondar,Anna Bondar,0,2,20,2026-08-04T06:37:42Z
2026-07-24,WTA,MSC Hamburg Ladies Open,Paula Badosa,Mayar Sherif,Mayar Sherif,1,2,36,2026-08-04T06:37:42Z
2026-07-24,WTA,MSC Hamburg Ladies Open,Anhelina Kalinina,Tamara Korpatsch,Tamara Korpatsch,1,2,23,2026-08-04T06:37:42Z
2026-07-24,ATP,Millennium Estoril Open,Hugo Gaston,Tiago Torres,Hugo Gaston,2,0,19,2026-08-04T06:37:42Z
2026-07-24,ATP,Millennium Estoril Open,Luca Van Assche,Andrey Rublev,Luca Van Assche,2,1,28,2026-08-04T06:37:42Z
2026-07-24,ATP,Millennium Estoril Open,Alexander Blockx,Roman Andres Burruchaga,Alexander Blockx,2,1,32,2026-08-04T06:37:42Z
2026-07-24,ATP,Millennium Estoril Open,Luciano Darderi,Jaime Faria,Luciano Darderi,2,1,28,2026-08-04T06:37:42Z
2026-07-24,WTA,Palermo Ladies Open,Jennifer Ruggeri,Francesca Jones,Francesca Jones,1,2,27,2026-08-04T06:37:42Z
2026-07-24,WTA,Palermo Ladies Open,Clara Burel,Alevtina Ibragimova,Alevtina Ibragimova,1,2,32,2026-08-04T06:37:42Z
2026-07-24,WTA,Palermo Ladies Open,Lucia Bronzetti,Yasmine Kabbaj,Lucia Bronzetti,2,1,23,2026-08-04T06:37:42Z
2026-07-24,WTA,Palermo Ladies Open,Mina Hodzic,Fiona Ferro,Fiona Ferro,0,2,14,2026-08-04T06:37:42Z
2026-07-25,ATP,Generali Open,Quentin Halys,Alexander Bublik,Quentin Halys,2,0,23,2026-08-04T06:37:42Z
2026-07-25,WTA,Livesport Prague Open,Daria Snigur,Tereza Valentova,Daria Snigur,2,0,22,2026-08-04T06:37:42Z
2026-07-25,WTA,Livesport Prague Open,Barbora Krejcikova,Lilli Tagger,Lilli Tagger,1,2,35,2026-08-04T06:37:42Z
2026-07-25,WTA,MSC Hamburg Ladies Open,Anna Bondar,Elina Avanesyan,Anna Bondar,2,1,36,2026-08-04T06:37:42Z
2026-07-25,WTA,MSC Hamburg Ladies Open,Tamara Korpatsch,Mayar Sherif,Tamara Korpatsch,2,0,9,2026-08-04T06:37:42Z
2026-07-25,ATP,Millennium Estoril Open,Hugo Gaston,Luca Van Assche,Luca Van Assche,0,2,22,2026-08-04T06:37:42Z
2026-07-25,ATP,Millennium Estoril Open,Luciano Darderi,Alexander Blockx,Alexander Blockx,1,2,38,2026-08-04T06:37:42Z
2026-07-25,ATP,Mubadala DC Open,Aziz Dougaz,Aleksandar Vukic,Aleksandar Vukic,0,2,18,2026-08-04T06:37:42Z
2026-07-25,ATP,Mubadala DC Open,Kimmer Coppejans,Martin Damm,Martin Damm,0,2,14,2026-08-04T06:37:42Z
2026-07-25,ATP,Mubadala DC Open,Alex Bolt,James McCabe,Alex Bolt,2,0,26,2026-08-04T06:37:42Z
2026-07-25,ATP,Mubadala DC Open,Stefan Kozlov,Zachary Svajda,Zachary Svajda,0,2,19,2026-08-04T06:37:42Z
2026-07-25,ATP,Mubadala DC Open,Remy Bertola,Andre Ilagan,Andre Ilagan,0,2,25,2026-08-04T06:37:42Z
2026-07-25,ATP,Mubadala DC Open,Billy Harris,Abdullah Shelbayh,Abdullah Shelbayh,0,2,23,2026-08-04T06:37:42Z
2026-07-25,ATP,Mubadala DC Open,Aryan Shah,Marcos Giron,Marcos Giron,0,2,22,2026-08-04T06:37:42Z
2026-07-25,ATP,Mubadala DC Open,Dusan Lajovic,Cruz Hewitt,Cruz Hewitt,0,1,7,2026-08-04T06:37:42Z
2026-07-25,ATP,Mubadala DC Open,Moez Echargui,Jordan Lee,Moez Echargui,2,0,19,2026-08-04T06:37:42Z
2026-07-25,ATP,Mubadala DC Open,Elias Ymer,Trevor Svajda,Trevor Svajda,0,2,19,2026-08-04T06:37:42Z
2026-07-25,ATP,Mubadala DC Open,Andres Martin,Christopher O'Connell,Andres Martin,2,1,27,2026-08-04T06:37:42Z
2026-07-25,ATP,Mubadala DC Open,Edas Butvilas,Mackenzie McDonald,Mackenzie McDonald,1,2,28,2026-08-04T06:37:42Z
2026-07-25,ATP,Mubadala DC Open,Polina Iatcenko,Julieta Pareja,Julieta Pareja,0,2,18,2026-08-04T06:37:42Z
2026-07-25,ATP,Mubadala DC Open,Heather Watson,Kamilla Rakhimova,Heather Watson,2,0,26,2026-08-04T06:37:42Z
2026-07-25,ATP,Mubadala DC Open,Varvara Lepchenko,Clervie Ngounoue,Varvara Lepchenko,2,1,27,2026-08-04T06:37:42Z
2026-07-25,ATP,Mubadala DC Open,Mei Yamaguchi,Polina Kudermetova,Polina Kudermetova,0,2,23,2026-08-04T06:37:42Z
2026-07-25,ATP,Mubadala DC Open,Rebecca Sramkova,Carolyn Ansari,Rebecca Sramkova,2,0,18,2026-08-04T06:37:42Z
2026-07-25,ATP,Mubadala DC Open,Mariam Bolkvadze,Daria Kasatkina,Daria Kasatkina,1,2,29,2026-08-04T06:37:42Z
2026-07-25,ATP,Mubadala DC Open,Gabriela Knutson,Zhang Shuai,Gabriela Knutson,2,1,24,2026-08-04T06:37:42Z
2026-07-25,ATP,Mubadala DC Open,Alana Smith,Lea Ma,Alana Smith,2,0,23,2026-08-04T06:37:42Z
2026-07-25,WTA,Odlum Brown VanOpen,Sabastiani Leon,Katrina Scott,Katrina Scott,0,2,14,2026-08-04T06:37:42Z
2026-07-25,WTA,Odlum Brown VanOpen,Havana Kadi,Wei Sijia,Wei Sijia,0,2,13,2026-08-04T06:37:42Z
2026-07-25,WTA,Odlum Brown VanOpen,Ana Grubor,Ellie Schoppe,Ellie Schoppe,1,2,33,2026-08-04T06:37:42Z
2026-07-25,WTA,Odlum Brown VanOpen,Emma Si Yu Dong,Ena Shibahara,Emma Si Yu Dong,2,1,25,2026-08-04T06:37:42Z
2026-07-25,WTA,Odlum Brown VanOpen,Martina Okalova,Avery Alexander,Avery Alexander,1,2,33,2026-08-04T06:37:42Z
2026-07-25,WTA,Palermo Ladies Open,Alevtina Ibragimova,Francesca Jones,Francesca Jones,0,2,19,2026-08-04T06:37:42Z
2026-07-25,WTA,Palermo Ladies Open,Lucia Bronzetti,Fiona Ferro,Fiona Ferro,0,2,17,2026-08-04T06:37:42Z
2026-07-25,WTA,The Memphis Classic,Camila Soares,Katherine Sebov,Katherine Sebov,0,2,13,2026-08-04T06:37:42Z
2026-07-25,WTA,The Memphis Classic,Aoi Ito,Astra Sharma,Aoi Ito,2,1,30,2026-08-04T06:37:42Z
2026-07-25,WTA,The Memphis Classic,Aran Teixido Garcia,Anna Frey,Aran Teixido Garcia,2,0,20,2026-08-04T06:37:42Z
2026-07-25,WTA,The Memphis Classic,Sofia Johnson,Karman Thandi,Sofia Johnson,2,0,15,2026-08-04T06:37:42Z
2026-07-25,WTA,The Memphis Classic,Mariia Kozyreva,Eri Hozumi,Mariia Kozyreva,2,0,18,2026-08-04T06:37:42Z
2026-07-25,WTA,The Memphis Classic,Bella Payne,Kennedy Drenser-Hagmann,Kennedy Drenser-Hagmann,0,2,15,2026-08-04T06:37:42Z
2026-07-26,WTA,Axeria Open 2026 powered by Intaro Sport,Andreea Prisacariu,Deborah Chiesa,Andreea Prisacariu,2,0,21,2026-08-04T06:37:42Z
2026-07-26,WTA,Axeria Open 2026 powered by Intaro Sport,Alessandra Mazzola,Yelyzaveta Kotliar,Yelyzaveta Kotliar,1,2,28,2026-08-04T06:37:42Z
2026-07-26,WTA,Axeria Open 2026 powered by Intaro Sport,Ekaterina Kazionova,Ekaterina Yashina,Ekaterina Kazionova,2,0,16,2026-08-04T06:37:42Z
2026-07-26,WTA,Axeria Open 2026 powered by Intaro Sport,Lucija Ciric Bagaric,Amandine Monnot,Lucija Ciric Bagaric,2,0,19,2026-08-04T06:37:42Z
2026-07-26,WTA,Axeria Open 2026 powered by Intaro Sport,Amarissa Toth,Maria Sara Popa,Maria Sara Popa,0,2,13,2026-08-04T06:37:42Z
2026-07-26,WTA,Axeria Open 2026 powered by Intaro Sport,Miriana Tona,Isabella Shinikova,Miriana Tona,2,0,17,2026-08-04T06:37:42Z
2026-07-26,WTA,Axeria Open 2026 powered by Intaro Sport,Margaux Rouvroy,Diana Ilie,Margaux Rouvroy,2,0,14,2026-08-04T06:37:42Z
2026-07-26,WTA,Axeria Open 2026 powered by Intaro Sport,Briana Szabo,Gina Feistel,Briana Szabo,2,0,17,2026-08-04T06:37:42Z
2026-07-26,WTA,Livesport Prague Open,Lilli Tagger,Daria Snigur,Lilli Tagger,2,0,21,2026-08-04T06:37:42Z
2026-07-26,WTA,MSC Hamburg Ladies Open,Tamara Korpatsch,Anna Bondar,Tamara Korpatsch,2,0,18,2026-08-04T06:37:42Z
2026-07-26,ATP,Mifel Tennis Open by Telcel Oppo,Edward Winter,Luis Carlos Alvarez,Edward Winter,2,1,27,2026-08-04T06:37:42Z
2026-07-26,ATP,Mifel Tennis Open by Telcel Oppo,Bernard Tomic,Miguel Tobon,Bernard Tomic,2,1,35,2026-08-04T06:37:42Z
2026-07-26,ATP,Mifel Tennis Open by Telcel Oppo,Garrett Johns,Alan Magadan,Alan Magadan,1,2,22,2026-08-04T06:37:42Z
2026-07-26,ATP,Mifel Tennis Open by Telcel Oppo,Lorenzo Claverie,Tristan Boyer,Tristan Boyer,0,2,22,2026-08-04T06:37:42Z
2026-07-26,ATP,Mifel Tennis Open by Telcel Oppo,Alex Hernandez,Nicolas Mejia,Alex Hernandez,2,0,20,2026-08-04T06:37:42Z
2026-07-26,ATP,Mifel Tennis Open by Telcel Oppo,Alan Fernando Rubio Fierros,SoonWoo Kwon,SoonWoo Kwon,0,2,19,2026-08-04T06:37:42Z
2026-07-26,ATP,Mifel Tennis Open by Telcel Oppo,Colton Smith,Roger Pascual Ferra,Roger Pascual Ferra,1,2,28,2026-08-04T06:37:42Z
2026-07-26,ATP,Mifel Tennis Open by Telcel Oppo,Aidan Mayo,Evan King,Aidan Mayo,2,0,18,2026-08-04T06:37:42Z
2026-07-26,ATP,Millennium Estoril Open,Alexander Blockx,Luca Van Assche,Luca Van Assche,1,2,32,2026-08-04T06:37:42Z
2026-07-26,ATP,Mubadala DC Open,Abdullah Shelbayh,Martin Damm,Martin Damm,1,2,35,2026-08-04T06:37:42Z
2026-07-26,ATP,Mubadala DC Open,Alex Bolt,Aleksandar Vukic,Aleksandar Vukic,0,2,13,2026-08-04T06:37:42Z
2026-07-26,ATP,Mubadala DC Open,Cruz Hewitt,Zachary Svajda,Cruz Hewitt,2,1,22,2026-08-04T06:37:42Z
2026-07-26,ATP,Mubadala DC Open,Andre Ilagan,Marcos Giron,Marcos Giron,0,2,22,2026-08-04T06:37:42Z
2026-07-26,ATP,Mubadala DC Open,Moez Echargui,Andres Martin,Andres Martin,0,2,20,2026-08-04T06:37:42Z
2026-07-26,ATP,Mubadala DC Open,Trevor Svajda,Mackenzie McDonald,Trevor Svajda,2,0,20,2026-08-04T06:37:42Z
2026-07-26,ATP,Mubadala DC Open,Varvara Lepchenko,Polina Kudermetova,Polina Kudermetova,1,2,33,2026-08-04T06:37:42Z
2026-07-26,ATP,Mubadala DC Open,Julieta Pareja,Heather Watson,Julieta Pareja,2,1,31,2026-08-04T06:37:42Z
2026-07-26,ATP,Mubadala DC Open,Rebecca Sramkova,Gabriela Knutson,Rebecca Sramkova,2,0,17,2026-08-04T06:37:42Z
2026-07-26,ATP,Mubadala DC Open,Alana Smith,Daria Kasatkina,Daria Kasatkina,1,2,26,2026-08-04T06:37:42Z
2026-07-26,WTA,Odlum Brown VanOpen,Hiroko Kuwata,Miho Kuramochi,Miho Kuramochi,0,2,23,2026-08-04T06:37:42Z
2026-07-26,WTA,Odlum Brown VanOpen,Valeria Savinykh,Mia Kupres,Valeria Savinykh,2,0,16,2026-08-04T06:37:42Z
2026-07-26,WTA,Odlum Brown VanOpen,Hong Yi Cody Wong,Dasha Plekhanova,Hong Yi Cody Wong,2,0,21,2026-08-04T06:37:42Z
2026-07-26,WTA,Palermo Ladies Open,Fiona Ferro,Francesca Jones,Francesca Jones,1,2,29,2026-08-04T06:37:42Z
2026-07-26,WTA,The Memphis Classic,Ekaterina Ovcharenko,Ankita Raina,Ankita Raina,0,2,16,2026-08-04T06:37:42Z
2026-07-26,WTA,The Memphis Classic,Aoi Ito,Ma YeXin,Ma YeXin,1,2,27,2026-08-04T06:37:42Z
2026-07-26,WTA,The Memphis Classic,Sofia Johnson,Storm Hunter,Storm Hunter,1,2,28,2026-08-04T06:37:42Z
2026-07-26,WTA,The Memphis Classic,Aran Teixido Garcia,Katherine Sebov,Katherine Sebov,0,2,19,2026-08-04T06:37:42Z
2026-07-26,WTA,The Memphis Classic,Mariia Kozyreva,Kristina Liutova,Kristina Liutova,1,2,30,2026-08-04T06:37:42Z
2026-07-27,WTA,Axeria Open 2026 powered by Intaro Sport,Maria Sara Popa,Lucija Ciric Bagaric,Lucija Ciric Bagaric,0,2,18,2026-08-04T06:37:42Z
2026-07-27,WTA,Axeria Open 2026 powered by Intaro Sport,Margaux Rouvroy,Ekaterina Kazionova,Margaux Rouvroy,2,1,31,2026-08-04T06:37:42Z
2026-07-27,WTA,Axeria Open 2026 powered by Intaro Sport,Yelyzaveta Kotliar,Andreea Prisacariu,Yelyzaveta Kotliar,2,0,16,2026-08-04T06:37:42Z
2026-07-27,WTA,Axeria Open 2026 powered by Intaro Sport,Miriana Tona,Briana Szabo,Miriana Tona,2,1,30,2026-08-04T06:37:42Z
2026-07-27,WTA,Axeria Open 2026 powered by Intaro Sport,Elena Ruxandra Bertea,Elena Malygina,Elena Ruxandra Bertea,2,0,18,2026-08-04T06:37:42Z
2026-07-27,WTA,Axeria Open 2026 powered by Intaro Sport,Mia Pohankova,Caijsa Hennemann,Caijsa Hennemann,1,2,27,2026-08-04T06:37:42Z
2026-07-27,WTA,Axeria Open 2026 powered by Intaro Sport,Irina Fetecau,Kaitlin Quevedo,Kaitlin Quevedo,0,2,16,2026-08-04T06:37:42Z
2026-07-27,WTA,Axeria Open 2026 powered by Intaro Sport,Sofya Lansere,Irene Burillo,Irene Burillo,1,2,28,2026-08-04T06:37:42Z
2026-07-27,WTA,Axeria Open 2026 powered by Intaro Sport,Sara Sorribes Tormo,Leyre Romero Gormaz,Sara Sorribes Tormo,2,1,27,2026-08-04T06:37:42Z
2026-07-27,WTA,Axeria Open 2026 powered by Intaro Sport,Julie Struplova,Alice Rame,Alice Rame,1,2,27,2026-08-04T06:37:42Z
2026-07-27,ATP,Mifel Tennis Open by Telcel Oppo,Edward Winter,SoonWoo Kwon,SoonWoo Kwon,0,2,20,2026-08-04T06:37:42Z
2026-07-27,ATP,Mifel Tennis Open by Telcel Oppo,Bernard Tomic,Tristan Boyer,Tristan Boyer,,,,2026-08-04T06:37:42Z
2026-07-27,ATP,Mifel Tennis Open by Telcel Oppo,Roger Pascual Ferra,Aidan Mayo,Aidan Mayo,0,2,17,2026-08-04T06:37:42Z
2026-07-27,ATP,Mifel Tennis Open by Telcel Oppo,Alan Magadan,Alex Hernandez,Alex Hernandez,0,2,22,2026-08-04T06:37:42Z
2026-07-27,ATP,Mubadala DC Open,Tallon Griekspoor,Alejandro Tabilo,Alejandro Tabilo,1,2,33,2026-08-04T06:37:42Z
2026-07-27,ATP,Mubadala DC Open,Lorenzo Musetti,Matteo Arnaldi,Lorenzo Musetti,2,0,10,2026-08-04T06:37:42Z
2026-07-27,ATP,Mubadala DC Open,Zizou Bergs,Taylor Fritz,Taylor Fritz,0,2,19,2026-08-04T06:37:42Z
2026-07-27,ATP,Mubadala DC Open,Shang Juncheng,Kei Nishikori,Kei Nishikori,1,2,32,2026-08-04T06:37:42Z
2026-07-27,ATP,Mubadala DC Open,Zachary Svajda,Aleksandar Vukic,Aleksandar Vukic,0,2,16,2026-08-04T06:37:42Z
2026-07-27,ATP,Mubadala DC Open,Clara Tauson,Elisabetta Cocciaretto,Elisabetta Cocciaretto,1,2,36,2026-08-04T06:37:42Z
2026-07-27,ATP,Mubadala DC Open,Magda Linette,Leylah Fernandez,Leylah Fernandez,0,2,17,2026-08-04T06:37:42Z
2026-07-27,ATP,Mubadala DC Open,Sofia Kenin,Emma Navarro,Emma Navarro,0,2,18,2026-08-04T06:37:42Z
2026-07-27,ATP,Mubadala DC Open,Madison Keys,Liudmila Samsonova,Liudmila Samsonova,1,2,29,2026-08-04T06:37:42Z
2026-07-27,ATP,Mubadala DC Open,Rebecca Sramkova,Janice Tjen,Janice Tjen,0,2,18,2026-08-04T06:37:42Z
2026-07-27,ATP,Mubadala DC Open,Katie Boulter,Ashlyn Krueger,Ashlyn Krueger,1,2,25,2026-08-04T06:37:42Z
2026-07-27,WTA,Odlum Brown VanOpen,Ellie Schoppe,Katrina Scott,Ellie Schoppe,2,0,26,2026-08-04T06:37:42Z
2026-07-27,WTA,The Memphis Classic,Kennedy Drenser-Hagmann,Tatiana Prozorova,Tatiana Prozorova,1,2,26,2026-08-04T06:37:42Z
2026-07-27,WTA,The Memphis Classic,Ankita Raina,Iryna Shymanovich,Iryna Shymanovich,0,2,14,2026-08-04T06:37:42Z
2026-07-27,WTA,The Memphis Classic,Viktorija Golubic,Katie Volynets,Katie Volynets,1,2,33,2026-08-04T06:37:42Z
2026-07-27,WTA,The Memphis Classic,Whitney Osuigwe,Maya Joint,Maya Joint,0,2,17,2026-08-04T06:37:42Z
2026-07-27,WTA,The Memphis Classic,Linda Fruhvirtova,Anastasia Zakharova,Anastasia Zakharova,0,2,20,2026-08-04T06:37:42Z
2026-07-27,WTA,The Memphis Classic,Reese Brantmeier,Iryna Shymanovich,Iryna Shymanovich,0,2,19,2026-08-04T06:37:42Z
2026-07-27,WTA,The Memphis Classic,Tatjana Maria,Talia Gibson,Tatjana Maria,2,0,15,2026-08-04T06:37:42Z
2026-07-27,WTA,The Memphis Classic,Tatiana Prozorova,Solana Sierra,Tatiana Prozorova,2,1,27,2026-08-04T06:37:42Z
2026-07-28,WTA,Axeria Open 2026 powered by Intaro Sport,Alesia Breaz,Laura Samson,Laura Samson,0,2,19,2026-08-04T06:37:42Z
2026-07-28,WTA,Axeria Open 2026 powered by Intaro Sport,Dalila Spiteri,Yelyzaveta Kotliar,Yelyzaveta Kotliar,1,2,29,2026-08-04T06:37:42Z
2026-07-28,WTA,Axeria Open 2026 powered by Intaro Sport,Darja Semenistaja,Mia Ristic,Mia Ristic,0,2,17,2026-08-04T06:37:42Z
2026-07-28,WTA,Axeria Open 2026 powered by Intaro Sport,Lucia Bronzetti,Miriana Tona,Lucia Bronzetti,2,0,16,2026-08-04T06:37:42Z
2026-07-28,WTA,Axeria Open 2026 powered by Intaro Sport,Lola Radivojevic,Margaux Rouvroy,Margaux Rouvroy,1,2,28,2026-08-04T06:37:42Z
2026-07-28,WTA,Axeria Open 2026 powered by Intaro Sport,Rachel Gailis,Lucija Ciric Bagaric,Lucija Ciric Bagaric,0,2,15,2026-08-04T06:37:42Z
2026-07-28,WTA,Axeria Open 2026 powered by Intaro Sport,Maia Ilinca Burcescu,Alevtina Ibragimova,Alevtina Ibragimova,1,2,31,2026-08-04T06:37:42Z
2026-07-28,WTA,Axeria Open 2026 powered by Intaro Sport,Anastasiia Sobolieva,Selena Janicijevic,Anastasiia Sobolieva,2,0,18,2026-08-04T06:37:42Z
2026-07-28,WTA,Axeria Open 2026 powered by Intaro Sport,Chloe Paquet,Francesca Jones,Francesca Jones,1,2,19,2026-08-04T06:37:42Z
2026-07-28,WTA,Axeria Open 2026 powered by Intaro Sport,Carole Monnet,Miriam Bulgaru,Carole Monnet,2,0,16,2026-08-04T06:37:42Z
2026-07-28,ATP,Mifel Tennis Open by Telcel Oppo,Tristan Boyer,Gabriel Diallo,Tristan Boyer,2,0,20,2026-08-04T06:37:42Z
2026-07-28,ATP,Mifel Tennis Open by Telcel Oppo,Bernard Tomic,Alex Hernandez,Bernard Tomic,2,0,13,2026-08-04T06:37:42Z
2026-07-28,ATP,Mifel Tennis Open by Telcel Oppo,Aleksandar Kovacevic,Cameron Norrie,Cameron Norrie,0,2,17,2026-08-04T06:37:42Z
2026-07-28,ATP,Mifel Tennis Open by Telcel Oppo,Darwin Blanch,Chak Lam Coleman Wong,Chak Lam Coleman Wong,0,2,19,2026-08-04T06:37:42Z
2026-07-28,ATP,Mubadala DC Open,Terence Atmane,Frances Tiafoe,Terence Atmane,2,1,29,2026-08-04T06:37:42Z
2026-07-28,ATP,Mubadala DC Open,Andres Martin,Ugo Humbert,Ugo Humbert,0,2,20,2026-08-04T06:37:42Z
2026-07-28,ATP,Mubadala DC Open,Tommy Paul,Kamil Majchrzak,Kamil Majchrzak,0,2,25,2026-08-04T06:37:42Z
2026-07-28,ATP,Mubadala DC Open,Mackenzie McDonald,Alex Michelsen,Alex Michelsen,0,2,22,2026-08-04T06:37:42Z
2026-07-28,ATP,Mubadala DC Open,Rafael Jodar,Arthur Fils,Rafael Jodar,2,0,22,2026-08-04T06:37:42Z
2026-07-28,ATP,Mubadala DC Open,Learner Tien,Adrian Mannarino,Adrian Mannarino,0,2,22,2026-08-04T06:37:42Z
2026-07-28,ATP,Mubadala DC Open,Cruz Hewitt,Marcos Giron,Cruz Hewitt,2,0,19,2026-08-04T06:37:42Z
2026-07-28,ATP,Mubadala DC Open,Tomas Martin Etcheverry,Brandon Nakashima,Brandon Nakashima,0,2,19,2026-08-04T06:37:42Z
2026-07-28,ATP,Mubadala DC Open,Ben Shelton,Martin Damm,Ben Shelton,2,1,30,2026-08-04T06:37:42Z
2026-07-28,ATP,Mubadala DC Open,Jakub Mensik,Trevor Svajda,Jakub Mensik,2,1,30,2026-08-04T06:37:42Z
2026-07-28,ATP,Mubadala DC Open,Polina Kudermetova,Cristina Bucsa,Polina Kudermetova,2,1,31,2026-08-04T06:37:42Z
2026-07-28,ATP,Mubadala DC Open,Wang Xinyu,Julieta Pareja,Wang Xinyu,2,0,22,2026-08-04T06:37:42Z
2026-07-28,ATP,Mubadala DC Open,Zheng Qinwen,Alexandra Eala,Alexandra Eala,1,2,27,2026-08-04T06:37:42Z
2026-07-28,ATP,Mubadala DC Open,Anna Kalinskaya,Daria Kasatkina,Anna Kalinskaya,2,0,17,2026-08-04T06:37:42Z
2026-07-28,ATP,Mubadala DC Open,Ann Li,Magdalena Frech,Magdalena Frech,0,2,19,2026-08-04T06:37:42Z
2026-07-28,WTA,Odlum Brown VanOpen,Valeria Savinykh,Emma Si Yu Dong,Emma Si Yu Dong,0,2,17,2026-08-04T06:37:42Z
2026-07-28,WTA,Odlum Brown VanOpen,Avery Alexander,Miho Kuramochi,Miho Kuramochi,0,2,21,2026-08-04T06:37:42Z
2026-07-28,WTA,Odlum Brown VanOpen,Hong Yi Cody Wong,Wei Sijia,Hong Yi Cody Wong,2,1,28,2026-08-04T06:37:42Z
2026-07-28,WTA,Odlum Brown VanOpen,Alexandra Vagramov,Madison Brengle,Madison Brengle,1,2,28,2026-08-04T06:37:42Z
2026-07-28,WTA,Odlum Brown VanOpen,Caroline Dolehide,Lu Jia-Jing,Lu Jia-Jing,0,2,22,2026-08-04T06:37:42Z
2026-07-28,WTA,Odlum Brown VanOpen,Mananchaya Sawangkaew,En-Shuo Liang,Mananchaya Sawangkaew,2,0,18,2026-08-04T06:37:42Z
2026-07-28,WTA,Odlum Brown VanOpen,Nao Hibino,Teah Chavez,Nao Hibino,2,0,15,2026-08-04T06:37:42Z
2026-07-28,WTA,Odlum Brown VanOpen,Mai Hontama,Kayla Day,Mai Hontama,2,1,32,2026-08-04T06:37:42Z
2026-07-28,WTA,Odlum Brown VanOpen,Miho Kuramochi,Moyuka Uchijima,Moyuka Uchijima,0,2,17,2026-08-04T06:37:42Z
2026-07-28,WTA,Odlum Brown VanOpen,Kyoka Okamura,Hayu Kinoshita,Hayu Kinoshita,0,2,17,2026-08-04T06:37:42Z
2026-07-28,WTA,Odlum Brown VanOpen,Carol Zhao,Emerson Jones,Emerson Jones,1,2,29,2026-08-04T06:37:42Z
2026-07-28,WTA,Odlum Brown VanOpen,Ellie Schoppe,Priscilla Hon,Priscilla Hon,0,2,19,2026-08-04T06:37:42Z
2026-07-28,WTA,The Memphis Classic,Storm Hunter,Camila Osorio,Camila Osorio,0,2,24,2026-08-04T06:37:42Z
2026-07-28,WTA,The Memphis Classic,Elvina Kalieva,Katherine Sebov,Elvina Kalieva,2,0,20,2026-08-04T06:37:42Z
2026-07-28,WTA,The Memphis Classic,Catherine McNally,Wang Xiyu,Catherine McNally,2,1,32,2026-08-04T06:37:42Z
2026-07-28,WTA,The Memphis Classic,Cadence Brace,Zeynep Sonmez,Zeynep Sonmez,1,2,28,2026-08-04T06:37:42Z
2026-07-28,WTA,The Memphis Classic,Kristina Liutova,Ekaterina Alexandrova,Kristina Liutova,2,1,32,2026-08-04T06:37:42Z
2026-07-28,WTA,The Memphis Classic,Sloane Stephens,Yuliia Starodubtseva,Sloane Stephens,2,1,30,2026-08-04T06:37:42Z
2026-07-28,WTA,The Memphis Classic,Peyton Stearns,Mary Stoiana,Peyton Stearns,2,1,29,2026-08-04T06:37:42Z
2026-07-28,WTA,The Memphis Classic,Marina Bassols Ribera,Darja Vidmanova,Darja Vidmanova,1,2,27,2026-08-04T06:37:42Z
2026-07-29,WTA,Axeria Open 2026 powered by Intaro Sport,Irene Burillo,Kaitlin Quevedo,Kaitlin Quevedo,0,2,19,2026-08-04T06:37:42Z
2026-07-29,WTA,Axeria Open 2026 powered by Intaro Sport,Margaux Rouvroy,Alice Rame,Alice Rame,0,2,18,2026-08-04T06:37:42Z
2026-07-29,WTA,Axeria Open 2026 powered by Intaro Sport,Carole Monnet,Elena Ruxandra Bertea,Carole Monnet,2,0,25,2026-08-04T06:37:42Z
2026-07-29,WTA,Axeria Open 2026 powered by Intaro Sport,Caijsa Hennemann,Sara Sorribes Tormo,Sara Sorribes Tormo,0,2,16,2026-08-04T06:37:42Z
2026-07-29,ATP,Mifel Tennis Open by Telcel Oppo,Rodrigo Pacheco Mendez,Sho Shimabukuro,Rodrigo Pacheco Mendez,2,1,33,2026-08-04T06:37:42Z
2026-07-29,ATP,Mifel Tennis Open by Telcel Oppo,Edward Winter,Moise Kouame,Edward Winter,2,0,17,2026-08-04T06:37:42Z
2026-07-29,ATP,Mifel Tennis Open by Telcel Oppo,James Duckworth,Aidan Mayo,James Duckworth,2,1,29,2026-08-04T06:37:42Z
2026-07-29,ATP,Mifel Tennis Open by Telcel Oppo,Corentin Moutet,Jenson Brooksby,Jenson Brooksby,0,2,20,2026-08-04T06:37:42Z
2026-07-29,ATP,Mifel Tennis Open by Telcel Oppo,Arthur Gea,SoonWoo Kwon,Arthur Gea,2,1,31,2026-08-04T06:37:42Z
2026-07-29,ATP,Mifel Tennis Open by Telcel Oppo,Rinky Hijikata,Denis Shapovalov,Denis Shapovalov,1,2,25,2026-08-04T06:37:42Z
2026-07-29,ATP,Mifel Tennis Open by Telcel Oppo,Adam Walton,Dalibor Svrcina,Dalibor Svrcina,1,2,35,2026-08-04T06:37:42Z
2026-07-29,ATP,Mifel Tennis Open by Telcel Oppo,Martin Landaluce,Michael Zheng,Michael Zheng,0,2,19,2026-08-04T06:37:42Z
2026-07-29,ATP,Mubadala DC Open,Lorenzo Musetti,Aleksandar Vukic,Lorenzo Musetti,2,1,30,2026-08-04T06:37:42Z
2026-07-29,ATP,Mubadala DC Open,Stefanos Tsitsipas,Alex de Minaur,Alex de Minaur,1,2,28,2026-08-04T06:37:42Z
2026-07-29,ATP,Mubadala DC Open,Kamil Majchrzak,Taylor Fritz,Taylor Fritz,0,2,19,2026-08-04T06:37:42Z
2026-07-29,ATP,Mubadala DC Open,Adrian Mannarino,Alex Michelsen,Alex Michelsen,0,2,23,2026-08-04T06:37:42Z
2026-07-29,ATP,Mubadala DC Open,Venus Williams,Anastasia Potapova,Anastasia Potapova,0,2,18,2026-08-04T06:37:42Z
2026-07-29,ATP,Mubadala DC Open,Liudmila Samsonova,Wang Xinyu,Liudmila Samsonova,2,0,16,2026-08-04T06:37:42Z
2026-07-29,ATP,Mubadala DC Open,Alexandra Eala,Leylah Fernandez,Alexandra Eala,2,0,21,2026-08-04T06:37:42Z
2026-07-29,ATP,Mubadala DC Open,Elisabetta Cocciaretto,Emma Navarro,Elisabetta Cocciaretto,2,1,28,2026-08-04T06:37:42Z
2026-07-29,ATP,Mubadala DC Open,Naomi Osaka,Ashlyn Krueger,Naomi Osaka,2,0,13,2026-08-04T06:37:42Z
2026-07-29,WTA,Odlum Brown VanOpen,Taylah Preston,Haruka Kaji,Taylah Preston,2,0,14,2026-08-04T06:37:42Z
2026-07-29,WTA,Odlum Brown VanOpen,Kayla Cross,Harriet Dart,Harriet Dart,0,2,15,2026-08-04T06:37:42Z
2026-07-29,WTA,Odlum Brown VanOpen,Emma Si Yu Dong,Yeonwoo Ku,Emma Si Yu Dong,2,1,31,2026-08-04T06:37:42Z
2026-07-29,WTA,Odlum Brown VanOpen,Annabelle Xu,Ariana Arseneault,Ariana Arseneault,0,2,23,2026-08-04T06:37:42Z
2026-07-29,WTA,Odlum Brown VanOpen,Hayu Kinoshita,Moyuka Uchijima,Moyuka Uchijima,1,2,30,2026-08-04T06:37:42Z
2026-07-29,WTA,Odlum Brown VanOpen,Sofia Costoulas,Lizette Cabrera,Sofia Costoulas,2,0,16,2026-08-04T06:37:42Z
2026-07-29,WTA,Odlum Brown VanOpen,Maddison Inglis,Greet Minnen,Maddison Inglis,2,0,16,2026-08-04T06:37:42Z
2026-07-29,WTA,Odlum Brown VanOpen,Lu Jia-Jing,Mai Hontama,Mai Hontama,0,2,18,2026-08-04T06:37:42Z
2026-07-29,WTA,Odlum Brown VanOpen,Himeno Sakatsume,Hong Yi Cody Wong,Himeno Sakatsume,2,1,29,2026-08-04T06:37:42Z
2026-07-29,WTA,Odlum Brown VanOpen,Maddison Inglis,Sofia Costoulas,Maddison Inglis,2,0,18,2026-08-04T06:37:42Z
2026-07-29,WTA,Odlum Brown VanOpen,Mananchaya Sawangkaew,Nao Hibino,Mananchaya Sawangkaew,2,1,24,2026-08-04T06:37:42Z
2026-07-29,WTA,The Memphis Classic,Kimberly Birrell,Ma YeXin,Ma YeXin,0,2,23,2026-08-04T06:37:42Z
2026-07-29,WTA,The Memphis Classic,McCartney Kessler,Renata Zarazua,Renata Zarazua,0,2,17,2026-08-04T06:37:42Z
2026-07-29,WTA,The Memphis Classic,Katie Volynets,Iryna Shymanovich,Katie Volynets,2,0,18,2026-08-04T06:37:42Z
2026-07-29,WTA,The Memphis Classic,Anastasia Zakharova,Camila Osorio,Anastasia Zakharova,2,0,19,2026-08-04T06:37:42Z
2026-07-29,WTA,The Memphis Classic,Elvina Kalieva,Zeynep Sonmez,Elvina Kalieva,2,1,33,2026-08-04T06:37:42Z
2026-07-29,WTA,The Memphis Classic,Renata Zarazua,Tatjana Maria,Renata Zarazua,2,0,20,2026-08-04T06:37:42Z
2026-07-30,WTA,Axeria Open 2026 powered by Intaro Sport,Mia Ristic,Yelyzaveta Kotliar,Mia Ristic,2,1,29,2026-08-04T06:37:42Z
2026-07-30,WTA,Axeria Open 2026 powered by Intaro Sport,Anastasiia Sobolieva,Laura Samson,Laura Samson,0,1,6,2026-08-04T06:37:42Z
2026-07-30,WTA,Axeria Open 2026 powered by Intaro Sport,Lucija Ciric Bagaric,Francesca Jones,Francesca Jones,0,2,21,2026-08-04T06:37:42Z
2026-07-30,WTA,Axeria Open 2026 powered by Intaro Sport,Lucia Bronzetti,Alevtina Ibragimova,Lucia Bronzetti,2,0,17,2026-08-04T06:37:42Z
2026-07-30,ATP,Mifel Tennis Open by Telcel Oppo,Jenson Brooksby,Edward Winter,Jenson Brooksby,2,0,19,2026-08-04T06:37:42Z
2026-07-30,ATP,Mifel Tennis Open by Telcel Oppo,Tristan Boyer,Francisco Cerundolo,Francisco Cerundolo,1,1,20,2026-08-04T06:37:42Z
2026-07-30,ATP,Mifel Tennis Open by Telcel Oppo,Chak Lam Coleman Wong,Jiri Lehecka,Chak Lam Coleman Wong,2,1,26,2026-08-04T06:37:42Z
2026-07-30,ATP,Mifel Tennis Open by Telcel Oppo,Michael Zheng,Arthur Gea,Arthur Gea,1,2,22,2026-08-04T06:37:42Z
2026-07-30,ATP,Mifel Tennis Open by Telcel Oppo,Rodrigo Pacheco Mendez,Denis Shapovalov,Denis Shapovalov,0,2,17,2026-08-04T06:37:42Z
2026-07-30,ATP,Mifel Tennis Open by Telcel Oppo,Karen Khachanov,Bernard Tomic,Bernard Tomic,0,2,18,2026-08-04T06:37:42Z
2026-07-30,ATP,Mifel Tennis Open by Telcel Oppo,Luciano Darderi,Dalibor Svrcina,Dalibor Svrcina,0,1,3,2026-08-04T06:37:42Z
2026-07-30,ATP,Mifel Tennis Open by Telcel Oppo,James Duckworth,Cameron Norrie,Cameron Norrie,0,2,20,2026-08-04T06:37:42Z
2026-07-30,ATP,Mubadala DC Open,Kei Nishikori,Rafael Jodar,Rafael Jodar,0,2,17,2026-08-04T06:37:42Z
2026-07-30,ATP,Mubadala DC Open,Jakub Mensik,Brandon Nakashima,Brandon Nakashima,1,2,32,2026-08-04T06:37:42Z
2026-07-30,ATP,Mubadala DC Open,Cruz Hewitt,Alex de Minaur,Alex de Minaur,0,2,17,2026-08-04T06:37:42Z
2026-07-30,ATP,Mubadala DC Open,Alejandro Tabilo,Terence Atmane,Alejandro Tabilo,2,0,22,2026-08-04T06:37:42Z
2026-07-30,ATP,Mubadala DC Open,Ben Shelton,Ugo Humbert,Ben Shelton,2,1,32,2026-08-04T06:37:42Z
2026-07-30,ATP,Mubadala DC Open,Anna Kalinskaya,Janice Tjen,Anna Kalinskaya,2,1,29,2026-08-04T06:37:42Z
2026-07-30,ATP,Mubadala DC Open,Magdalena Frech,Jessica Pegula,Jessica Pegula,1,2,24,2026-08-04T06:37:42Z
2026-07-30,ATP,Mubadala DC Open,Anastasia Potapova,Diana Shnaider,Diana Shnaider,0,2,15,2026-08-04T06:37:42Z
2026-07-30,WTA,Odlum Brown VanOpen,Himeno Sakatsume,Ariana Arseneault,Himeno Sakatsume,2,0,21,2026-08-04T06:37:42Z
2026-07-30,WTA,Odlum Brown VanOpen,Taylah Preston,Priscilla Hon,Taylah Preston,2,0,23,2026-08-04T06:37:42Z
2026-07-30,WTA,Odlum Brown VanOpen,Emma Si Yu Dong,Harriet Dart,Harriet Dart,1,2,18,2026-08-04T06:37:42Z
2026-07-30,WTA,Odlum Brown VanOpen,Madison Brengle,Emerson Jones,Emerson Jones,1,2,24,2026-08-04T06:37:42Z
2026-07-30,WTA,Odlum Brown VanOpen,Maddison Inglis,Moyuka Uchijima,Maddison Inglis,2,1,32,2026-08-04T06:37:42Z
2026-07-30,WTA,Odlum Brown VanOpen,Himeno Sakatsume,Mai Hontama,Mai Hontama,0,2,16,2026-08-04T06:37:42Z
2026-07-30,WTA,Odlum Brown VanOpen,Mananchaya Sawangkaew,Emerson Jones,Mananchaya Sawangkaew,2,0,17,2026-08-04T06:37:42Z
2026-07-30,WTA,Odlum Brown VanOpen,Taylah Preston,Harriet Dart,Taylah Preston,2,0,18,2026-08-04T06:37:42Z
2026-07-30,WTA,The Memphis Classic,Maya Joint,Kristina Liutova,Kristina Liutova,1,2,27,2026-08-04T06:37:42Z
2026-07-30,WTA,The Memphis Classic,Catherine McNally,Ma YeXin,Catherine McNally,2,0,17,2026-08-04T06:37:42Z
2026-07-30,WTA,The Memphis Classic,Peyton Stearns,Tatiana Prozorova,Peyton Stearns,2,0,15,2026-08-04T06:37:42Z
2026-07-30,WTA,The Memphis Classic,Darja Vidmanova,Sloane Stephens,Darja Vidmanova,2,0,18,2026-08-04T06:37:42Z
2026-07-31,WTA,Axeria Open 2026 powered by Intaro Sport,Carole Monnet,Kaitlin Quevedo,Kaitlin Quevedo,0,2,22,2026-08-04T06:37:42Z
2026-07-31,WTA,Axeria Open 2026 powered by Intaro Sport,Mia Ristic,Laura Samson,Laura Samson,1,2,31,2026-08-04T06:37:42Z
2026-07-31,WTA,Axeria Open 2026 powered by Intaro Sport,Alice Rame,Francesca Jones,Francesca Jones,0,2,15,2026-08-04T06:37:42Z
2026-07-31,WTA,Axeria Open 2026 powered by Intaro Sport,Lucia Bronzetti,Sara Sorribes Tormo,Lucia Bronzetti,2,1,29,2026-08-04T06:37:42Z
2026-07-31,ATP,Mifel Tennis Open by Telcel Oppo,Arthur Gea,Francisco Cerundolo,Arthur Gea,2,1,29,2026-08-04T06:37:42Z
2026-07-31,ATP,Mifel Tennis Open by Telcel Oppo,Jenson Brooksby,Chak Lam Coleman Wong,Chak Lam Coleman Wong,0,2,19,2026-08-04T06:37:42Z
2026-07-31,ATP,Mifel Tennis Open by Telcel Oppo,Dalibor Svrcina,Denis Shapovalov,Denis Shapovalov,0,2,18,2026-08-04T06:37:42Z
2026-07-31,ATP,Mifel Tennis Open by Telcel Oppo,Bernard Tomic,Cameron Norrie,Cameron Norrie,0,2,13,2026-08-04T06:37:42Z
2026-07-31,ATP,Mubadala DC Open,Brandon Nakashima,Alex de Minaur,Brandon Nakashima,2,0,23,2026-08-04T06:37:42Z
2026-07-31,ATP,Mubadala DC Open,Alex Michelsen,Taylor Fritz,Taylor Fritz,1,2,29,2026-08-04T06:37:42Z
2026-07-31,ATP,Mubadala DC Open,Lorenzo Musetti,Rafael Jodar,Rafael Jodar,1,2,24,2026-08-04T06:37:42Z
2026-07-31,ATP,Mubadala DC Open,Elina Svitolina,Polina Kudermetova,Elina Svitolina,2,0,23,2026-08-04T06:37:42Z
2026-07-31,ATP,Mubadala DC Open,Anna Kalinskaya,Jessica Pegula,Jessica Pegula,0,2,21,2026-08-04T06:37:42Z
2026-07-31,ATP,Mubadala DC Open,Naomi Osaka,Elisabetta Cocciaretto,Naomi Osaka,2,1,29,2026-08-04T06:37:42Z
2026-07-31,ATP,Mubadala DC Open,Liudmila Samsonova,Diana Shnaider,Diana Shnaider,0,2,19,2026-08-04T06:37:42Z
2026-07-31,ATP,Mubadala DC Open,Elina Svitolina,Alexandra Eala,Alexandra Eala,0,2,19,2026-08-04T06:37:42Z
2026-07-31,WTA,Odlum Brown VanOpen,Mai Hontama,Maddison Inglis,Maddison Inglis,0,2,19,2026-08-04T06:37:42Z
2026-07-31,WTA,Odlum Brown VanOpen,Mananchaya Sawangkaew,Taylah Preston,Taylah Preston,1,2,30,2026-08-04T06:37:42Z
2026-07-31,WTA,The Memphis Classic,Catherine McNally,Kristina Liutova,Kristina Liutova,0,2,19,2026-08-04T06:37:42Z
2026-07-31,WTA,The Memphis Classic,Peyton Stearns,Elvina Kalieva,Elvina Kalieva,1,2,24,2026-08-04T06:37:42Z
2026-07-31,WTA,The Memphis Classic,Renata Zarazua,Anastasia Zakharova,Renata Zarazua,2,0,16,2026-08-04T06:37:42Z
2026-08-01,WTA,Axeria Open 2026 powered by Intaro Sport,Francesca Jones,Kaitlin Quevedo,Kaitlin Quevedo,0,1,13,2026-08-04T06:37:42Z
2026-08-01,WTA,Axeria Open 2026 powered by Intaro Sport,Laura Samson,Lucia Bronzetti,Laura Samson,2,0,22,2026-08-04T06:37:42Z
2026-08-01,ATP,Mifel Tennis Open by Telcel Oppo,Arthur Gea,Chak Lam Coleman Wong,Arthur Gea,2,0,22,2026-08-04T06:37:42Z
2026-08-01,ATP,Mifel Tennis Open by Telcel Oppo,Denis Shapovalov,Cameron Norrie,Denis Shapovalov,2,1,31,2026-08-04T06:37:42Z
2026-08-01,ATP,Mubadala DC Open,Ben Shelton,Alejandro Tabilo,Alejandro Tabilo,1,2,32,2026-08-04T06:37:42Z
2026-08-01,ATP,Mubadala DC Open,Taylor Fritz,Brandon Nakashima,Taylor Fritz,2,1,27,2026-08-04T06:37:42Z
2026-08-01,ATP,Mubadala DC Open,Diana Shnaider,Jessica Pegula,Jessica Pegula,0,2,22,2026-08-04T06:37:42Z
2026-08-01,ATP,Mubadala DC Open,Alexandra Eala,Naomi Osaka,Alexandra Eala,2,0,18,2026-08-04T06:37:42Z
2026-08-01,ATP,National Bank Open presented by Rogers,Nicolas Mejia,Marco Trungelliti,Nicolas Mejia,2,1,29,2026-08-04T06:37:42Z
2026-08-01,ATP,National Bank Open presented by Rogers,Henrique Rocha,Martin Damm,Martin Damm,0,2,22,2026-08-04T06:37:42Z
2026-08-01,ATP,National Bank Open presented by Rogers,Kyrian Jacquet,Aleksandr Shevchenko,Kyrian Jacquet,2,1,29,2026-08-04T06:37:42Z
2026-08-01,ATP,National Bank Open presented by Rogers,Pablo Llamas Ruiz,Marcos Giron,Marcos Giron,1,2,24,2026-08-04T06:37:42Z
2026-08-01,ATP,National Bank Open presented by Rogers,Kei Nishikori,Michael Zheng,Michael Zheng,0,2,16,2026-08-04T06:37:42Z
2026-08-01,ATP,National Bank Open presented by Rogers,Thanasi Kokkinakis,Alexei Popyrin,Alexei Popyrin,1,1,15,2026-08-04T06:37:42Z
2026-08-01,ATP,National Bank Open presented by Rogers,Justin Boulais,Adam Walton,Adam Walton,0,2,25,2026-08-04T06:37:42Z
2026-08-01,ATP,National Bank Open presented by Rogers,Sebastian Ofner,Jacob Fearnley,Jacob Fearnley,0,2,21,2026-08-04T06:37:42Z
2026-08-01,ATP,National Bank Open presented by Rogers,Tomas Barrios Vera,Aleksandar Vukic,Aleksandar Vukic,0,2,21,2026-08-04T06:37:42Z
2026-08-01,ATP,National Bank Open presented by Rogers,Nicolai Budkov Kjaer,Sho Shimabukuro,Sho Shimabukuro,0,2,19,2026-08-04T06:37:42Z
2026-08-01,ATP,National Bank Open presented by Rogers,Duncan Chan,Hugo Gaston,Duncan Chan,2,1,29,2026-08-04T06:37:42Z
2026-08-01,ATP,National Bank Open presented by Rogers,Hugo Dellien,Benjamin Bonzi,Benjamin Bonzi,0,2,20,2026-08-04T06:37:42Z
2026-08-01,ATP,National Bank Open presented by Rogers,Christopher O'Connell,Jaime Faria,Christopher O'Connell,2,1,31,2026-08-04T06:37:42Z
2026-08-01,ATP,National Bank Open presented by Rogers,Dane Sweeny,Shintaro Mochizuki,Shintaro Mochizuki,1,2,29,2026-08-04T06:37:42Z
2026-08-01,ATP,National Bank Open presented by Rogers,Keegan Rice,Stefanos Tsitsipas,Stefanos Tsitsipas,0,2,19,2026-08-04T06:37:42Z
2026-08-01,ATP,National Bank Open presented by Rogers,Titouan Droguet,Dalibor Svrcina,Titouan Droguet,2,1,29,2026-08-04T06:37:42Z
2026-08-01,ATP,National Bank Open presented by Rogers,Marina Bassols Ribera,Victoria Jimenez Kasintseva,Victoria Jimenez Kasintseva,1,2,23,2026-08-04T06:37:42Z
2026-08-01,ATP,National Bank Open presented by Rogers,Aoi Ito,Oksana Selekhmeteva,Aoi Ito,2,1,29,2026-08-04T06:37:42Z
2026-08-01,ATP,National Bank Open presented by Rogers,Lois Boisson,Emiliana Arango,Lois Boisson,2,0,20,2026-08-04T06:37:42Z
2026-08-01,ATP,National Bank Open presented by Rogers,Zhu Lin,Leolia Jeanjean,Leolia Jeanjean,1,2,25,2026-08-04T06:37:42Z
2026-08-01,ATP,National Bank Open presented by Rogers,Zheng Qinwen,Lanlana Tararudee,Lanlana Tararudee,0,2,19,2026-08-04T06:37:42Z
2026-08-01,ATP,National Bank Open presented by Rogers,Isabella Marton,Tatjana Maria,Tatjana Maria,0,2,17,2026-08-04T06:37:42Z
2026-08-01,ATP,National Bank Open presented by Rogers,Mary Stoiana,Alina Korneeva,Alina Korneeva,1,2,27,2026-08-04T06:37:42Z
2026-08-01,ATP,National Bank Open presented by Rogers,Himeno Sakatsume,Moyuka Uchijima,Moyuka Uchijima,0,2,18,2026-08-04T06:37:42Z
2026-08-01,ATP,National Bank Open presented by Rogers,Lucrezia Stefanini,Sofia Kenin,Lucrezia Stefanini,2,1,27,2026-08-04T06:37:42Z
2026-08-01,ATP,National Bank Open presented by Rogers,Avery Alexander,Polina Kudermetova,Polina Kudermetova,0,2,20,2026-08-04T06:37:42Z
2026-08-01,ATP,National Bank Open presented by Rogers,Kayla Day,Guo Hanyu,Kayla Day,2,0,20,2026-08-04T06:37:42Z
2026-08-01,ATP,National Bank Open presented by Rogers,Heather Watson,Anna Blinkova,Anna Blinkova,0,2,20,2026-08-04T06:37:42Z
2026-08-01,ATP,National Bank Open presented by Rogers,Ana Grubor,Maya Joint,Maya Joint,1,2,34,2026-08-04T06:37:42Z
2026-08-01,ATP,National Bank Open presented by Rogers,Sloane Stephens,Harriet Dart,Sloane Stephens,2,1,23,2026-08-04T06:37:42Z
2026-08-01,ATP,National Bank Open presented by Rogers,Rebecca Sramkova,Mananchaya Sawangkaew,Rebecca Sramkova,2,0,17,2026-08-04T06:37:42Z
2026-08-01,ATP,National Bank Open presented by Rogers,Emerson Jones,Varvara Lepchenko,Emerson Jones,2,1,29,2026-08-04T06:37:42Z
2026-08-01,WTA,Odlum Brown VanOpen,Taylah Preston,Maddison Inglis,Taylah Preston,2,0,22,2026-08-04T06:37:42Z
2026-08-01,WTA,The Memphis Classic,Katie Volynets,Darja Vidmanova,Darja Vidmanova,1,2,30,2026-08-04T06:37:42Z
2026-08-01,WTA,The Memphis Classic,Elvina Kalieva,Kristina Liutova,Kristina Liutova,0,2,19,2026-08-04T06:37:42Z
2026-08-01,WTA,The Memphis Classic,Renata Zarazua,Darja Vidmanova,Darja Vidmanova,0,2,18,2026-08-04T06:37:42Z
2026-08-02,WTA,Axeria Open 2026 powered by Intaro Sport,Laura Samson,Kaitlin Quevedo,Laura Samson,2,1,24,2026-08-04T06:37:42Z
2026-08-02,ATP,Mifel Tennis Open by Telcel Oppo,Denis Shapovalov,Arthur Gea,Arthur Gea,0,2,19,2026-08-04T06:37:42Z
2026-08-02,ATP,Mubadala DC Open,Alejandro Tabilo,Rafael Jodar,Rafael Jodar,1,2,33,2026-08-04T06:37:42Z
2026-08-02,ATP,National Bank Open presented by Rogers,Shang Juncheng,Adolfo Daniel Vallejo,Shang Juncheng,2,0,18,2026-08-04T06:37:42Z
2026-08-02,ATP,National Bank Open presented by Rogers,Rinky Hijikata,Jaume Munar,Jaume Munar,0,2,22,2026-08-04T06:37:42Z
2026-08-02,ATP,National Bank Open presented by Rogers,Venus Williams,Kamilla Rakhimova,Kamilla Rakhimova,0,2,17,2026-08-04T06:37:42Z
2026-08-02,ATP,National Bank Open presented by Rogers,Viktorija Golubic,Kimberly Birrell,Viktorija Golubic,2,0,23,2026-08-04T06:37:42Z
2026-08-02,ATP,National Bank Open presented by Rogers,Sara Bejlek,Wang Xiyu,Sara Bejlek,2,1,31,2026-08-04T06:37:42Z
2026-08-02,ATP,National Bank Open presented by Rogers,Ariana Arseneault,Jessica Bouzas Maneiro,Jessica Bouzas Maneiro,0,2,18,2026-08-04T06:37:42Z
2026-08-02,ATP,National Bank Open presented by Rogers,Katherine Sebov,Aoi Ito,Katherine Sebov,2,0,19,2026-08-04T06:37:42Z
2026-08-02,ATP,National Bank Open presented by Rogers,Cristina Bucsa,Moyuka Uchijima,Moyuka Uchijima,0,2,19,2026-08-04T06:37:42Z
2026-08-02,ATP,National Bank Open presented by Rogers,Camila Osorio,Lucrezia Stefanini,Camila Osorio,2,0,22,2026-08-04T06:37:42Z
2026-08-02,WTA,The Memphis Classic,Darja Vidmanova,Kristina Liutova,Kristina Liutova,1,2,23,2026-08-04T06:37:42Z
2026-08-02,WTA,Warsaw T-Mobile Polish Open,Nika Hurkacz,Lia Karatancheva,Lia Karatancheva,0,2,14,2026-08-04T06:37:42Z
2026-08-02,WTA,Warsaw T-Mobile Polish Open,Georgina Garcia Perez,Elena Micic,Elena Micic,0,2,23,2026-08-04T06:37:42Z
2026-08-02,WTA,Warsaw T-Mobile Polish Open,Urszula Radwanska,Marcelina Podlinska,Urszula Radwanska,2,0,16,2026-08-04T06:37:42Z
2026-08-02,WTA,Warsaw T-Mobile Polish Open,Daria Gorska,Alana Smith,Alana Smith,0,2,20,2026-08-04T06:37:42Z
2026-08-03,ATP,Mubadala DC Open,Rafael Jodar,Taylor Fritz,Taylor Fritz,0,2,23,2026-08-04T06:37:42Z
2026-08-03,ATP,Mubadala DC Open,Alexandra Eala,Jessica Pegula,Alexandra Eala,2,1,26,2026-08-04T06:37:42Z
2026-08-03,ATP,National Bank Open presented by Rogers,Mariano Navone,Matteo Berrettini,Mariano Navone,2,1,31,2026-08-04T06:37:42Z
2026-08-03,ATP,National Bank Open presented by Rogers,Vit Kopriva,Alexis Galarneau,Vit Kopriva,2,0,20,2026-08-04T06:37:42Z
2026-08-03,ATP,National Bank Open presented by Rogers,Martin Landaluce,Nicolas Mejia,Nicolas Mejia,1,2,29,2026-08-04T06:37:42Z
2026-08-03,ATP,National Bank Open presented by Rogers,Titouan Droguet,Luca Van Assche,Titouan Droguet,2,1,31,2026-08-04T06:37:42Z
2026-08-03,ATP,National Bank Open presented by Rogers,Christopher O'Connell,James Duckworth,James Duckworth,0,2,16,2026-08-04T06:37:42Z
2026-08-03,ATP,National Bank Open presented by Rogers,Yannick Hanfmann,Benjamin Bonzi,Yannick Hanfmann,2,1,25,2026-08-04T06:37:42Z
2026-08-03,ATP,National Bank Open presented by Rogers,Nuno Borges,Aleksandar Kovacevic,Nuno Borges,2,1,31,2026-08-04T06:37:42Z
2026-08-03,ATP,National Bank Open presented by Rogers,Kyrian Jacquet,Gabriel Diallo,Gabriel Diallo,1,2,30,2026-08-04T06:37:42Z
2026-08-03,ATP,National Bank Open presented by Rogers,Polina Kudermetova,Alina Korneeva,Alina Korneeva,0,2,9,2026-08-04T06:37:42Z
2026-08-03,ATP,National Bank Open presented by Rogers,Karolina Pliskova,Oleksandra Oliynykova,Karolina Pliskova,2,0,20,2026-08-04T06:37:42Z
2026-08-03,ATP,National Bank Open presented by Rogers,Anna Bondar,Anhelina Kalinina,Anna Bondar,2,0,22,2026-08-04T06:37:42Z
2026-08-03,ATP,National Bank Open presented by Rogers,Kayla Day,Diane Parry,Kayla Day,2,1,30,2026-08-04T06:37:42Z
2026-08-03,ATP,National Bank Open presented by Rogers,Kayla Cross,Katie Boulter,Kayla Cross,2,0,25,2026-08-04T06:37:42Z
2026-08-03,ATP,National Bank Open presented by Rogers,Elisabetta Cocciaretto,Talia Gibson,Talia Gibson,0,2,13,2026-08-04T06:37:42Z
2026-08-03,ATP,National Bank Open presented by Rogers,Cadence Brace,McCartney Kessler,McCartney Kessler,0,2,18,2026-08-04T06:37:42Z
2026-08-03,ATP,National Bank Open presented by Rogers,Anna Blinkova,Rebecca Sramkova,Rebecca Sramkova,0,2,18,2026-08-04T06:37:42Z
2026-08-03,ATP,National Bank Open presented by Rogers,Peyton Stearns,Elena-Gabriela Ruse,Elena-Gabriela Ruse,0,2,18,2026-08-04T06:37:42Z
2026-08-03,ATP,National Bank Open presented by Rogers,Zhang Shuai,Yulia Putintseva,Zhang Shuai,2,0,17,2026-08-04T06:37:42Z
2026-08-03,ATP,National Bank Open presented by Rogers,Leolia Jeanjean,Magdalena Frech,Magdalena Frech,0,2,21,2026-08-04T06:37:42Z
2026-08-03,ATP,National Bank Open presented by Rogers,Bianca Andreescu,Nikola Bartunkova,Nikola Bartunkova,0,2,22,2026-08-04T06:37:42Z
2026-08-03,ATP,National Bank Open presented by Rogers,Lanlana Tararudee,Emerson Jones,Lanlana Tararudee,2,0,21,2026-08-04T06:37:42Z
2026-08-03,ATP,National Bank Open presented by Rogers,Liudmila Samsonova,Janice Tjen,Liudmila Samsonova,2,0,25,2026-08-04T06:37:42Z
2026-08-03,ATP,National Bank Open presented by Rogers,Antonia Ruzic,Lois Boisson,Antonia Ruzic,2,1,26,2026-08-04T06:37:42Z
2026-08-03,ATP,National Bank Open presented by Rogers,Magda Linette,Carol Zhao,Magda Linette,2,1,27,2026-08-04T06:37:42Z
2026-08-03,ATP,National Bank Open presented by Rogers,Alycia Parks,Victoria Jimenez Kasintseva,Alycia Parks,2,0,20,2026-08-04T06:37:42Z
2026-08-03,ATP,National Bank Open presented by Rogers,Maya Joint,Yuliia Starodubtseva,Maya Joint,2,1,26,2026-08-04T06:37:42Z
2026-08-03,ATP,National Bank Open presented by Rogers,Taylor Townsend,Tereza Valentova,Taylor Townsend,2,0,22,2026-08-04T06:37:42Z
2026-08-03,ATP,National Bank Open presented by Rogers,Eva Lys,Panna Udvardy,Panna Udvardy,1,2,23,2026-08-04T06:37:42Z
2026-08-03,ATP,National Bank Open presented by Rogers,Tamara Korpatsch,Renata Zarazua,Renata Zarazua,1,2,23,2026-08-04T06:37:42Z
2026-08-03,ATP,National Bank Open presented by Rogers,Zeynep Sonmez,Rebecca Marino,Zeynep Sonmez,2,0,22,2026-08-04T06:37:42Z
2026-08-03,WTA,Warsaw T-Mobile Polish Open,Noma Noha Akugue,Julia Avdeeva,Noma Noha Akugue,2,0,17,2026-08-04T06:37:42Z
2026-08-03,WTA,Warsaw T-Mobile Polish Open,Urszula Radwanska,Aliona Falei,Aliona Falei,0,2,17,2026-08-04T06:37:42Z
2026-08-03,WTA,Warsaw T-Mobile Polish Open,Veronika Podrez,Elena Micic,Veronika Podrez,2,0,22,2026-08-04T06:37:42Z
2026-08-03,WTA,Warsaw T-Mobile Polish Open,Weronika Falkowska,Amelia Paszun,Weronika Falkowska,2,0,14,2026-08-04T06:37:42Z
2026-08-03,WTA,Warsaw T-Mobile Polish Open,Linda Fruhvirtova,Katarzyna Kawa,Katarzyna Kawa,1,2,33,2026-08-04T06:37:42Z
2026-08-03,WTA,Warsaw T-Mobile Polish Open,Yuan Yue,Alana Smith,Yuan Yue,2,0,17,2026-08-04T06:37:42Z
2026-08-03,WTA,Warsaw T-Mobile Polish Open,Martyna Kubka,Teodora Kostovic,Martyna Kubka,2,1,28,2026-08-04T06:37:42Z
2026-08-04,ATP,National Bank Open presented by Rogers,Miomir Kecmanovic,Michael Zheng,Miomir Kecmanovic,2,1,33,2026-08-04T06:37:42Z
2026-08-04,ATP,National Bank Open presented by Rogers,Marin Cilic,Sho Shimabukuro,Marin Cilic,2,0,20,2026-08-04T06:37:42Z
2026-08-04,ATP,National Bank Open presented by Rogers,Daniel Altmaier,Aleksandar Vukic,Daniel Altmaier,2,1,36,2026-08-04T06:37:42Z
2026-08-04,ATP,National Bank Open presented by Rogers,Jan-Lennard Struff,Alex Michelsen,Alex Michelsen,1,2,23,2026-08-04T06:37:42Z
2026-08-04,ATP,National Bank Open presented by Rogers,Corentin Moutet,Marton Fucsovics,Corentin Moutet,2,0,15,2026-08-04T06:37:42Z
2026-08-04,ATP,National Bank Open presented by Rogers,Cameron Norrie,Camilo Ugo Carabelli,Cameron Norrie,2,0,23,2026-08-04T06:37:42Z
2026-08-04,ATP,National Bank Open presented by Rogers,Gael Monfils,Kamil Majchrzak,Gael Monfils,2,0,20,2026-08-04T06:37:42Z
2026-08-04,ATP,National Bank Open presented by Rogers,Catherine McNally,Tatjana Maria,Catherine McNally,2,1,30,2026-08-04T06:37:42Z
2026-08-04,ATP,National Bank Open presented by Rogers,Sloane Stephens,Solana Sierra,Sloane Stephens,2,0,19,2026-08-04T06:37:42Z
2026-08-04,ATP,National Bank Open presented by Rogers,Daria Kasatkina,Wang Xinyu,Daria Kasatkina,2,1,32,2026-08-04T06:37:42Z
2026-08-04,ATP,National Bank Open presented by Rogers,Thiago Agustin Tirante,Duncan Chan,Thiago Agustin Tirante,2,1,29,2026-08-05T08:52:30Z
2026-08-04,ATP,National Bank Open presented by Rogers,Mattia Bellucci,Sebastian Baez,Sebastian Baez,0,2,21,2026-08-05T08:52:30Z
2026-08-04,ATP,National Bank Open presented by Rogers,Jenson Brooksby,Adam Walton,Jenson Brooksby,2,0,19,2026-08-05T08:52:30Z
2026-08-04,ATP,National Bank Open presented by Rogers,Marcos Giron,Hubert Hurkacz,Hubert Hurkacz,1,2,30,2026-08-05T08:52:30Z
2026-08-04,ATP,National Bank Open presented by Rogers,Stefanos Tsitsipas,Martin Damm,Stefanos Tsitsipas,2,0,20,2026-08-05T08:52:30Z
2026-08-04,ATP,National Bank Open presented by Rogers,Adrian Mannarino,Jacob Fearnley,Jacob Fearnley,0,2,23,2026-08-05T08:52:30Z
2026-08-04,ATP,National Bank Open presented by Rogers,Valentin Royer,Pablo Carreno Busta,Valentin Royer,2,1,27,2026-08-05T08:52:30Z
2026-08-04,ATP,National Bank Open presented by Rogers,Denis Shapovalov,Zachary Svajda,Zachary Svajda,1,2,23,2026-08-05T08:52:30Z
2026-08-04,ATP,National Bank Open presented by Rogers,Liam Draxl,Daniel Merida,Daniel Merida,1,2,29,2026-08-05T08:52:30Z
2026-08-04,ATP,National Bank Open presented by Rogers,Roman Andres Burruchaga,Alexei Popyrin,Alexei Popyrin,1,2,31,2026-08-05T08:52:30Z
2026-08-04,ATP,National Bank Open presented by Rogers,Hamad Medjedovic,Juan Manuel Cerundolo,Juan Manuel Cerundolo,0,2,18,2026-08-05T08:52:30Z
2026-08-04,ATP,National Bank Open presented by Rogers,Jack Draper,Terence Atmane,Terence Atmane,1,2,25,2026-08-05T08:52:30Z
2026-08-04,ATP,National Bank Open presented by Rogers,Botic Van De Zandschulp,Giovanni Mpetshi Perricard,Botic Van De Zandschulp,2,1,26,2026-08-05T08:52:30Z
2026-08-04,ATP,National Bank Open presented by Rogers,Tallon Griekspoor,Lorenzo Sonego,Tallon Griekspoor,2,0,25,2026-08-05T08:52:30Z
2026-08-04,ATP,National Bank Open presented by Rogers,Andrey Rublev,Shang Juncheng,Shang Juncheng,1,2,35,2026-08-05T08:52:30Z
2026-08-04,ATP,National Bank Open presented by Rogers,Alexander Blockx,Jaume Munar,Alexander Blockx,,,,2026-08-05T08:52:30Z
2026-08-04,ATP,National Bank Open presented by Rogers,Fabian Marozsan,Shintaro Mochizuki,Fabian Marozsan,2,0,19,2026-08-05T08:52:30Z
2026-08-04,ATP,National Bank Open presented by Rogers,Vit Kopriva,Jiri Lehecka,Jiri Lehecka,0,2,18,2026-08-05T08:52:30Z
2026-08-04,ATP,National Bank Open presented by Rogers,Daniel Altmaier,Brandon Nakashima,Brandon Nakashima,0,2,15,2026-08-05T08:52:30Z
2026-08-04,ATP,National Bank Open presented by Rogers,Marin Cilic,Frances Tiafoe,Frances Tiafoe,1,2,28,2026-08-05T08:52:30Z
2026-08-04,ATP,National Bank Open presented by Rogers,Alex de Minaur,James Duckworth,Alex de Minaur,2,0,21,2026-08-05T08:52:30Z
2026-08-04,ATP,National Bank Open presented by Rogers,Jessica Bouzas Maneiro,Elina Svitolina,Elina Svitolina,1,2,36,2026-08-05T08:52:30Z
2026-08-04,ATP,National Bank Open presented by Rogers,Iga Swiatek,Sara Bejlek,Iga Swiatek,2,0,15,2026-08-05T08:52:30Z
2026-08-04,ATP,National Bank Open presented by Rogers,Ekaterina Alexandrova,Camila Osorio,Ekaterina Alexandrova,2,0,22,2026-08-05T08:52:30Z
2026-08-04,ATP,National Bank Open presented by Rogers,Viktorija Golubic,Donna Vekic,Viktorija Golubic,2,1,29,2026-08-05T08:52:30Z
2026-08-04,ATP,National Bank Open presented by Rogers,Diana Shnaider,Rebecca Sramkova,Diana Shnaider,2,1,25,2026-08-05T08:52:30Z
2026-08-04,ATP,National Bank Open presented by Rogers,Katherine Sebov,Marta Kostyuk,Marta Kostyuk,0,2,19,2026-08-05T08:52:30Z
2026-08-04,ATP,National Bank Open presented by Rogers,Talia Gibson,Maja Chwalinska,Talia Gibson,2,0,19,2026-08-05T08:52:30Z
2026-08-04,ATP,National Bank Open presented by Rogers,Anastasia Potapova,Elena-Gabriela Ruse,Anastasia Potapova,2,0,18,2026-08-05T08:52:30Z
2026-08-04,ATP,National Bank Open presented by Rogers,Madison Keys,Antonia Ruzic,Madison Keys,2,0,15,2026-08-05T08:52:30Z
2026-08-04,ATP,National Bank Open presented by Rogers,Jelena Ostapenko,Zhang Shuai,Zhang Shuai,0,2,10,2026-08-05T08:52:30Z
2026-08-04,ATP,National Bank Open presented by Rogers,Katerina Siniakova,Kamilla Rakhimova,Kamilla Rakhimova,1,2,26,2026-08-05T08:52:30Z
2026-08-04,ATP,National Bank Open presented by Rogers,McCartney Kessler,Anna Kalinskaya,Anna Kalinskaya,1,2,31,2026-08-05T08:52:30Z
2026-08-04,ATP,National Bank Open presented by Rogers,Moyuka Uchijima,Aryna Sabalenka,Aryna Sabalenka,0,2,18,2026-08-05T08:52:30Z
2026-08-04,WTA,Warsaw T-Mobile Polish Open,Justina Mikulskyte,Weronika Ewald,Justina Mikulskyte,2,0,21,2026-08-05T08:52:30Z
2026-08-04,WTA,Warsaw T-Mobile Polish Open,Carol Young Suh Lee,Elsa Jacquemot,Carol Young Suh Lee,2,0,20,2026-08-05T08:52:30Z
2026-08-04,WTA,Warsaw T-Mobile Polish Open,Susan Bandecchi,Viktoria Hruncakova,Susan Bandecchi,2,0,20,2026-08-05T08:52:30Z
2026-08-04,WTA,Warsaw T-Mobile Polish Open,Ella Seidel,Dalma Galfi,Ella Seidel,2,0,16,2026-08-05T08:52:30Z
2026-08-04,WTA,Warsaw T-Mobile Polish Open,Elizara Yaneva,Linda Klimovicova,Elizara Yaneva,2,1,27,2026-08-05T08:52:30Z
2026-08-04,WTA,Warsaw T-Mobile Polish Open,Vendula Valdmannova,Marcelina Podlinska,Vendula Valdmannova,2,0,15,2026-08-05T08:52:30Z
2026-08-04,WTA,Warsaw T-Mobile Polish Open,Sofia Costoulas,Gabriela Knutson,Gabriela Knutson,0,2,18,2026-08-05T08:52:30Z
2026-08-04,WTA,Warsaw T-Mobile Polish Open,Mona Barthel,Laura Samson,Mona Barthel,2,0,21,2026-08-05T08:52:30Z
2026-08-04,WTA,Warsaw T-Mobile Polish Open,Lia Karatancheva,Zuzanna Pawlikowska,Zuzanna Pawlikowska,0,2,18,2026-08-05T08:52:30Z
2026-08-05,ATP,National Bank Open presented by Rogers,Yannick Hanfmann,Flavio Cobolli,Yannick Hanfmann,2,0,26,2026-08-05T08:52:30Z
2026-08-05,ATP,National Bank Open presented by Rogers,Gabriel Diallo,Luciano Darderi,Luciano Darderi,1,1,15,2026-08-05T08:52:30Z
2026-08-05,ATP,National Bank Open presented by Rogers,Amanda Anisimova,Lanlana Tararudee,Amanda Anisimova,,,,2026-08-05T08:52:30Z
2026-08-05,ATP,National Bank Open presented by Rogers,Nikola Bartunkova,Clara Tauson,Nikola Bartunkova,2,0,19,2026-08-05T08:52:30Z
2026-08-05,ATP,National Bank Open presented by Rogers,Tomas Martin Etcheverry,Nuno Borges,Nuno Borges,0,2,18,2026-08-06T02:07:29Z
2026-08-05,ATP,National Bank Open presented by Rogers,Sebastian Baez,Zizou Bergs,Zizou Bergs,1,2,26,2026-08-06T02:07:29Z
2026-08-05,ATP,National Bank Open presented by Rogers,Lorenzo Musetti,Nicolas Mejia,Lorenzo Musetti,2,0,21,2026-08-06T02:07:29Z
2026-08-05,ATP,National Bank Open presented by Rogers,Mariano Navone,Valentin Vacherot,Mariano Navone,2,1,25,2026-08-06T02:07:29Z
2026-08-05,ATP,National Bank Open presented by Rogers,Joao Fonseca,Stefanos Tsitsipas,Joao Fonseca,2,0,25,2026-08-06T02:07:29Z
2026-08-05,ATP,National Bank Open presented by Rogers,Arthur Rinderknech,Miomir Kecmanovic,Arthur Rinderknech,2,1,33,2026-08-06T02:07:29Z
2026-08-05,ATP,National Bank Open presented by Rogers,Cameron Norrie,Ignacio Buse,Cameron Norrie,2,0,18,2026-08-06T02:07:29Z
2026-08-05,ATP,National Bank Open presented by Rogers,Ben Shelton,Jenson Brooksby,Ben Shelton,2,0,21,2026-08-06T02:07:29Z
2026-08-05,ATP,National Bank Open presented by Rogers,Arthur Fils,Zachary Svajda,Arthur Fils,2,1,26,2026-08-06T02:07:29Z
2026-08-05,ATP,National Bank Open presented by Rogers,Juan Manuel Cerundolo,Casper Ruud,Casper Ruud,0,2,15,2026-08-06T02:07:29Z
2026-08-05,ATP,National Bank Open presented by Rogers,Taylor Fritz,Thiago Agustin Tirante,Thiago Agustin Tirante,0,2,21,2026-08-06T02:07:29Z
2026-08-05,ATP,National Bank Open presented by Rogers,Alejandro Tabilo,Hubert Hurkacz,Hubert Hurkacz,0,2,23,2026-08-06T02:07:29Z
2026-08-05,ATP,National Bank Open presented by Rogers,Tallon Griekspoor,Alexander Zverev,Tallon Griekspoor,2,1,31,2026-08-06T02:07:29Z
2026-08-05,ATP,National Bank Open presented by Rogers,Corentin Moutet,Rafael Jodar,Rafael Jodar,1,2,26,2026-08-06T02:07:29Z
2026-08-05,ATP,National Bank Open presented by Rogers,Alexei Popyrin,Raphael Collignon,Alexei Popyrin,2,0,19,2026-08-06T02:07:29Z
2026-08-05,ATP,National Bank Open presented by Rogers,Francisco Cerundolo,Alex Michelsen,Alex Michelsen,0,2,19,2026-08-06T02:07:29Z
2026-08-05,ATP,National Bank Open presented by Rogers,Matteo Arnaldi,Fabian Marozsan,Matteo Arnaldi,2,1,30,2026-08-06T02:07:29Z
2026-08-05,ATP,National Bank Open presented by Rogers,Jakub Mensik,Jacob Fearnley,Jakub Mensik,2,1,27,2026-08-06T02:07:29Z
2026-08-05,ATP,National Bank Open presented by Rogers,Terence Atmane,Karen Khachanov,Terence Atmane,2,0,23,2026-08-06T02:07:29Z
2026-08-05,ATP,National Bank Open presented by Rogers,Daniel Merida,Ugo Humbert,Daniel Merida,2,0,18,2026-08-06T02:07:29Z
2026-08-05,ATP,National Bank Open presented by Rogers,Botic Van De Zandschulp,Daniil Medvedev,Botic Van De Zandschulp,2,0,22,2026-08-06T02:07:29Z
2026-08-05,ATP,National Bank Open presented by Rogers,Kayla Cross,Ann Li,Ann Li,0,2,22,2026-08-06T02:07:29Z
2026-08-05,ATP,National Bank Open presented by Rogers,Belinda Bencic,Sloane Stephens,Belinda Bencic,2,0,16,2026-08-06T02:07:29Z
2026-08-05,ATP,National Bank Open presented by Rogers,Elena Rybakina,Daria Kasatkina,Elena Rybakina,2,1,31,2026-08-06T02:07:29Z
2026-08-05,ATP,National Bank Open presented by Rogers,Taylor Townsend,Marie Bouzkova,Taylor Townsend,2,0,25,2026-08-06T02:07:29Z
2026-08-05,ATP,National Bank Open presented by Rogers,Magdalena Frech,Jessica Pegula,Jessica Pegula,1,2,26,2026-08-06T02:07:29Z
2026-08-05,ATP,National Bank Open presented by Rogers,Magda Linette,Iva Jovic,Iva Jovic,0,2,21,2026-08-06T02:07:29Z
2026-08-05,ATP,National Bank Open presented by Rogers,Emma Navarro,Alina Korneeva,Alina Korneeva,0,2,16,2026-08-06T02:07:29Z
2026-08-05,ATP,National Bank Open presented by Rogers,Karolina Pliskova,Mirra Andreeva,Mirra Andreeva,0,2,14,2026-08-06T02:07:29Z
2026-08-05,ATP,National Bank Open presented by Rogers,Coco Gauff,Kayla Day,Coco Gauff,2,0,20,2026-08-06T02:07:29Z
2026-08-05,ATP,National Bank Open presented by Rogers,Zeynep Sonmez,Maria Sakkari,Maria Sakkari,0,2,17,2026-08-06T02:07:29Z
2026-08-05,ATP,National Bank Open presented by Rogers,Anna Bondar,Elise Mertens,Elise Mertens,1,2,29,2026-08-06T02:07:29Z
2026-08-05,ATP,National Bank Open presented by Rogers,Naomi Osaka,Panna Udvardy,Naomi Osaka,2,0,18,2026-08-06T02:07:29Z
2026-08-05,ATP,National Bank Open presented by Rogers,Barbora Krejcikova,Liudmila Samsonova,Liudmila Samsonova,0,2,19,2026-08-06T02:07:29Z
2026-08-05,ATP,National Bank Open presented by Rogers,Catherine McNally,Linda Noskova,Catherine McNally,2,0,20,2026-08-06T02:07:29Z
2026-08-05,ATP,National Bank Open presented by Rogers,Leylah Fernandez,Renata Zarazua,Leylah Fernandez,2,0,16,2026-08-06T02:07:29Z
2026-08-05,ATP,National Bank Open presented by Rogers,Maya Joint,Sorana Cirstea,Maya Joint,2,0,20,2026-08-06T02:07:29Z
2026-08-05,WTA,Warsaw T-Mobile Polish Open,Justina Mikulskyte,Katarzyna Kawa,Justina Mikulskyte,2,1,27,2026-08-06T02:07:29Z
2026-08-05,WTA,Warsaw T-Mobile Polish Open,Aliona Falei,Carol Young Suh Lee,Carol Young Suh Lee,1,2,24,2026-08-06T02:07:29Z
2026-08-05,WTA,Warsaw T-Mobile Polish Open,Ella Seidel,Gabriela Knutson,Gabriela Knutson,0,2,19,2026-08-06T02:07:29Z
2026-08-05,WTA,Warsaw T-Mobile Polish Open,Mona Barthel,Martyna Kubka,Mona Barthel,2,0,22,2026-08-06T02:07:29Z
2026-08-05,WTA,Warsaw T-Mobile Polish Open,Yuan Yue,Elizara Yaneva,Elizara Yaneva,1,2,26,2026-08-06T02:07:29Z
2026-08-05,WTA,Warsaw T-Mobile Polish Open,Noma Noha Akugue,Weronika Falkowska,Weronika Falkowska,1,2,34,2026-08-06T02:07:29Z
2026-08-05,WTA,Warsaw T-Mobile Polish Open,Veronika Podrez,Susan Bandecchi,Susan Bandecchi,0,2,17,2026-08-06T02:07:29Z
2026-08-05,WTA,Warsaw T-Mobile Polish Open,Zuzanna Pawlikowska,Vendula Valdmannova,Vendula Valdmannova,0,2,19,2026-08-06T02:07:29Z
