date,home_team,away_team,home_goals,away_goals,sede_ciudad,sede_pais,sede_nombre,odd_home,odd_draw,odd_away,tournament,stadium,MATCH_ID,elo_diff,home_xg,away_xg,home_shots_on,away_shots_on,home_shots_off,away_shots_off,home_possession,away_possession,home_yellow,away_yellow,home_red,away_red,home_corners,away_corners
2021-08-01 12:00:00,Sheffield Wednesday,Huddersfield Town,0.0,0.0,Sheffield,England,Hillsborough,,,,EFL Cup (Carabao),,20210801_Sheffield-Wednesday_Huddersfield-Town,0.0,1.0,1.0,4,3,11,5,54.0,46.0,0,2,0,0,4,3
2021-08-10 18:00:00,Cardiff City,Sutton United,3.0,2.0,Cardiff,Wales,Cardiff City Stadium,,,,EFL Cup (Carabao),,20210810_Cardiff-City_Sutton-United,0.0,1.64,1.68,6,5,14,11,50.7,49.3,1,0,0,0,11,12
2021-08-10 18:00:00,Hartlepool United,Crewe Alexandra,0.0,1.0,Hartlepool,England,The Prestige Group Stadium,,,,EFL Cup (Carabao),,20210810_Hartlepool-United_Crewe-Alexandra,0.0,1.37,0.24,4,1,9,2,51.1,48.9,1,2,0,0,2,3
2021-08-10 18:30:00,Crawley Town,Gillingham,2.0,2.0,Crawley,England,Broadfield Stadium,,,,EFL Cup (Carabao),,20210810_Crawley-Town_Gillingham,0.0,0.5,0.71,2,3,5,8,46.9,53.1,2,1,0,0,2,4
2021-08-10 18:45:00,Barrow,Scunthorpe United,1.0,0.0,Barrow-in-Furness,England,SO Legal Stadium,,,,EFL Cup (Carabao),,20210810_Barrow_Scunthorpe-United,0.0,1.22,0.67,1,3,2,6,48.0,52.0,3,1,0,0,2,2
2021-08-10 18:45:00,Birmingham City,Colchester United,1.0,0.0,Birmingham,England,St. Andrew's @ Knighthead Park,,,,EFL Cup (Carabao),,20210810_Birmingham-City_Colchester-United,0.0,0.35,0.2,1,1,1,3,51.3,48.7,5,0,0,0,3,5
2021-08-10 18:45:00,Blackburn Rovers,Morecambe,1.0,2.0,Blackburn,England,Ewood Park,,,,EFL Cup (Carabao),,20210810_Blackburn-Rovers_Morecambe,0.0,1.16,1.18,3,4,8,8,52.3,47.7,2,4,0,0,8,4
2021-08-10 18:45:00,Bristol Rovers,Cheltenham Town,0.0,2.0,Bristol,England,Memorial Stadium,,,,EFL Cup (Carabao),,20210810_Bristol-Rovers_Cheltenham-Town,0.0,1.05,2.08,5,8,12,17,50.0,50.0,1,1,0,0,6,7
2021-08-10 18:45:00,Cambridge United,Swindon Town,0.0,0.0,Cambridge,England,Cledara Abbey Stadium,,,,EFL Cup (Carabao),,20210810_Cambridge-United_Swindon-Town,0.0,0.96,1.14,2,4,4,8,52.3,47.7,1,3,0,0,3,5
2021-08-10 18:45:00,Charlton Athletic,AFC Wimbledon,0.0,1.0,London,England,The Valley,,,,EFL Cup (Carabao),,20210810_Charlton-Athletic_AFC-Wimbledon,0.0,1.33,0.2,3,1,5,4,50.0,50.0,2,0,0,0,4,1
2021-08-10 18:45:00,Derby County,Salford City,3.0,3.0,Derby,England,Pride Park Stadium,,,,EFL Cup (Carabao),,20210810_Derby-County_Salford-City,0.0,0.75,1.66,3,7,9,16,42.5,57.5,0,1,0,0,3,7
2021-08-10 18:45:00,Exeter City,Wycombe Wanderers,0.0,0.0,Exeter,England,St James Park,,,,EFL Cup (Carabao),,20210810_Exeter-City_Wycombe-Wanderers,0.0,1.8,0.05,6,1,14,2,45.3,54.7,2,0,0,0,10,0
2021-08-10 18:45:00,Forest Green Rovers,Bristol City,2.0,2.0,Forest Green,England,The Bolt New Lawn,,,,EFL Cup (Carabao),,20210810_Forest-Green-Rovers_Bristol-City,0.0,0.56,0.05,2,2,5,3,50.9,49.1,2,1,0,0,4,4
2021-08-10 18:45:00,Hull City,Wigan Athletic,1.0,1.0,Hull,England,The MKM Stadium,,,,EFL Cup (Carabao),,20210810_Hull-City_Wigan-Athletic,0.0,0.05,0.56,1,2,1,4,49.7,50.3,2,3,0,0,2,5
2021-08-10 18:45:00,Ipswich Town,Newport County,0.0,1.0,Ipswich,England,Portman Road,,,,EFL Cup (Carabao),,20210810_Ipswich-Town_Newport-County,0.0,1.03,1.0,2,2,4,3,50.7,49.3,2,4,0,0,0,3
2021-08-10 18:45:00,Mansfield Town,Preston North End,0.0,3.0,Mansfield,England,One Call Stadium,,,,EFL Cup (Carabao),,20210810_Mansfield-Town_Preston-North-End,0.0,1.0,0.6,1,3,2,7,46.7,53.3,2,2,0,0,4,6
2021-08-10 18:45:00,Millwall,Portsmouth,2.0,1.0,London,England,The Den,,,,EFL Cup (Carabao),,20210810_Millwall_Portsmouth,0.0,1.87,1.2,6,2,13,6,50.7,49.3,2,1,0,0,10,3
2021-08-10 18:45:00,Oldham Athletic,Tranmere Rovers,2.0,2.0,Oldham,England,Boundary Park,,,,EFL Cup (Carabao),,20210810_Oldham-Athletic_Tranmere-Rovers,0.0,0.89,2.05,3,8,6,19,49.8,50.2,1,1,0,0,4,6
2021-08-10 18:45:00,Peterborough United,Plymouth Argyle,0.0,4.0,Peterborough,England,Weston Homes Stadium,,,,EFL Cup (Carabao),,20210810_Peterborough-United_Plymouth-Argyle,0.0,0.49,1.68,1,5,3,11,50.8,49.2,1,2,0,0,4,6
2021-08-10 18:45:00,Port Vale,Sunderland,1.0,2.0,Stoke-on-Trent,England,Vale Park,,,,EFL Cup (Carabao),,20210810_Port-Vale_Sunderland,0.0,0.05,1.13,1,2,3,3,56.3,43.7,3,2,0,0,2,3
2021-08-10 18:45:00,Rotherham United,Accrington Stanley,1.0,2.0,Rotherham,England,AESSEAL New York Stadium,,,,EFL Cup (Carabao),,20210810_Rotherham-United_Accrington-Stanley,0.0,0.61,0.54,4,2,8,3,61.8,38.2,1,3,1,0,5,2
2021-08-10 18:45:00,Sheffield United,Carlisle United,1.0,0.0,Sheffield,England,Bramall Lane,,,,EFL Cup (Carabao),,20210810_Sheffield-United_Carlisle-United,0.0,0.85,0.83,4,3,11,5,57.2,42.8,1,1,0,0,4,2
2021-08-10 18:45:00,Shrewsbury Town,Lincoln City,2.0,2.0,Shrewsbury,England,The Croud Meadow,,,,EFL Cup (Carabao),,20210810_Shrewsbury-Town_Lincoln-City,0.0,1.09,1.71,3,4,6,7,51.2,48.8,0,1,0,1,4,4
2021-08-10 18:45:00,Stevenage,Luton Town,2.0,2.0,Stevenage,England,Lamex Stadium,,,,EFL Cup (Carabao),,20210810_Stevenage_Luton-Town,0.0,1.61,1.66,5,4,12,10,50.2,49.8,0,5,0,0,8,7
2021-08-10 18:45:00,Stoke City,Fleetwood Town,2.0,1.0,Stoke-on-Trent,England,bet365 Stadium,,,,EFL Cup (Carabao),,20210810_Stoke-City_Fleetwood-Town,0.0,0.98,0.57,3,1,9,3,46.1,53.9,2,1,1,0,6,3
2021-08-10 18:45:00,Walsall,Doncaster Rovers,0.0,0.0,Walsall,England,Pallet-Track Bescot Stadium,,,,EFL Cup (Carabao),,20210810_Walsall_Doncaster-Rovers,0.0,0.64,1.01,2,4,3,11,51.5,48.5,0,1,0,0,3,6
2021-08-10 19:00:00,Bolton Wanderers,Barnsley,0.0,0.0,Manchester,England,Toughsheet Community Stadium,,,,EFL Cup (Carabao),,20210810_Bolton-Wanderers_Barnsley,0.0,0.54,1.39,2,3,4,6,47.0,53.0,2,1,1,0,1,4
2021-08-10 19:00:00,Reading,Swansea City,0.0,3.0,Reading,England,Select Car Leasing Stadium,,,,EFL Cup (Carabao),,20210810_Reading_Swansea-City,0.0,1.46,1.42,4,4,8,9,50.5,49.5,3,1,0,0,7,5
2021-08-11 18:45:00,Blackpool,Middlesbrough,3.0,0.0,Blackpool,England,Bloomfield Road,,,,EFL Cup (Carabao),,20210811_Blackpool_Middlesbrough,0.0,1.18,0.81,3,3,5,7,50.1,49.9,3,2,0,0,3,4
2021-08-11 18:45:00,Burton Albion,Oxford United,1.0,1.0,"Burton-upon-Trent, Staffordshire",England,Pirelli Stadium,,,,EFL Cup (Carabao),,20210811_Burton-Albion_Oxford-United,0.0,0.66,0.83,2,5,7,11,47.7,52.3,2,3,0,0,5,3
2021-08-11 18:45:00,Coventry City,Northampton Town,1.0,2.0,Coventry,England,The Coventry Building Society Arena,,,,EFL Cup (Carabao),,20210811_Coventry-City_Northampton-Town,0.0,0.84,1.13,5,4,10,10,46.5,53.5,4,0,0,0,3,4
2021-08-11 18:45:00,Leyton Orient,Queens Park Rangers,1.0,1.0,London,England,BetWright Stadium,,,,EFL Cup (Carabao),,20210811_Leyton-Orient_Queens-Park-Rangers,0.0,0.05,1.57,1,5,1,11,53.9,46.1,0,1,0,0,5,4
2021-08-11 18:45:00,Nottingham Forest,Bradford City,2.0,1.0,Nottingham,England,The City Ground,,,,EFL Cup (Carabao),,20210811_Nottingham-Forest_Bradford-City,0.0,1.72,1.42,6,4,12,9,56.6,43.4,0,0,0,0,10,3
2021-08-24 18:00:00,Norwich City,AFC Bournemouth,6.0,0.0,Norwich,England,Carrow Road,,,,EFL Cup (Carabao),,20210824_Norwich-City_AFC-Bournemouth,0.0,2.69,1.66,10,6,20,11,57.3,42.7,1,2,0,0,12,7
2021-08-24 18:00:00,Oldham Athletic,Accrington Stanley,0.0,0.0,Oldham,England,Boundary Park,,,,EFL Cup (Carabao),,20210824_Oldham-Athletic_Accrington-Stanley,-12.0,0.06,0.79,0,2,1,4,43.8,56.2,1,0,0,0,4,7
2021-08-24 18:00:00,Swansea City,Plymouth Argyle,4.0,1.0,Swansea,Wales,Swansea.com Stadium,,,,EFL Cup (Carabao),,20210824_Swansea-City_Plymouth-Argyle,0.0,2.4,1.4,9,5,19,13,42.3,57.7,1,1,0,0,5,9
2021-08-24 18:45:00,Barrow,Aston Villa,0.0,6.0,Barrow-in-Furness,England,SO Legal Stadium,,,,EFL Cup (Carabao),,20210824_Barrow_Aston-Villa,12.0,1.6,2.03,5,6,11,13,57.3,42.7,2,1,0,0,5,11
2021-08-24 18:45:00,Birmingham City,Fulham,0.0,2.0,Birmingham,England,St. Andrew's @ Knighthead Park,,,,EFL Cup (Carabao),,20210824_Birmingham-City_Fulham,12.0,0.37,1.81,1,6,1,14,53.1,46.9,1,1,0,0,1,9
2021-08-24 18:45:00,Blackpool,Sunderland,2.0,3.0,Blackpool,England,Bloomfield Road,,,,EFL Cup (Carabao),,20210824_Blackpool_Sunderland,0.0,1.64,0.93,4,3,7,7,49.6,50.4,0,1,0,1,9,8
2021-08-24 18:45:00,Brentford,Forest Green Rovers,3.0,1.0,London,England,Gtech Community Stadium,,,,EFL Cup (Carabao),,20210824_Brentford_Forest-Green-Rovers,0.0,1.63,0.36,6,1,12,3,49.6,50.4,2,3,0,0,5,4
2021-08-24 18:45:00,Cardiff City,Brighton & Hove Albion,0.0,2.0,Cardiff,Wales,Cardiff City Stadium,,,,EFL Cup (Carabao),,20210824_Cardiff-City_Brighton-&-Hove-Albion,12.0,0.46,1.36,1,5,1,9,52.7,47.3,1,4,0,0,5,1
2021-08-24 18:45:00,Gillingham,Cheltenham Town,1.0,1.0,Gillingham,England,Priestfield Stadium,,,,EFL Cup (Carabao),,20210824_Gillingham_Cheltenham-Town,-12.0,0.59,0.84,1,1,2,2,43.5,56.5,1,2,0,0,3,0
2021-08-24 18:45:00,Huddersfield Town,Everton,1.0,2.0,Huddersfield,England,Accu Stadium,,,,EFL Cup (Carabao),,20210824_Huddersfield-Town_Everton,0.0,1.63,0.9,4,2,10,4,46.4,53.6,1,1,0,0,2,3
2021-08-24 18:45:00,Leeds United,Crewe Alexandra,3.0,0.0,Leeds,England,Elland Road,,,,EFL Cup (Carabao),,20210824_Leeds-United_Crewe-Alexandra,-12.0,0.77,0.05,4,0,7,1,53.3,46.7,0,3,0,1,5,1
2021-08-24 18:45:00,Millwall,Cambridge United,3.0,1.0,London,England,The Den,,,,EFL Cup (Carabao),,20210824_Millwall_Cambridge-United,12.0,1.32,0.37,4,2,8,5,53.6,46.4,3,2,0,0,2,3
2021-08-24 18:45:00,Morecambe,Preston North End,2.0,4.0,Blackpool,England,Mazuma Mobile Stadium,,,,EFL Cup (Carabao),,20210824_Morecambe_Preston-North-End,0.0,1.39,1.77,5,5,11,11,51.2,48.8,5,0,0,0,6,7
2021-08-24 18:45:00,Northampton Town,AFC Wimbledon,0.0,1.0,Northampton,England,Sixfields Stadium,,,,EFL Cup (Carabao),,20210824_Northampton-Town_AFC-Wimbledon,0.0,1.18,1.38,4,3,6,5,43.3,56.7,4,2,1,0,2,2
2021-08-24 18:45:00,Queens Park Rangers,Oxford United,2.0,0.0,London,England,MATRADE Loftus Road,,,,EFL Cup (Carabao),,20210824_Queens-Park-Rangers_Oxford-United,0.0,0.74,1.87,3,4,6,8,42.6,57.4,2,3,0,0,2,3
2021-08-24 18:45:00,Sheffield United,Derby County,2.0,1.0,Sheffield,England,Bramall Lane,,,,EFL Cup (Carabao),,20210824_Sheffield-United_Derby-County,12.0,1.72,0.31,5,1,11,2,50.3,49.7,1,3,0,0,7,3
2021-08-24 18:45:00,Shrewsbury Town,Rochdale,0.0,2.0,Shrewsbury,England,The Croud Meadow,,,,EFL Cup (Carabao),,20210824_Shrewsbury-Town_Rochdale,0.0,0.5,2.05,4,6,8,15,50.3,49.7,1,3,0,0,5,10
2021-08-24 18:45:00,Stevenage,Wycombe Wanderers,2.0,2.0,Stevenage,England,Lamex Stadium,,,,EFL Cup (Carabao),,20210824_Stevenage_Wycombe-Wanderers,0.0,1.09,0.91,3,2,7,3,50.9,49.1,1,1,0,0,3,2
2021-08-24 18:45:00,Stoke City,Doncaster Rovers,2.0,0.0,Stoke-on-Trent,England,bet365 Stadium,,,,EFL Cup (Carabao),,20210824_Stoke-City_Doncaster-Rovers,12.0,1.58,0.88,5,1,11,2,46.6,53.4,3,0,0,0,8,4
2021-08-24 18:45:00,Watford,Crystal Palace,1.0,0.0,Watford,England,Vicarage Road,,,,EFL Cup (Carabao),,20210824_Watford_Crystal-Palace,0.0,1.97,1.5,6,2,15,5,56.4,43.6,2,2,0,0,7,6
2021-08-24 18:45:00,Wigan Athletic,Bolton Wanderers,0.0,0.0,Wigan,England,The Brick Community Stadium,,,,EFL Cup (Carabao),,20210824_Wigan-Athletic_Bolton-Wanderers,0.0,0.05,0.36,1,1,1,1,45.4,54.6,0,2,0,0,2,3
2021-08-24 19:00:00,Nottingham Forest,Wolverhampton Wanderers,0.0,4.0,Nottingham,England,The City Ground,,,,EFL Cup (Carabao),,20210824_Nottingham-Forest_Wolverhampton-Wanderers,12.0,1.15,2.0,5,6,10,13,52.5,47.5,2,0,0,0,4,9
2021-08-25 18:45:00,Newcastle United,Burnley,0.0,0.0,Newcastle-upon-Tyne,England,St. James' Park,,,,EFL Cup (Carabao),,20210825_Newcastle-United_Burnley,0.0,0.46,0.74,1,3,2,6,37.9,62.1,1,2,0,0,2,2
2021-08-25 18:45:00,Newport County,Southampton,0.0,8.0,Newport,Wales,Rodney Parade,,,,EFL Cup (Carabao),,20210825_Newport-County_Southampton,12.0,0.05,2.93,1,8,3,17,48.5,51.5,1,0,0,0,4,6
2021-08-25 19:00:00,West Bromwich Albion,Arsenal,0.0,6.0,West Bromwich,England,The Hawthorns,,,,EFL Cup (Carabao),,20210825_West-Bromwich-Albion_Arsenal,0.0,1.09,2.19,4,7,9,15,48.6,51.4,2,1,0,0,6,7
2021-09-21 18:45:00,Brentford,Oldham Athletic,7.0,0.0,London,England,Gtech Community Stadium,,,,EFL Cup (Carabao),,20210921_Brentford_Oldham-Athletic,11.585699413622933,1.67,0.47,7,3,17,6,48.7,51.3,1,1,0,0,8,8
2021-09-21 18:45:00,Burnley,Rochdale,4.0,1.0,Burnley,England,Turf Moor,,,,EFL Cup (Carabao),,20210921_Burnley_Rochdale,-12.0,1.68,2.11,6,5,14,10,53.6,46.4,2,1,0,0,6,7
2021-09-21 18:45:00,Fulham,Leeds United,0.0,0.0,London,England,Craven Cottage,,,,EFL Cup (Carabao),,20210921_Fulham_Leeds-United,0.0,1.18,0.46,4,3,10,4,47.9,52.1,0,1,0,1,7,1
2021-09-21 18:45:00,Manchester City,Wycombe Wanderers,6.0,1.0,Manchester,England,Etihad Stadium,,,,EFL Cup (Carabao),,20210921_Manchester-City_Wycombe-Wanderers,0.0,2.87,0.36,11,2,20,3,42.2,57.8,2,3,0,0,7,3
2021-09-21 18:45:00,Norwich City,Liverpool,0.0,3.0,Norwich,England,Carrow Road,,,,EFL Cup (Carabao),,20210921_Norwich-City_Liverpool,12.0,1.03,1.35,2,3,6,9,46.1,53.9,2,0,0,0,3,3
2021-09-21 18:45:00,Preston North End,Cheltenham Town,4.0,1.0,Preston,England,Deepdale,,,,EFL Cup (Carabao),,20210921_Preston-North-End_Cheltenham-Town,12.414300586377067,2.0,0.05,6,1,13,0,55.8,44.2,2,1,0,0,4,2
2021-09-21 18:45:00,Queens Park Rangers,Everton,2.0,2.0,London,England,MATRADE Loftus Road,,,,EFL Cup (Carabao),,20210921_Queens-Park-Rangers_Everton,0.0,1.99,1.13,6,4,11,12,48.4,51.6,1,2,1,0,7,8
2021-09-21 18:45:00,Sheffield United,Southampton,2.0,2.0,Sheffield,England,Bramall Lane,,,,EFL Cup (Carabao),,20210921_Sheffield-United_Southampton,11.171398827245866,1.63,1.25,6,4,13,11,54.3,45.7,2,3,0,0,8,3
2021-09-21 18:45:00,Watford,Stoke City,1.0,3.0,Watford,England,Vicarage Road,,,,EFL Cup (Carabao),,20210921_Watford_Stoke-City,-11.585699413622933,1.24,1.61,4,4,9,7,48.4,51.6,0,2,0,0,5,4
2021-09-21 18:45:00,Wigan Athletic,Sunderland,0.0,2.0,Wigan,England,The Brick Community Stadium,,,,EFL Cup (Carabao),,20210921_Wigan-Athletic_Sunderland,-24.0,0.69,2.29,2,6,5,15,45.8,54.2,4,1,0,0,4,10
2021-09-22 18:30:00,Brighton & Hove Albion,Swansea City,2.0,0.0,Falmer,England,American Express Stadium,,,,EFL Cup (Carabao),,20210922_Brighton-&-Hove-Albion_Swansea-City,-11.585699413622933,0.56,0.78,2,3,3,7,51.2,48.8,1,2,0,0,3,4
2021-09-22 18:45:00,Arsenal,AFC Wimbledon,3.0,0.0,London,England,Emirates Stadium,,,,EFL Cup (Carabao),,20210922_Arsenal_AFC-Wimbledon,-12.0,1.59,1.26,6,4,14,9,52.6,47.4,3,4,0,0,5,6
2021-09-22 18:45:00,Chelsea,Aston Villa,1.0,1.0,London,England,Stamford Bridge,,,,EFL Cup (Carabao),,20210922_Chelsea_Aston-Villa,-12.414300586377067,1.9,0.88,5,2,11,5,48.8,51.2,1,0,1,0,8,7
2021-09-22 18:45:00,Manchester United,West Ham United,0.0,1.0,Manchester,England,Old Trafford,,,,EFL Cup (Carabao),,20210922_Manchester-United_West-Ham-United,0.0,0.69,0.69,0,2,0,7,52.8,47.2,2,2,0,0,2,2
2021-09-22 18:45:00,Millwall,Leicester City,0.0,2.0,London,England,The Den,,,,EFL Cup (Carabao),,20210922_Millwall_Leicester-City,23.585699413622933,0.36,0.8,2,2,6,5,45.3,54.7,0,4,0,0,5,5
2021-09-22 18:45:00,Wolverhampton Wanderers,Tottenham Hotspur,2.0,2.0,Wolverhampton,England,Molineux Stadium,,,,EFL Cup (Carabao),,20210922_Wolverhampton-Wanderers_Tottenham-Hotspur,12.414300586377067,1.49,1.09,6,4,12,8,48.6,51.4,2,1,0,0,6,3
2021-10-26 18:45:00,Arsenal,Leeds United,2.0,0.0,London,England,Emirates Stadium,,,,EFL Cup (Carabao),,20211026_Arsenal_Leeds-United,12.0,0.88,1.78,5,7,11,16,46.5,53.5,2,2,0,0,4,9
2021-10-26 18:45:00,Chelsea,Southampton,1.0,1.0,London,England,Stamford Bridge,,,,EFL Cup (Carabao),,20211026_Chelsea_Southampton,-12.37142174560563,0.88,0.7,4,2,10,6,46.9,53.1,3,3,0,1,3,3
2021-10-26 18:45:00,Queens Park Rangers,Sunderland,0.0,0.0,London,England,MATRADE Loftus Road,,,,EFL Cup (Carabao),,20211026_Queens-Park-Rangers_Sunderland,-23.17238532655597,0.19,0.05,0,1,0,3,51.7,48.3,0,0,0,0,1,3
2021-10-27 18:45:00,Burnley,Tottenham Hotspur,0.0,1.0,Burnley,England,Turf Moor,,,,EFL Cup (Carabao),,20211027_Burnley_Tottenham-Hotspur,11.985708216392823,0.73,1.57,3,4,6,7,52.7,47.3,3,1,0,0,3,5
2021-10-27 18:45:00,Leicester City,Brighton & Hove Albion,2.0,2.0,Leicester,England,King Power Stadium,,,,EFL Cup (Carabao),,20211027_Leicester-City_Brighton-&-Hove-Albion,-12.000936074938863,2.0,1.15,8,4,18,11,51.0,49.0,0,1,0,0,8,1
2021-10-27 18:45:00,Preston North End,Liverpool,0.0,2.0,Preston,England,Deepdale,,,,EFL Cup (Carabao),,20211027_Preston-North-End_Liverpool,23.15710704363869,1.03,0.78,3,3,7,7,52.5,47.5,2,1,0,1,4,3
2021-10-27 18:45:00,Stoke City,Brentford,1.0,2.0,Stoke-on-Trent,England,bet365 Stadium,,,,EFL Cup (Carabao),,20211027_Stoke-City_Brentford,11.585699413622933,0.29,0.83,1,4,2,8,52.4,47.6,1,2,0,0,4,3
2021-10-27 18:45:00,West Ham United,Manchester City,0.0,0.0,London,England,London Stadium,,,,EFL Cup (Carabao),,20211027_West-Ham-United_Manchester-City,0.0,0.78,1.21,4,4,8,9,53.4,46.6,0,2,0,0,4,9
2021-12-21 19:45:00,Arsenal,Sunderland,5.0,1.0,London,England,Emirates Stadium,,,,EFL Cup (Carabao),,20211221_Arsenal_Sunderland,1.6267758936380687,1.66,0.2,5,1,12,1,48.7,51.3,2,4,0,0,8,5
2021-12-22 19:45:00,Brentford,Chelsea,0.0,2.0,London,England,Gtech Community Stadium,,,,EFL Cup (Carabao),,20211222_Brentford_Chelsea,35.144294360044114,0.79,1.0,4,5,6,10,48.8,51.2,2,1,0,0,4,8
2021-12-22 19:45:00,Liverpool,Leicester City,3.0,3.0,Liverpool,England,Anfield,,,,EFL Cup (Carabao),,20211222_Liverpool_Leicester-City,11.985231436114873,1.12,0.68,5,4,12,9,46.7,53.3,2,7,0,0,11,8
2021-12-22 19:45:00,Tottenham Hotspur,West Ham United,2.0,1.0,London,England,Tottenham Hotspur Stadium,,,,EFL Cup (Carabao),,20211222_Tottenham-Hotspur_West-Ham-United,0.842399923328685,1.59,0.56,5,1,13,2,52.9,47.1,3,1,0,0,8,4
2022-01-05 19:45:00,Chelsea,Tottenham Hotspur,2.0,0.0,London,England,Stamford Bridge,,,,EFL Cup (Carabao),,20220105_Chelsea_Tottenham-Hotspur,-10.74788109077599,1.21,0.46,5,3,12,5,48.1,51.9,1,0,0,0,3,5
2022-01-12 19:45:00,Tottenham Hotspur,Chelsea,0.0,1.0,London,England,Tottenham Hotspur Stadium,,,,EFL Cup (Carabao),,20220112_Tottenham-Hotspur_Chelsea,-13.99431949385098,1.02,1.15,2,4,4,9,49.9,50.1,1,5,0,0,2,7
2022-01-13 19:45:00,Liverpool,Arsenal,0.0,0.0,Liverpool,England,Anfield,,,,EFL Cup (Carabao),,20220113_Liverpool_Arsenal,-23.144668215057663,1.55,0.28,5,0,13,0,44.0,56.0,1,2,0,0,8,0
2022-01-20 19:45:00,Arsenal,Liverpool,0.0,2.0,London,England,Emirates Stadium,,,,EFL Cup (Carabao),,20220120_Arsenal_Liverpool,21.5482519233924,1.65,2.21,5,8,9,17,55.4,44.6,2,1,0,0,8,12
2022-02-27 16:30:00,Chelsea,Liverpool,0.0,0.0,London,England,Wembley Stadium,,,,EFL Cup (Carabao),,20220227_Chelsea_Liverpool,-0.38721266904212825,1.14,1.21,3,4,5,10,53.6,46.4,1,0,0,0,3,2
2022-08-02 18:45:00,Cambridge United,Millwall,1.0,0.0,Cambridge,England,Cledara Abbey Stadium,,,,EFL Cup (Carabao),,20220802_Cambridge-United_Millwall,-22.358026689856842,0.32,0.05,2,0,3,0,52.2,47.8,0,3,0,0,1,2
2022-08-09 18:30:00,Shrewsbury Town,Carlisle United,3.0,2.0,Shrewsbury,England,The Croud Meadow,,,,EFL Cup (Carabao),,20220809_Shrewsbury-Town_Carlisle-United,0.0,1.52,1.01,5,3,12,6,46.9,53.1,3,0,0,0,3,0
2022-08-09 18:45:00,AFC Wimbledon,Gillingham,0.0,2.0,London,England,The Cherry Red Records Stadium,,,,EFL Cup (Carabao),,20220809_AFC-Wimbledon_Gillingham,11.171398827245866,0.46,2.4,1,7,4,15,47.5,52.5,4,1,0,0,3,10
2022-08-09 18:45:00,Accrington Stanley,Tranmere Rovers,2.0,2.0,Accrington,England,Wham Stadium,,,,EFL Cup (Carabao),,20220809_Accrington-Stanley_Tranmere-Rovers,11.585699413622933,0.85,1.3,4,6,8,12,44.2,55.8,2,3,0,0,8,4
2022-08-09 18:45:00,Blackpool,Barrow,0.0,0.0,Blackpool,England,Bloomfield Road,,,,EFL Cup (Carabao),,20220809_Blackpool_Barrow,0.4143005863770668,0.83,0.94,3,3,7,6,50.0,50.0,1,1,0,0,3,5
2022-08-09 18:45:00,Bolton Wanderers,Salford City,5.0,1.0,Manchester,England,Toughsheet Community Stadium,,,,EFL Cup (Carabao),,20220809_Bolton-Wanderers_Salford-City,0.0,3.16,1.09,10,3,20,5,51.2,48.8,2,1,0,0,15,1
2022-08-09 18:45:00,Bradford City,Hull City,2.0,1.0,Bradford,England,University of Bradford Stadium,,,,EFL Cup (Carabao),,20220809_Bradford-City_Hull-City,-12.0,0.92,0.15,3,2,8,3,46.2,53.8,1,1,0,0,9,2
2022-08-09 18:45:00,Cardiff City,Portsmouth,0.0,3.0,Cardiff,Wales,Cardiff City Stadium,,,,EFL Cup (Carabao),,20220809_Cardiff-City_Portsmouth,11.585699413622933,0.7,1.37,2,4,6,9,45.2,54.8,1,0,0,0,4,7
2022-08-09 18:45:00,Charlton Athletic,Queens Park Rangers,1.0,1.0,London,England,The Valley,,,,EFL Cup (Carabao),,20220809_Charlton-Athletic_Queens-Park-Rangers,-24.799161220194037,1.85,1.04,5,3,9,7,42.1,57.9,1,3,0,0,6,6
2022-08-09 18:45:00,Cheltenham Town,Exeter City,0.0,7.0,,,,,,,EFL Cup (Carabao),,20220809_Cheltenham-Town_Exeter-City,0.014291783607177422,0.36,2.61,1,8,3,16,44.9,55.1,3,0,0,0,2,5
2022-08-09 18:45:00,Crawley Town,Bristol Rovers,1.0,0.0,Crawley,England,Broadfield Stadium,,,,EFL Cup (Carabao),,20220809_Crawley-Town_Bristol-Rovers,12.0,1.54,0.39,5,2,10,4,44.9,55.1,3,1,0,1,2,7
2022-08-09 18:45:00,Doncaster Rovers,Lincoln City,0.0,3.0,Doncaster,England,The Eco-Power Stadium,,,,EFL Cup (Carabao),,20220809_Doncaster-Rovers_Lincoln-City,-11.585699413622933,0.71,2.46,3,9,7,18,51.8,48.2,2,1,1,0,4,10
2022-08-09 18:45:00,Fleetwood Town,Wigan Athletic,1.0,0.0,Fleetwood,England,Highbury Stadium,,,,EFL Cup (Carabao),,20220809_Fleetwood-Town_Wigan-Athletic,-0.8276146734440317,1.44,1.57,3,6,7,14,43.0,57.0,2,1,0,0,8,4
2022-08-09 18:45:00,Forest Green Rovers,Leyton Orient,2.0,0.0,Forest Green,England,The Bolt New Lawn,,,,EFL Cup (Carabao),,20220809_Forest-Green-Rovers_Leyton-Orient,-12.0,1.24,0.79,3,2,4,5,47.9,52.1,4,2,1,0,5,2
2022-08-09 18:45:00,Grimsby Town,Crewe Alexandra,4.0,0.0,Grimsby,England,Blundell Park,,,,EFL Cup (Carabao),,20220809_Grimsby-Town_Crewe-Alexandra,0.4143005863770668,1.28,0.21,4,0,8,1,43.5,56.5,1,4,0,0,5,1
2022-08-09 18:45:00,Harrogate Town,Stockport County,0.0,1.0,Harrogate,England,Exercise Stadium,,,,EFL Cup (Carabao),,20220809_Harrogate-Town_Stockport-County,0.0,0.6,1.93,1,7,1,15,54.2,45.8,3,0,0,0,2,6
2022-08-09 18:45:00,Huddersfield Town,Preston North End,1.0,4.0,Huddersfield,England,Accu Stadium,,,,EFL Cup (Carabao),,20220809_Huddersfield-Town_Preston-North-End,-34.77277176416965,0.14,1.48,1,4,1,9,53.8,46.2,3,2,1,0,1,6
2022-08-09 18:45:00,Ipswich Town,Colchester United,0.0,1.0,Ipswich,England,Portman Road,,,,EFL Cup (Carabao),,20220809_Ipswich-Town_Colchester-United,0.0,0.89,0.15,3,2,7,3,53.4,46.6,0,1,0,0,1,5
2022-08-09 18:45:00,Luton Town,Newport County,2.0,3.0,Luton,England,Kenilworth Road,,,,EFL Cup (Carabao),,20220809_Luton-Town_Newport-County,0.4143005863770668,1.05,0.89,3,3,9,6,55.8,44.2,2,3,0,0,6,3
2022-08-09 18:45:00,Mansfield Town,Derby County,1.0,2.0,Mansfield,England,One Call Stadium,,,,EFL Cup (Carabao),,20220809_Mansfield-Town_Derby-County,-0.4143005863770668,0.6,0.51,1,2,3,3,53.6,46.4,2,1,0,0,3,3
2022-08-09 18:45:00,Milton Keynes Dons,Sutton United,1.0,0.0,Milton Keynes,England,Stadium MK,,,,EFL Cup (Carabao),,20220809_Milton-Keynes-Dons_Sutton-United,12.0,0.53,1.49,1,4,6,7,51.0,49.0,1,1,0,0,7,3
2022-08-09 18:45:00,Morecambe,Stoke City,0.0,0.0,Blackpool,England,Mazuma Mobile Stadium,,,,EFL Cup (Carabao),,20220809_Morecambe_Stoke-City,-22.785684161721292,1.17,1.02,3,2,6,4,47.9,52.1,1,3,0,0,5,1
2022-08-09 18:45:00,Northampton Town,Wycombe Wanderers,1.0,2.0,Northampton,England,Sixfields Stadium,,,,EFL Cup (Carabao),,20220809_Northampton-Town_Wycombe-Wanderers,12.0,1.26,0.63,4,2,9,3,47.4,52.6,0,0,0,0,7,1
2022-08-09 18:45:00,Norwich City,Birmingham City,2.0,2.0,Norwich,England,Carrow Road,,,,EFL Cup (Carabao),,20220809_Norwich-City_Birmingham-City,0.0,1.15,0.86,5,5,9,11,47.4,52.6,1,2,0,0,8,6
2022-08-09 18:45:00,Oxford United,Swansea City,2.0,2.0,Oxford,England,The Kassam Stadium,,,,EFL Cup (Carabao),,20220809_Oxford-United_Swansea-City,-23.59999237404918,1.11,1.01,5,3,10,5,49.6,50.4,1,2,0,0,3,7
2022-08-09 18:45:00,Rochdale,Burton Albion,2.0,0.0,Rochdale,England,Crown Oil Arena,,,,EFL Cup (Carabao),,20220809_Rochdale_Burton-Albion,-0.4143005863770668,0.45,0.05,3,0,9,0,52.3,47.7,1,2,0,0,3,3
2022-08-09 18:45:00,Walsall,Swindon Town,2.0,0.0,Walsall,England,Pallet-Track Bescot Stadium,,,,EFL Cup (Carabao),,20220809_Walsall_Swindon-Town,0.0,1.06,0.9,4,4,8,8,58.5,41.5,2,3,0,0,6,3
2022-08-09 19:00:00,Reading,Stevenage,1.0,2.0,Reading,England,Select Car Leasing Stadium,,,,EFL Cup (Carabao),,20220809_Reading_Stevenage,-12.0,0.58,1.05,2,4,4,9,47.3,52.7,1,1,0,0,2,5
2022-08-10 18:45:00,Blackburn Rovers,Hartlepool United,4.0,0.0,Blackburn,England,Ewood Park,,,,EFL Cup (Carabao),,20220810_Blackburn-Rovers_Hartlepool-United,0.0,1.91,0.67,5,3,8,8,49.2,50.8,1,1,0,0,3,4
2022-08-10 18:45:00,Coventry City,Bristol City,1.0,4.0,"Burton-upon-Trent, Staffordshire",England,Pirelli Stadium,,,,EFL Cup (Carabao),,20220810_Coventry-City_Bristol-City,-12.0,0.88,1.03,3,4,7,9,51.0,49.0,0,4,0,0,8,3
2022-08-10 18:45:00,Middlesbrough,Barnsley,0.0,1.0,Middlesbrough,England,Riverside Stadium,,,,EFL Cup (Carabao),,20220810_Middlesbrough_Barnsley,-12.0,0.17,1.04,2,4,2,8,53.0,47.0,3,2,0,0,2,0
2022-08-10 18:45:00,Plymouth Argyle,Peterborough United,0.0,2.0,Plymouth,England,Home Park,,,,EFL Cup (Carabao),,20220810_Plymouth-Argyle_Peterborough-United,12.0,0.52,2.25,0,9,0,18,51.2,48.8,1,2,0,0,2,11
2022-08-10 18:45:00,Port Vale,Rotherham United,1.0,2.0,Stoke-on-Trent,England,Vale Park,,,,EFL Cup (Carabao),,20220810_Port-Vale_Rotherham-United,0.0,0.51,1.73,2,5,5,11,52.8,47.2,0,3,0,0,2,5
2022-08-10 18:45:00,Sheffield Wednesday,Sunderland,2.0,0.0,Sheffield,England,Hillsborough,,,,EFL Cup (Carabao),,20220810_Sheffield-Wednesday_Sunderland,-22.42941054459925,0.98,0.05,2,0,6,0,48.9,51.1,2,3,0,1,4,3
2022-08-11 19:00:00,West Bromwich Albion,Sheffield United,1.0,0.0,West Bromwich,England,The Hawthorns,,,,EFL Cup (Carabao),,20220811_West-Bromwich-Albion_Sheffield-United,-35.199985884410125,1.02,0.06,3,0,6,0,41.6,58.4,1,0,0,0,6,2
2022-08-23 18:00:00,Walsall,Charlton Athletic,0.0,1.0,Walsall,England,Pallet-Track Bescot Stadium,,,,EFL Cup (Carabao),,20220823_Walsall_Charlton-Athletic,23.14491897259336,0.39,1.76,0,4,0,10,48.9,51.1,0,2,0,0,1,7
2022-08-23 18:30:00,Sheffield Wednesday,Rochdale,3.0,0.0,Sheffield,England,Hillsborough,,,,EFL Cup (Carabao),,20220823_Sheffield-Wednesday_Rochdale,1.1736011500831864,1.31,0.22,3,1,4,4,48.3,51.7,1,3,0,0,6,3
2022-08-23 18:30:00,Shrewsbury Town,Burnley,0.0,1.0,Shrewsbury,England,The Croud Meadow,,,,EFL Cup (Carabao),,20220823_Shrewsbury-Town_Burnley,-0.0004930330326260446,0.39,1.21,0,4,0,10,49.8,50.2,0,4,0,0,3,2
2022-08-23 18:45:00,Barrow,Lincoln City,2.0,2.0,Barrow-in-Furness,England,SO Legal Stadium,,,,EFL Cup (Carabao),,20220823_Barrow_Lincoln-City,-11.999983531895396,1.25,0.34,4,2,9,4,52.9,47.1,0,1,1,0,4,5
2022-08-23 18:45:00,Bolton Wanderers,Aston Villa,1.0,4.0,Manchester,England,Toughsheet Community Stadium,,,,EFL Cup (Carabao),,20220823_Bolton-Wanderers_Aston-Villa,0.014291783607177422,0.68,0.62,1,4,3,12,53.8,46.2,1,1,0,0,2,5
2022-08-23 18:45:00,Bradford City,Blackburn Rovers,1.0,2.0,Bradford,England,University of Bradford Stadium,,,,EFL Cup (Carabao),,20220823_Bradford-City_Blackburn-Rovers,0.4143005863770668,0.99,0.87,4,5,9,10,49.2,50.8,2,3,0,0,7,4
2022-08-23 18:45:00,Cambridge United,Southampton,0.0,3.0,Cambridge,England,Cledara Abbey Stadium,,,,EFL Cup (Carabao),,20220823_Cambridge-United_Southampton,-11.187445563680285,2.08,2.23,6,6,13,13,53.1,46.9,3,3,0,0,6,7
2022-08-23 18:45:00,Colchester United,Brentford,0.0,2.0,Colchester,England,JobServe Community Stadium,,,,EFL Cup (Carabao),,20220823_Colchester-United_Brentford,-22.790282212974944,0.26,1.35,2,5,5,11,46.9,53.1,5,1,1,0,7,9
2022-08-23 18:45:00,Crawley Town,Fulham,2.0,0.0,Crawley,England,Broadfield Stadium,,,,EFL Cup (Carabao),,20220823_Crawley-Town_Fulham,-0.8286011727541336,1.29,1.15,3,5,8,12,47.1,52.9,2,0,0,0,6,9
2022-08-23 18:45:00,Derby County,West Bromwich Albion,1.0,0.0,Derby,England,Pride Park Stadium,,,,EFL Cup (Carabao),,20220823_Derby-County_West-Bromwich-Albion,-0.8116305675323474,1.12,1.17,4,3,9,6,49.3,50.7,2,3,0,0,7,3
2022-08-23 18:45:00,Fleetwood Town,Everton,0.0,1.0,Fleetwood,England,Highbury Stadium,,,,EFL Cup (Carabao),,20220823_Fleetwood-Town_Everton,-11.971415255918373,0.21,1.78,1,4,4,8,50.6,49.4,1,2,0,0,3,5
2022-08-23 18:45:00,Gillingham,Exeter City,0.0,0.0,Gillingham,England,Priestfield Stadium,,,,EFL Cup (Carabao),,20220823_Gillingham_Exeter-City,0.7995204948717856,0.27,0.83,1,4,1,7,52.8,47.2,0,2,0,0,0,1
2022-08-23 18:45:00,Grimsby Town,Nottingham Forest,0.0,3.0,Grimsby,England,Blundell Park,,,,EFL Cup (Carabao),,20220823_Grimsby-Town_Nottingham-Forest,12.399991157846216,0.34,0.94,1,5,3,12,50.8,49.2,3,1,0,0,4,5
2022-08-23 18:45:00,Newport County,Portsmouth,3.0,2.0,Newport,Wales,Rodney Parade,,,,EFL Cup (Carabao),,20220823_Newport-County_Portsmouth,11.200001216202963,0.75,1.44,3,3,6,7,57.3,42.7,0,4,0,0,7,5
2022-08-23 18:45:00,Norwich City,AFC Bournemouth,2.0,2.0,Norwich,England,Carrow Road,,,,EFL Cup (Carabao),,20220823_Norwich-City_AFC-Bournemouth,11.585699413622933,0.99,1.47,4,3,8,6,54.7,45.3,1,0,0,0,5,5
2022-08-23 18:45:00,Oxford United,Crystal Palace,0.0,2.0,Oxford,England,The Kassam Stadium,,,,EFL Cup (Carabao),,20220823_Oxford-United_Crystal-Palace,0.8138635293714742,0.05,1.29,0,3,1,5,49.6,50.4,1,2,0,0,2,5
2022-08-23 18:45:00,Rotherham United,Morecambe,0.0,1.0,Rotherham,England,AESSEAL New York Stadium,,,,EFL Cup (Carabao),,20220823_Rotherham-United_Morecambe,-0.7858632913469137,1.27,1.14,6,5,15,11,44.6,55.4,0,2,0,0,6,3
2022-08-23 18:45:00,Stevenage,Peterborough United,1.0,0.0,Stevenage,England,Lamex Stadium,,,,EFL Cup (Carabao),,20220823_Stevenage_Peterborough-United,11.171398827245866,1.69,0.57,7,4,15,9,52.0,48.0,0,1,0,0,4,5
2022-08-23 18:45:00,Stockport County,Leicester City,0.0,0.0,Stockport,England,Edgeley Park,,,,EFL Cup (Carabao),,20220823_Stockport-County_Leicester-City,-1.64149612162646,0.43,1.09,3,2,6,3,42.7,57.3,1,2,0,0,4,9
2022-08-23 18:45:00,Watford,Milton Keynes Dons,0.0,2.0,Watford,England,Vicarage Road,,,,EFL Cup (Carabao),,20220823_Watford_Milton-Keynes-Dons,-11.185691787672113,0.42,1.08,1,4,3,9,44.8,55.2,2,2,0,0,2,6
2022-08-23 18:45:00,Wolverhampton Wanderers,Preston North End,2.0,1.0,Wolverhampton,England,Molineux Stadium,,,,EFL Cup (Carabao),,20220823_Wolverhampton-Wanderers_Preston-North-End,-21.590048655056535,0.38,0.73,2,1,5,1,43.6,56.4,2,1,0,0,5,6
2022-08-24 18:45:00,Forest Green Rovers,Brighton & Hove Albion,0.0,3.0,Forest Green,England,The Bolt New Lawn,,,,EFL Cup (Carabao),,20220824_Forest-Green-Rovers_Brighton-&-Hove-Albion,-23.985674747231542,0.71,0.53,3,3,6,7,43.2,56.8,1,0,0,0,3,3
2022-08-24 18:45:00,Leeds United,Barnsley,3.0,1.0,Leeds,England,Elland Road,,,,EFL Cup (Carabao),,20220824_Leeds-United_Barnsley,-10.7570982408688,2.1,1.15,7,2,15,6,61.9,38.1,1,2,0,0,10,4
2022-08-24 18:45:00,Tranmere Rovers,Newcastle United,1.0,2.0,Birkenhead,England,Prenton Park,,,,EFL Cup (Carabao),,20220824_Tranmere-Rovers_Newcastle-United,0.4000076259508205,0.35,1.53,1,5,4,10,46.2,53.8,1,4,0,0,4,8
2022-08-24 18:45:00,Wycombe Wanderers,Bristol City,1.0,3.0,Wycombe,England,Adams Park,,,,EFL Cup (Carabao),,20220824_Wycombe-Wanderers_Bristol-City,-11.171398827245866,1.14,1.42,3,7,7,16,48.1,51.9,0,1,0,0,5,5
2022-11-08 19:45:00,AFC Bournemouth,Everton,4.0,1.0,Bournemouth,England,Vitality Stadium,,,,EFL Cup (Carabao),,20221108_AFC-Bournemouth_Everton,-35.186677895735556,1.36,1.11,4,2,7,3,51.5,48.5,2,2,0,0,4,5
2022-11-08 19:45:00,Bristol City,Lincoln City,1.0,3.0,Bristol,England,Ashton Gate,,,,EFL Cup (Carabao),,20221108_Bristol-City_Lincoln-City,12.014293528627832,0.57,0.84,5,3,13,6,47.3,52.7,2,4,0,0,7,3
2022-11-08 19:45:00,Burnley,Crawley Town,3.0,1.0,Burnley,England,Turf Moor,,,,EFL Cup (Carabao),,20221108_Burnley_Crawley-Town,-11.613842225715189,0.82,0.89,3,5,7,10,50.4,49.6,0,0,0,0,7,5
2022-11-08 19:45:00,Leicester City,Newport County,3.0,0.0,Leicester,England,King Power Stadium,,,,EFL Cup (Carabao),,20221108_Leicester-City_Newport-County,-9.628507168713668,1.25,0.5,6,3,12,6,51.2,48.8,1,4,0,0,6,4
2022-11-08 19:45:00,Milton Keynes Dons,Morecambe,2.0,0.0,Milton Keynes,England,Stadium MK,,,,EFL Cup (Carabao),,20221108_Milton-Keynes-Dons_Morecambe,10.440772152589943,1.34,0.8,2,3,5,8,50.3,49.7,1,0,0,0,2,6
2022-11-08 19:45:00,Stevenage,Charlton Athletic,1.0,1.0,Stevenage,England,Lamex Stadium,,,,EFL Cup (Carabao),,20221108_Stevenage_Charlton-Athletic,21.54668808863312,1.44,1.45,3,3,5,8,49.9,50.1,0,4,0,0,7,2
2022-11-08 20:05:00,Brentford,Gillingham,1.0,1.0,London,England,Gtech Community Stadium,,,,EFL Cup (Carabao),,20221108_Brentford_Gillingham,21.231861087064317,0.27,0.99,1,3,2,6,49.1,50.9,4,3,0,0,6,4
2022-11-09 19:45:00,Arsenal,Brighton & Hove Albion,1.0,3.0,London,England,Emirates Stadium,,,,EFL Cup (Carabao),,20221109_Arsenal_Brighton-&-Hove-Albion,-1.1705451154737148,0.85,1.7,3,4,7,10,48.2,51.8,2,0,1,0,8,5
2022-11-09 19:45:00,Newcastle United,Crystal Palace,0.0,0.0,Newcastle-upon-Tyne,England,St. James' Park,,,,EFL Cup (Carabao),,20221109_Newcastle-United_Crystal-Palace,11.985705968802677,0.13,0.79,1,4,1,9,48.3,51.7,0,1,0,0,2,5
2022-11-09 19:45:00,Nottingham Forest,Tottenham Hotspur,2.0,0.0,Nottingham,England,The City Ground,,,,EFL Cup (Carabao),,20221109_Nottingham-Forest_Tottenham-Hotspur,11.088508508520817,1.29,0.2,5,1,11,3,52.1,47.9,1,2,0,1,7,5
2022-11-09 19:45:00,Southampton,Sheffield Wednesday,1.0,1.0,Southampton,England,St. Mary's Stadium,,,,EFL Cup (Carabao),,20221109_Southampton_Sheffield-Wednesday,-0.746441743507603,0.86,1.23,4,5,8,10,49.2,50.8,2,2,0,1,5,9
2022-11-09 19:45:00,West Ham United,Blackburn Rovers,2.0,2.0,London,England,London Stadium,,,,EFL Cup (Carabao),,20221109_West-Ham-United_Blackburn-Rovers,-11.985214022959099,1.42,1.65,4,5,9,11,42.8,57.2,0,2,0,0,6,12
2022-11-09 19:45:00,Wolverhampton Wanderers,Leeds United,1.0,0.0,Wolverhampton,England,Molineux Stadium,,,,EFL Cup (Carabao),,20221109_Wolverhampton-Wanderers_Leeds-United,11.530424212024627,0.31,0.86,1,3,2,7,49.7,50.3,1,0,0,1,2,1
2022-11-09 20:00:00,Liverpool,Derby County,0.0,0.0,Liverpool,England,Anfield,,,,EFL Cup (Carabao),,20221109_Liverpool_Derby-County,25.899253259317902,0.98,0.63,3,2,7,7,43.8,56.2,1,4,0,0,6,9
2022-11-09 20:00:00,Manchester City,Chelsea,2.0,0.0,Manchester,England,Etihad Stadium,,,,EFL Cup (Carabao),,20221109_Manchester-City_Chelsea,-25.966812116328583,1.23,1.17,4,3,9,7,45.4,54.6,1,0,0,1,4,3
2022-11-10 20:00:00,Manchester United,Aston Villa,4.0,2.0,Manchester,England,Old Trafford,,,,EFL Cup (Carabao),,20221110_Manchester-United_Aston-Villa,-35.98620183711091,1.89,1.18,5,3,12,6,45.4,54.6,0,0,0,0,10,4
2022-12-20 19:45:00,Milton Keynes Dons,Leicester City,0.0,3.0,Milton Keynes,England,Stadium MK,,,,EFL Cup (Carabao),,20221220_Milton-Keynes-Dons_Leicester-City,8.921716728950287,0.23,0.55,1,3,2,5,54.2,45.8,2,0,0,0,1,1
2022-12-20 19:45:00,Newcastle United,AFC Bournemouth,1.0,0.0,Newcastle-upon-Tyne,England,St. James' Park,,,,EFL Cup (Carabao),,20221220_Newcastle-United_AFC-Bournemouth,9.988833898233679,0.46,0.98,1,4,2,8,53.6,46.4,2,2,0,0,3,9
2022-12-20 19:45:00,Southampton,Lincoln City,2.0,1.0,Southampton,England,St. Mary's Stadium,,,,EFL Cup (Carabao),,20221220_Southampton_Lincoln-City,0.4119287660125792,1.2,1.24,3,4,7,11,53.4,46.6,0,2,0,0,7,10
2022-12-20 19:45:00,Wolverhampton Wanderers,Gillingham,2.0,0.0,Wolverhampton,England,Molineux Stadium,,,,EFL Cup (Carabao),,20221220_Wolverhampton-Wanderers_Gillingham,22.827532407199215,1.2,0.74,3,2,8,3,49.3,50.7,1,4,0,0,4,1
2022-12-21 19:45:00,Blackburn Rovers,Nottingham Forest,1.0,4.0,Blackburn,England,Ewood Park,,,,EFL Cup (Carabao),,20221221_Blackburn-Rovers_Nottingham-Forest,-12.03042572444565,1.09,1.2,2,5,5,10,49.6,50.4,4,1,0,0,3,9
2022-12-21 19:45:00,Charlton Athletic,Brighton & Hove Albion,0.0,0.0,London,England,The Valley,,,,EFL Cup (Carabao),,20221221_Charlton-Athletic_Brighton-&-Hove-Albion,-45.135882605157576,1.36,0.55,4,1,10,1,47.3,52.7,1,2,0,0,4,1
2022-12-21 20:00:00,Manchester United,Burnley,2.0,0.0,Manchester,England,Old Trafford,,,,EFL Cup (Carabao),,20221221_Manchester-United_Burnley,-23.16296092373136,0.49,0.19,3,0,8,0,52.6,47.4,0,1,0,0,2,1
2022-12-22 20:00:00,Manchester City,Liverpool,3.0,2.0,Manchester,England,Etihad Stadium,,,,EFL Cup (Carabao),,20221222_Manchester-City_Liverpool,-12.539206080447684,0.97,0.55,4,2,9,4,50.2,49.8,2,0,0,0,6,4
2023-01-10 20:00:00,Manchester United,Charlton Athletic,3.0,0.0,Manchester,England,Old Trafford,,,,EFL Cup (Carabao),,20230110_Manchester-United_Charlton-Athletic,10.090562468496273,1.91,0.59,5,2,10,5,46.9,53.1,2,2,0,0,5,2
2023-01-10 20:00:00,Newcastle United,Leicester City,2.0,0.0,Newcastle-upon-Tyne,England,St. James' Park,,,,EFL Cup (Carabao),,20230110_Newcastle-United_Leicester-City,-14.970249272323372,1.41,0.38,6,0,13,0,57.3,42.7,0,1,0,0,7,3
2023-01-11 19:45:00,Nottingham Forest,Wolverhampton Wanderers,1.0,1.0,Nottingham,England,The City Ground,,,,EFL Cup (Carabao),,20230111_Nottingham-Forest_Wolverhampton-Wanderers,-12.329446203536463,1.04,0.38,3,2,8,8,48.2,51.8,4,2,0,0,6,2
2023-01-11 20:00:00,Southampton,Manchester City,2.0,0.0,Southampton,England,St. Mary's Stadium,,,,EFL Cup (Carabao),,20230111_Southampton_Manchester-City,-1.3299093334201189,0.8,0.37,2,0,3,0,48.3,51.7,2,0,0,0,1,2
2023-01-24 20:00:00,Southampton,Newcastle United,0.0,1.0,Southampton,England,St. Mary's Stadium,,,,EFL Cup (Carabao),,20230124_Southampton_Newcastle-United,12.272284942660008,0.05,0.2,0,1,0,1,55.4,44.6,3,1,0,0,1,5
2023-01-25 20:00:00,Nottingham Forest,Manchester United,0.0,3.0,Nottingham,England,The City Ground,,,,EFL Cup (Carabao),,20230125_Nottingham-Forest_Manchester-United,9.952346692313313,0.95,1.05,3,3,7,7,59.9,40.1,2,0,0,0,5,6
2023-01-31 20:00:00,Newcastle United,Southampton,2.0,1.0,Newcastle-upon-Tyne,England,St. James' Park,,,,EFL Cup (Carabao),,20230131_Newcastle-United_Southampton,12.575102075787527,0.84,1.36,2,4,3,8,51.9,48.1,0,5,0,1,7,6
2023-02-01 20:00:00,Manchester United,Nottingham Forest,2.0,0.0,Manchester,England,Old Trafford,,,,EFL Cup (Carabao),,20230201_Manchester-United_Nottingham-Forest,14.734949086288452,2.13,1.27,8,3,17,8,36.7,63.3,1,1,0,0,10,7
2023-02-26 16:30:00,Manchester United,Newcastle United,2.0,0.0,London,England,Wembley Stadium,,,,EFL Cup (Carabao),,20230226_Manchester-United_Newcastle-United,-10.237451233155525,1.6,0.74,4,4,10,9,48.4,51.6,0,1,0,0,7,5
2023-08-08 18:00:00,Huddersfield Town,Middlesbrough,2.0,3.0,Huddersfield,England,Accu Stadium,,,,EFL Cup (Carabao),,20230808_Huddersfield-Town_Middlesbrough,0.7827143063432231,1.85,2.35,3,7,6,16,47.9,52.1,3,1,0,0,1,9
2023-08-08 18:30:00,Mansfield Town,Grimsby Town,2.0,0.0,Mansfield,England,One Call Stadium,,,,EFL Cup (Carabao),,20230808_Mansfield-Town_Grimsby-Town,-23.54328237337495,1.8,1.0,6,4,15,9,46.7,53.3,0,3,0,0,5,7
2023-08-08 18:30:00,Newport County,Charlton Athletic,3.0,1.0,Newport,Wales,Rodney Parade,,,,EFL Cup (Carabao),,20230808_Newport-County_Charlton-Athletic,18.585650645507485,1.49,0.7,6,3,13,9,46.8,53.2,2,1,0,0,4,8
2023-08-08 18:30:00,Peterborough United,Swindon Town,1.0,1.0,Peterborough,England,Weston Homes Stadium,,,,EFL Cup (Carabao),,20230808_Peterborough-United_Swindon-Town,0.8000141155898746,1.5,0.96,4,3,7,6,49.8,50.2,0,1,0,1,4,3
2023-08-08 18:30:00,Swansea City,Northampton Town,3.0,0.0,Swansea,Wales,Swansea.com Stadium,,,,EFL Cup (Carabao),,20230808_Swansea-City_Northampton-Town,23.200429431054772,1.51,0.51,4,3,8,7,55.5,44.5,1,2,0,0,7,7
2023-08-08 18:45:00,Accrington Stanley,Bradford City,1.0,1.0,Accrington,England,Wham Stadium,,,,EFL Cup (Carabao),,20230808_Accrington-Stanley_Bradford-City,22.785700629825897,0.8,0.26,3,1,8,2,48.8,51.2,1,1,0,0,5,0
2023-08-08 18:45:00,Barnsley,Tranmere Rovers,2.0,2.0,Barnsley,England,Oakwell,,,,EFL Cup (Carabao),,20230808_Barnsley_Tranmere-Rovers,10.828089218833384,2.33,0.62,9,2,17,3,45.9,54.1,3,2,1,0,11,3
2023-08-08 18:45:00,Blackburn Rovers,Walsall,4.0,3.0,Blackburn,England,Ewood Park,,,,EFL Cup (Carabao),,20230808_Blackburn-Rovers_Walsall,0.8140858899791965,1.63,0.57,5,3,8,9,47.9,52.1,2,1,0,0,5,4
2023-08-08 18:45:00,Bolton Wanderers,Barrow,1.0,0.0,Manchester,England,Toughsheet Community Stadium,,,,EFL Cup (Carabao),,20230808_Bolton-Wanderers_Barrow,-0.014802481138758594,0.12,0.49,1,1,0,2,43.1,56.9,2,1,0,0,2,2
2023-08-08 18:45:00,Cheltenham Town,Birmingham City,0.0,2.0,Cheltenham,England,EV Charger Points Stadium,,,,EFL Cup (Carabao),,20230808_Cheltenham-Town_Birmingham-City,-11.571901250733845,0.8,1.33,3,5,6,11,46.6,53.4,0,2,0,0,5,10
2023-08-08 18:45:00,Derby County,Blackpool,0.0,2.0,Derby,England,Pride Park Stadium,,,,EFL Cup (Carabao),,20230808_Derby-County_Blackpool,13.33520854414428,1.27,1.58,5,5,12,11,51.3,48.7,1,4,0,0,6,5
2023-08-08 18:45:00,Exeter City,Crawley Town,2.0,1.0,Exeter,England,St James Park,,,,EFL Cup (Carabao),,20230808_Exeter-City_Crawley-Town,0.8147683631386826,1.25,0.05,4,1,8,1,46.6,53.4,1,4,0,0,3,3
2023-08-08 18:45:00,Forest Green Rovers,Portsmouth,1.0,3.0,Forest Green,England,The Bolt New Lawn,,,,EFL Cup (Carabao),,20230808_Forest-Green-Rovers_Portsmouth,0.45471481174126893,0.3,1.86,2,5,4,12,51.9,48.1,0,2,0,0,5,3
2023-08-08 18:45:00,Gillingham,Southampton,3.0,1.0,Gillingham,England,Priestfield Stadium,,,,EFL Cup (Carabao),,20230808_Gillingham_Southampton,-21.76245289535882,1.74,0.42,8,1,18,2,51.5,48.5,3,0,0,0,4,1
2023-08-08 18:45:00,Harrogate Town,Carlisle United,1.0,0.0,Harrogate,England,Exercise Stadium,,,,EFL Cup (Carabao),,20230808_Harrogate-Town_Carlisle-United,12.0,1.39,1.36,6,6,13,11,52.0,48.0,1,2,0,0,7,7
2023-08-08 18:45:00,Hull City,Doncaster Rovers,1.0,2.0,Hull,England,The MKM Stadium,,,,EFL Cup (Carabao),,20230808_Hull-City_Doncaster-Rovers,10.771391201295046,1.44,1.16,3,2,7,5,51.7,48.3,1,2,0,0,7,3
2023-08-08 18:45:00,Millwall,Reading,0.0,4.0,London,England,The Den,,,,EFL Cup (Carabao),,20230808_Millwall_Reading,21.58687199429596,0.97,1.7,3,6,5,12,52.1,47.9,0,3,0,0,7,7
2023-08-08 18:45:00,Milton Keynes Dons,Wycombe Wanderers,0.0,2.0,Milton Keynes,England,Stadium MK,,,,EFL Cup (Carabao),,20230808_Milton-Keynes-Dons_Wycombe-Wanderers,33.73089816863876,1.85,1.49,7,4,16,9,54.3,45.7,4,1,0,0,11,6
2023-08-08 18:45:00,Notts County,Lincoln City,0.0,2.0,Nottingham,England,Meadow Lane,,,,EFL Cup (Carabao),,20230808_Notts-County_Lincoln-City,-11.614713542863683,1.06,0.52,3,2,4,7,46.5,53.5,4,3,0,0,8,5
2023-08-08 18:45:00,Plymouth Argyle,Leyton Orient,2.0,0.0,Plymouth,England,Home Park,,,,EFL Cup (Carabao),,20230808_Plymouth-Argyle_Leyton-Orient,0.0,0.05,0.22,2,0,5,0,50.6,49.4,1,2,0,0,9,1
2023-08-08 18:45:00,Port Vale,Fleetwood Town,3.0,2.0,Stoke-on-Trent,England,Vale Park,,,,EFL Cup (Carabao),,20230808_Port-Vale_Fleetwood-Town,-12.44189922239525,0.89,0.96,4,2,9,5,46.8,53.2,0,1,0,1,6,4
2023-08-08 18:45:00,Preston North End,Salford City,2.0,2.0,Preston,England,Deepdale,,,,EFL Cup (Carabao),,20230808_Preston-North-End_Salford-City,32.83102136638013,1.26,0.92,2,4,4,8,49.9,50.1,1,3,0,0,1,7
2023-08-08 18:45:00,Rotherham United,Morecambe,1.0,1.0,Rotherham,England,AESSEAL New York Stadium,,,,EFL Cup (Carabao),,20230808_Rotherham-United_Morecambe,-13.092080853615926,0.74,1.44,3,5,7,8,48.4,51.6,3,3,0,0,4,4
2023-08-08 18:45:00,Sheffield Wednesday,Stockport County,1.0,1.0,Sheffield,England,Hillsborough,,,,EFL Cup (Carabao),,20230808_Sheffield-Wednesday_Stockport-County,12.650599408248809,0.79,1.55,3,4,6,8,49.6,50.4,4,1,0,0,4,5
2023-08-08 18:45:00,Stevenage,Watford,1.0,1.0,Stevenage,England,Lamex Stadium,,,,EFL Cup (Carabao),,20230808_Stevenage_Watford,33.67052793770881,1.59,2.63,4,9,9,20,51.1,48.9,0,1,0,0,2,9
2023-08-08 18:45:00,Stoke City,West Bromwich Albion,2.0,1.0,Stoke-on-Trent,England,bet365 Stadium,,,,EFL Cup (Carabao),,20230808_Stoke-City_West-Bromwich-Albion,32.816231820690064,1.87,1.51,5,3,12,8,55.3,44.7,3,1,0,0,4,5
2023-08-08 18:45:00,Sunderland,Crewe Alexandra,1.0,1.0,Sunderland,England,Stadium of Light,,,,EFL Cup (Carabao),,20230808_Sunderland_Crewe-Alexandra,22.055791710208496,0.79,1.27,2,5,6,10,45.8,54.2,0,3,0,0,4,8
2023-08-08 18:45:00,Sutton United,Cambridge United,2.0,2.0,Sutton Coldfield,England,VBS Community Stadium,,,,EFL Cup (Carabao),,20230808_Sutton-United_Cambridge-United,-13.157421885980511,2.01,0.14,5,2,9,5,47.8,52.2,3,4,1,0,5,1
2023-08-08 19:00:00,Wrexham,Wigan Athletic,0.0,0.0,Wrexham,Wales,STōK Cae Ras,,,,EFL Cup (Carabao),,20230808_Wrexham_Wigan-Athletic,23.200970070637595,0.89,0.96,3,2,7,5,59.7,40.3,3,0,0,0,2,4
2023-08-09 18:45:00,AFC Wimbledon,Coventry City,2.0,1.0,London,England,The Cherry Red Records Stadium,,,,EFL Cup (Carabao),,20230809_AFC-Wimbledon_Coventry-City,22.78568529803306,1.67,1.5,6,5,13,12,48.7,51.3,1,1,0,0,7,10
2023-08-09 18:45:00,Bristol City,Oxford United,5.0,1.0,Bristol,England,Ashton Gate,,,,EFL Cup (Carabao),,20230809_Bristol-City_Oxford-United,33.999438475872466,1.76,1.77,6,5,12,10,57.0,43.0,2,3,0,0,8,8
2023-08-09 18:45:00,Cardiff City,Colchester United,2.0,2.0,Cardiff,Wales,Cardiff City Stadium,,,,EFL Cup (Carabao),,20230809_Cardiff-City_Colchester-United,-1.6003296334997685,0.86,0.4,2,3,5,7,53.2,46.8,4,0,0,1,3,7
2023-08-09 18:45:00,Ipswich Town,Bristol Rovers,2.0,0.0,Ipswich,England,Portman Road,,,,EFL Cup (Carabao),,20230809_Ipswich-Town_Bristol-Rovers,-0.4143005863770668,0.77,0.32,2,0,2,0,54.6,45.4,0,0,0,0,3,1
2023-08-09 18:45:00,Leeds United,Shrewsbury Town,2.0,1.0,Leeds,England,Elland Road,,,,EFL Cup (Carabao),,20230809_Leeds-United_Shrewsbury-Town,13.59810308005035,1.52,1.09,6,1,13,2,54.1,45.9,1,1,0,0,4,3
2023-08-09 19:00:00,Burton Albion,Leicester City,0.0,2.0,"Burton-upon-Trent, Staffordshire",England,Pirelli Stadium,,,,EFL Cup (Carabao),,20230809_Burton-Albion_Leicester-City,-37.72292556880029,1.05,1.33,4,6,9,12,49.2,50.8,3,0,0,0,7,7
2023-08-16 18:45:00,Queens Park Rangers,Norwich City,0.0,1.0,London,England,MATRADE Loftus Road,,,,EFL Cup (Carabao),,20230816_Queens-Park-Rangers_Norwich-City,12.758388405115284,0.91,0.46,3,1,6,2,50.3,49.7,1,0,0,0,7,2
2023-08-29 18:30:00,Swansea City,AFC Bournemouth,2.0,3.0,Swansea,Wales,Swansea.com Stadium,,,,EFL Cup (Carabao),,20230829_Swansea-City_AFC-Bournemouth,32.02992184726736,1.35,0.47,5,3,12,5,50.7,49.3,2,1,0,0,3,5
2023-08-29 18:45:00,Birmingham City,Cardiff City,1.0,3.0,Birmingham,England,St. Andrew's @ Knighthead Park,,,,EFL Cup (Carabao),,20230829_Birmingham-City_Cardiff-City,23.94520300627505,0.17,2.43,1,8,2,18,44.6,55.4,1,1,0,1,2,9
2023-08-29 18:45:00,Bolton Wanderers,Middlesbrough,1.0,3.0,Manchester,England,Toughsheet Community Stadium,,,,EFL Cup (Carabao),,20230829_Bolton-Wanderers_Middlesbrough,23.558683103817657,0.6,0.46,2,3,3,8,55.1,44.9,0,3,0,0,3,6
2023-08-29 18:45:00,Bristol City,Norwich City,0.0,1.0,Bristol,England,Ashton Gate,,,,EFL Cup (Carabao),,20230829_Bristol-City_Norwich-City,9.98847440930922,2.44,1.13,10,3,20,5,56.2,43.8,2,2,0,0,3,5
2023-08-29 18:45:00,Exeter City,Stevenage,1.0,1.0,Exeter,England,St James Park,,,,EFL Cup (Carabao),,20230829_Exeter-City_Stevenage,2.702536481662719,1.01,0.29,4,1,8,2,51.1,48.9,1,2,0,0,5,5
2023-08-29 18:45:00,Fulham,Tottenham Hotspur,1.0,1.0,London,England,Craven Cottage,,,,EFL Cup (Carabao),,20230829_Fulham_Tottenham-Hotspur,11.07753856033014,1.21,0.39,2,1,4,2,52.6,47.4,0,4,0,0,1,3
2023-08-29 18:45:00,Luton Town,Gillingham,3.0,2.0,Luton,England,Kenilworth Road,,,,EFL Cup (Carabao),,20230829_Luton-Town_Gillingham,-27.057089630226983,1.47,1.22,5,4,10,9,46.2,53.8,5,2,0,0,7,5
2023-08-29 18:45:00,Newport County,Brentford,1.0,1.0,Newport,Wales,Rodney Parade,,,,EFL Cup (Carabao),,20230829_Newport-County_Brentford,-11.032327106276398,1.19,0.98,5,3,9,7,49.0,51.0,3,2,0,1,11,3
2023-08-29 18:45:00,Plymouth Argyle,Crystal Palace,2.0,4.0,Plymouth,England,Home Park,,,,EFL Cup (Carabao),,20230829_Plymouth-Argyle_Crystal-Palace,-0.8562178612266962,1.63,1.22,4,4,8,8,45.1,54.9,2,2,0,1,1,1
2023-08-29 18:45:00,Port Vale,Crewe Alexandra,0.0,0.0,Stoke-on-Trent,England,Vale Park,,,,EFL Cup (Carabao),,20230829_Port-Vale_Crewe-Alexandra,0.06877713223525461,0.42,1.06,0,3,0,7,48.3,51.7,2,1,0,0,3,4
2023-08-29 18:45:00,Portsmouth,Peterborough United,1.0,1.0,Portsmouth,England,Fratton Park,,,,EFL Cup (Carabao),,20230829_Portsmouth_Peterborough-United,12.030030651882953,0.98,2.05,5,8,12,16,47.5,52.5,0,2,0,0,9,5
2023-08-29 18:45:00,Sheffield Wednesday,Mansfield Town,1.0,1.0,Sheffield,England,Hillsborough,,,,EFL Cup (Carabao),,20230829_Sheffield-Wednesday_Mansfield-Town,35.444327770116615,0.52,0.63,1,3,2,6,50.0,50.0,1,0,0,0,3,5
2023-08-29 18:45:00,Stoke City,Rotherham United,6.0,1.0,Stoke-on-Trent,England,bet365 Stadium,,,,EFL Cup (Carabao),,20230829_Stoke-City_Rotherham-United,44.3906337012445,2.58,1.76,9,5,19,11,53.6,46.4,1,1,0,0,11,3
2023-08-29 18:45:00,Tranmere Rovers,Leicester City,0.0,2.0,Birkenhead,England,Prenton Park,,,,EFL Cup (Carabao),,20230829_Tranmere-Rovers_Leicester-City,-47.65074845215895,0.3,1.04,2,3,7,5,44.0,56.0,2,3,0,0,5,5
2023-08-29 18:45:00,Wolverhampton Wanderers,Blackpool,5.0,0.0,Wolverhampton,England,Molineux Stadium,,,,EFL Cup (Carabao),,20230829_Wolverhampton-Wanderers_Blackpool,34.67332901733221,1.81,1.42,6,6,14,13,50.8,49.2,2,1,0,0,8,6
2023-08-29 18:45:00,Wrexham,Bradford City,1.0,1.0,Wrexham,Wales,STōK Cae Ras,,,,EFL Cup (Carabao),,20230829_Wrexham_Bradford-City,10.014000866291326,2.0,0.28,5,1,12,2,50.9,49.1,2,3,0,0,5,2
2023-08-29 18:45:00,Wycombe Wanderers,Sutton United,0.0,1.0,Wycombe,England,Adams Park,,,,EFL Cup (Carabao),,20230829_Wycombe-Wanderers_Sutton-United,25.092866759523986,0.41,1.13,2,3,5,7,44.2,55.8,0,1,0,0,3,3
2023-08-29 19:00:00,Reading,Ipswich Town,2.0,2.0,Reading,England,Select Car Leasing Stadium,,,,EFL Cup (Carabao),,20230829_Reading_Ipswich-Town,1.1446173674678448,1.27,1.38,3,4,6,8,51.6,48.4,4,2,0,1,4,8
2023-08-29 19:00:00,Salford City,Leeds United,1.0,1.0,Salford,England,Peninsula Stadium,,,,EFL Cup (Carabao),,20230829_Salford-City_Leeds-United,-23.998117743694593,1.61,0.69,5,3,10,7,51.5,48.5,3,2,0,0,6,4
2023-08-30 18:45:00,Chelsea,AFC Wimbledon,2.0,1.0,London,England,Stamford Bridge,,,,EFL Cup (Carabao),,20230830_Chelsea_AFC-Wimbledon,14.65749383200614,1.43,0.62,5,1,10,1,50.2,49.8,2,2,0,1,3,0
2023-08-30 18:45:00,Harrogate Town,Blackburn Rovers,0.0,8.0,Harrogate,England,Exercise Stadium,,,,EFL Cup (Carabao),,20230830_Harrogate-Town_Blackburn-Rovers,-12.402052228922912,1.02,2.75,3,8,6,18,50.1,49.9,1,0,0,0,5,8
2023-08-30 18:45:00,Nottingham Forest,Burnley,0.0,1.0,Nottingham,England,The City Ground,,,,EFL Cup (Carabao),,20230830_Nottingham-Forest_Burnley,0.20361667001247952,0.91,0.69,4,1,8,3,53.7,46.3,3,3,0,0,4,2
2023-08-30 18:45:00,Sheffield United,Lincoln City,0.0,0.0,Sheffield,England,Bramall Lane,,,,EFL Cup (Carabao),,20230830_Sheffield-United_Lincoln-City,-13.225340761648795,0.36,0.51,3,2,7,4,48.0,52.0,1,2,0,0,7,4
2023-08-30 19:00:00,Doncaster Rovers,Everton,1.0,2.0,Doncaster,England,The Eco-Power Stadium,,,,EFL Cup (Carabao),,20230830_Doncaster-Rovers_Everton,-21.189299017013127,1.06,1.31,3,3,7,8,52.4,47.6,2,1,0,0,3,4
2023-09-26 18:45:00,Bradford City,Middlesbrough,0.0,2.0,Bradford,England,University of Bradford Stadium,,,,EFL Cup (Carabao),,20230926_Bradford-City_Middlesbrough,-11.722147236844194,0.75,1.33,3,5,6,12,47.8,52.2,1,2,0,0,2,7
2023-09-26 18:45:00,Exeter City,Luton Town,1.0,0.0,Exeter,England,St James Park,,,,EFL Cup (Carabao),,20230926_Exeter-City_Luton-Town,22.988301858653585,0.67,0.9,2,0,5,1,47.8,52.2,2,2,0,0,5,2
2023-09-26 18:45:00,Ipswich Town,Wolverhampton Wanderers,3.0,2.0,Ipswich,England,Portman Road,,,,EFL Cup (Carabao),,20230926_Ipswich-Town_Wolverhampton-Wanderers,-69.87191802789698,1.02,1.83,3,8,6,17,40.0,60.0,1,4,0,0,5,9
2023-09-26 18:45:00,Mansfield Town,Peterborough United,2.0,2.0,Mansfield,England,One Call Stadium,,,,EFL Cup (Carabao),,20230926_Mansfield-Town_Peterborough-United,0.858478392647612,0.55,1.54,2,6,4,13,51.9,48.1,0,1,0,0,2,12
2023-09-26 18:45:00,Port Vale,Sutton United,2.0,1.0,Stoke-on-Trent,England,Vale Park,,,,EFL Cup (Carabao),,20230926_Port-Vale_Sutton-United,-1.306528961507638,1.22,0.99,5,4,11,8,49.0,51.0,2,1,0,0,10,2
2023-09-26 18:45:00,Salford City,Burnley,0.0,4.0,Salford,England,Peninsula Stadium,,,,EFL Cup (Carabao),,20230926_Salford-City_Burnley,-33.65151991867788,0.8,2.6,3,9,8,19,52.0,48.0,1,2,0,0,2,5
2023-09-26 19:00:00,Manchester United,Crystal Palace,3.0,0.0,Manchester,England,Old Trafford,,,,EFL Cup (Carabao),,20230926_Manchester-United_Crystal-Palace,49.46508088622227,0.8,0.52,3,3,6,6,52.4,47.6,1,0,0,0,4,9
2023-09-27 18:45:00,AFC Bournemouth,Stoke City,2.0,0.0,Bournemouth,England,Vitality Stadium,,,,EFL Cup (Carabao),,20230927_AFC-Bournemouth_Stoke-City,-40.285605104138995,1.2,0.05,6,0,13,0,49.4,50.6,2,1,0,0,6,0
2023-09-27 18:45:00,Aston Villa,Everton,1.0,2.0,Birmingham,England,Villa Park,,,,EFL Cup (Carabao),,20230927_Aston-Villa_Everton,-10.896864125266575,2.18,1.28,9,3,20,7,45.6,54.4,1,3,0,0,11,5
2023-09-27 18:45:00,Blackburn Rovers,Cardiff City,5.0,2.0,Blackburn,England,Ewood Park,,,,EFL Cup (Carabao),,20230927_Blackburn-Rovers_Cardiff-City,23.49288591833738,1.55,1.42,5,4,11,8,54.1,45.9,2,1,0,0,5,6
2023-09-27 18:45:00,Brentford,Arsenal,0.0,1.0,London,England,Gtech Community Stadium,,,,EFL Cup (Carabao),,20230927_Brentford_Arsenal,10.448197705959501,0.05,0.44,0,1,3,1,43.4,56.6,1,2,0,0,2,3
2023-09-27 18:45:00,Chelsea,Brighton & Hove Albion,1.0,0.0,London,England,Stamford Bridge,,,,EFL Cup (Carabao),,20230927_Chelsea_Brighton-&-Hove-Albion,-9.416532536401292,1.05,1.1,4,4,10,10,47.2,52.8,2,4,1,0,8,4
2023-09-27 18:45:00,Fulham,Norwich City,2.0,1.0,London,England,Craven Cottage,,,,EFL Cup (Carabao),,20230927_Fulham_Norwich-City,-23.96784087717151,1.02,0.5,3,1,6,2,49.8,50.2,0,0,0,0,6,0
2023-09-27 18:45:00,Lincoln City,West Ham United,0.0,1.0,Lincoln,England,LNER Stadium,,,,EFL Cup (Carabao),,20230927_Lincoln-City_West-Ham-United,22.314252421708943,0.35,1.26,1,4,3,8,48.1,51.9,1,0,0,0,1,2
2023-09-27 18:45:00,Liverpool,Leicester City,3.0,1.0,Liverpool,England,Anfield,,,,EFL Cup (Carabao),,20230927_Liverpool_Leicester-City,-21.7737509120127,0.56,1.11,4,5,8,13,42.6,57.4,2,2,0,0,2,3
2023-09-27 19:00:00,Newcastle United,Manchester City,1.0,0.0,Newcastle-upon-Tyne,England,St. James' Park,,,,EFL Cup (Carabao),,20230927_Newcastle-United_Manchester-City,22.125739844553664,0.5,0.82,3,4,8,8,43.7,56.3,0,3,0,0,9,2
2023-10-31 19:45:00,Exeter City,Middlesbrough,2.0,3.0,Exeter,England,St James Park,,,,EFL Cup (Carabao),,20231031_Exeter-City_Middlesbrough,22.26473260595185,2.21,1.63,7,4,17,7,52.2,47.8,2,0,0,0,6,4
2023-10-31 19:45:00,Mansfield Town,Port Vale,0.0,1.0,Mansfield,England,One Call Stadium,,,,EFL Cup (Carabao),,20231031_Mansfield-Town_Port-Vale,-10.455747710990863,0.05,0.26,0,1,0,2,51.6,48.4,1,1,1,0,0,0
2023-11-01 19:30:00,West Ham United,Arsenal,3.0,1.0,London,England,London Stadium,,,,EFL Cup (Carabao),,20231101_West-Ham-United_Arsenal,-21.590961305111705,1.58,0.05,5,1,14,4,42.4,57.6,1,1,0,0,11,3
2023-11-01 19:45:00,AFC Bournemouth,Liverpool,1.0,2.0,Bournemouth,England,Vitality Stadium,,,,EFL Cup (Carabao),,20231101_AFC-Bournemouth_Liverpool,-21.308111134951105,1.03,1.78,4,4,10,10,50.7,49.3,1,1,0,0,4,7
2023-11-01 19:45:00,Chelsea,Blackburn Rovers,2.0,0.0,London,England,Stamford Bridge,,,,EFL Cup (Carabao),,20231101_Chelsea_Blackburn-Rovers,14.141419877513727,0.32,1.8,2,6,6,14,49.5,50.5,3,1,0,0,5,5
2023-11-01 19:45:00,Everton,Burnley,3.0,0.0,Liverpool,England,Goodison Park,,,,EFL Cup (Carabao),,20231101_Everton_Burnley,-1.1826573991902478,1.57,1.07,6,3,16,7,53.6,46.4,2,1,1,0,9,5
2023-11-01 19:45:00,Ipswich Town,Fulham,1.0,3.0,Ipswich,England,Portman Road,,,,EFL Cup (Carabao),,20231101_Ipswich-Town_Fulham,-10.394599143738333,0.32,1.13,1,5,2,11,48.6,51.4,2,2,0,0,3,4
2023-11-01 20:15:00,Manchester United,Newcastle United,0.0,3.0,Manchester,England,Old Trafford,,,,EFL Cup (Carabao),,20231101_Manchester-United_Newcastle-United,13.535674021830118,0.47,1.24,2,4,4,8,51.9,48.1,0,0,0,0,4,3
2023-12-19 19:45:00,Everton,Fulham,1.0,1.0,Liverpool,England,Goodison Park,,,,EFL Cup (Carabao),,20231219_Everton_Fulham,20.838372412718172,1.0,0.67,3,1,6,2,45.4,54.6,3,2,0,0,3,3
2023-12-19 19:45:00,Port Vale,Middlesbrough,0.0,3.0,Stoke-on-Trent,England,Vale Park,,,,EFL Cup (Carabao),,20231219_Port-Vale_Middlesbrough,-13.505733616907719,1.31,0.41,5,3,10,6,53.0,47.0,2,2,0,0,3,6
2023-12-19 20:00:00,Chelsea,Newcastle United,1.0,1.0,London,England,Stamford Bridge,,,,EFL Cup (Carabao),,20231219_Chelsea_Newcastle-United,-10.709345191397688,1.46,1.08,4,3,9,9,51.5,48.5,3,0,0,0,3,4
2023-12-20 20:00:00,Liverpool,West Ham United,5.0,1.0,Liverpool,England,Anfield,,,,EFL Cup (Carabao),,20231220_Liverpool_West-Ham-United,23.060220045906817,1.62,0.85,6,3,12,7,49.7,50.3,2,2,0,0,10,6
2024-01-09 20:00:00,Middlesbrough,Chelsea,1.0,0.0,Middlesbrough,England,Riverside Stadium,,,,EFL Cup (Carabao),,20240109_Middlesbrough_Chelsea,-23.62166153042176,0.96,1.09,4,4,7,9,52.8,47.2,0,0,0,0,3,3
2024-01-10 20:00:00,Liverpool,Fulham,2.0,1.0,Liverpool,England,Anfield,,,,EFL Cup (Carabao),,20240110_Liverpool_Fulham,35.03254122653857,2.7,0.33,8,1,18,2,58.3,41.7,4,3,0,0,4,3
2024-01-23 20:00:00,Chelsea,Middlesbrough,6.0,1.0,London,England,Stamford Bridge,,,,EFL Cup (Carabao),,20240123_Chelsea_Middlesbrough,-2.007555489061133,1.25,0.57,6,1,15,3,52.6,47.4,2,2,0,0,9,6
2024-01-24 20:00:00,Fulham,Liverpool,1.0,1.0,London,England,Craven Cottage,,,,EFL Cup (Carabao),,20240124_Fulham_Liverpool,-56.620747081293985,0.55,0.69,2,3,3,7,42.8,57.2,1,3,0,1,2,9
2024-02-25 15:00:00,Chelsea,Liverpool,0.0,1.0,London,England,Wembley Stadium,,,,EFL Cup (Carabao),,20240225_Chelsea_Liverpool,-9.050677394282957,0.31,1.03,0,4,0,11,46.1,53.9,2,2,0,0,2,7
2024-08-13 18:30:00,Carlisle United,Stoke City,0.0,2.0,Carlisle,England,Brunton Park,,,,EFL Cup (Carabao),,20240813_Carlisle-United_Stoke-City,-65.54532373432812,0.57,1.03,3,4,9,9,45.7,54.3,3,0,0,0,6,4
2024-08-13 18:30:00,Leyton Orient,Newport County,4.0,1.0,London,England,BetWright Stadium,,,,EFL Cup (Carabao),,20240813_Leyton-Orient_Newport-County,-47.034738325051194,0.96,0.8,4,3,8,7,43.9,56.1,1,1,0,0,3,2
2024-08-13 18:30:00,Stockport County,Blackburn Rovers,1.0,6.0,Stockport,England,Edgeley Park,,,,EFL Cup (Carabao),,20240813_Stockport-County_Blackburn-Rovers,-10.744120352237132,0.78,1.57,3,6,5,12,48.0,52.0,0,0,0,0,7,6
2024-08-13 18:45:00,Barrow,Port Vale,3.0,2.0,Barrow-in-Furness,England,SO Legal Stadium,,,,EFL Cup (Carabao),,20240813_Barrow_Port-Vale,-12.563713938536921,1.07,1.68,5,6,12,14,44.2,55.8,2,1,0,0,4,7
2024-08-13 18:45:00,Bolton Wanderers,Mansfield Town,1.0,1.0,Manchester,England,Toughsheet Community Stadium,,,,EFL Cup (Carabao),,20240813_Bolton-Wanderers_Mansfield-Town,20.81000769260936,1.17,0.62,6,2,13,4,59.7,40.3,2,2,0,0,9,5
2024-08-13 18:45:00,Bristol City,Coventry City,0.0,1.0,Bristol,England,Ashton Gate,,,,EFL Cup (Carabao),,20240813_Bristol-City_Coventry-City,44.06956876917275,0.84,1.86,3,6,5,15,55.4,44.6,3,0,0,0,4,8
2024-08-13 18:45:00,Bromley,AFC Wimbledon,1.0,2.0,Bromley,England,Copperjax Community Stadium,,,,EFL Cup (Carabao),,20240813_Bromley_AFC-Wimbledon,1.0799256725065334,0.82,0.76,4,3,8,6,53.0,47.0,0,2,0,0,2,4
2024-08-13 18:45:00,Burton Albion,Blackpool,0.0,4.0,"Burton-upon-Trent, Staffordshire",England,Pirelli Stadium,,,,EFL Cup (Carabao),,20240813_Burton-Albion_Blackpool,-24.35616217276538,0.93,0.66,3,4,7,9,47.8,52.2,5,0,0,0,1,6
2024-08-13 18:45:00,Cambridge United,Queens Park Rangers,1.0,2.0,Cambridge,England,Cledara Abbey Stadium,,,,EFL Cup (Carabao),,20240813_Cambridge-United_Queens-Park-Rangers,-10.38612069418673,1.46,1.28,4,4,10,9,46.7,53.3,1,2,0,1,5,7
2024-08-13 18:45:00,Cardiff City,Bristol Rovers,2.0,0.0,Cardiff,Wales,Cardiff City Stadium,,,,EFL Cup (Carabao),,20240813_Cardiff-City_Bristol-Rovers,24.47688584334037,1.18,1.08,6,4,14,10,49.4,50.6,0,1,0,0,6,6
2024-08-13 18:45:00,Charlton Athletic,Birmingham City,0.0,1.0,London,England,The Valley,,,,EFL Cup (Carabao),,20240813_Charlton-Athletic_Birmingham-City,-17.423936719926132,0.94,0.93,2,3,3,7,44.3,55.7,1,1,0,0,4,3
2024-08-13 18:45:00,Colchester United,Reading,2.0,2.0,Colchester,England,JobServe Community Stadium,,,,EFL Cup (Carabao),,20240813_Colchester-United_Reading,-0.3886448710136392,1.02,0.99,3,3,7,6,51.0,49.0,5,2,0,0,3,5
2024-08-13 18:45:00,Crawley Town,Swindon Town,4.0,2.0,Crawley,England,Broadfield Stadium,,,,EFL Cup (Carabao),,20240813_Crawley-Town_Swindon-Town,11.213849259335575,1.75,1.36,4,4,10,8,52.3,47.7,0,0,0,0,5,6
2024-08-13 18:45:00,Derby County,Chesterfield,2.0,1.0,Derby,England,Pride Park Stadium,,,,EFL Cup (Carabao),,20240813_Derby-County_Chesterfield,0.8605433671314131,0.93,0.84,3,3,7,5,46.9,53.1,1,2,0,0,4,2
2024-08-13 18:45:00,Fleetwood Town,West Bromwich Albion,2.0,1.0,Fleetwood,England,Highbury Stadium,,,,EFL Cup (Carabao),,20240813_Fleetwood-Town_West-Bromwich-Albion,-2.301308110331547,1.25,1.56,5,5,10,10,49.7,50.3,1,1,0,0,5,6
2024-08-13 18:45:00,Grimsby Town,Bradford City,1.0,1.0,Grimsby,England,Blundell Park,,,,EFL Cup (Carabao),,20240813_Grimsby-Town_Bradford-City,8.809332302761732,1.91,1.29,6,3,13,4,55.4,44.6,0,1,0,0,9,2
2024-08-13 18:45:00,Huddersfield Town,Morecambe,3.0,0.0,Huddersfield,England,Accu Stadium,,,,EFL Cup (Carabao),,20240813_Huddersfield-Town_Morecambe,-35.49727206946227,0.75,0.05,3,0,8,1,49.1,50.9,0,5,0,0,7,3
2024-08-13 18:45:00,Lincoln City,Harrogate Town,1.0,2.0,Lincoln,England,LNER Stadium,,,,EFL Cup (Carabao),,20240813_Lincoln-City_Harrogate-Town,21.973620035159456,0.91,1.48,3,4,9,8,47.0,53.0,1,0,0,0,7,6
2024-08-13 18:45:00,Northampton Town,Wycombe Wanderers,0.0,2.0,Northampton,England,Sixfields Stadium,,,,EFL Cup (Carabao),,20240813_Northampton-Town_Wycombe-Wanderers,-12.710393396819882,0.31,1.08,2,2,3,4,52.3,47.7,3,0,0,0,5,5
2024-08-13 18:45:00,Norwich City,Stevenage,4.0,3.0,Norwich,England,Carrow Road,,,,EFL Cup (Carabao),,20240813_Norwich-City_Stevenage,-10.246232517364206,1.86,1.2,6,4,13,7,44.0,56.0,2,2,0,0,3,7
2024-08-13 18:45:00,Oxford United,Peterborough United,2.0,0.0,Oxford,England,The Kassam Stadium,,,,EFL Cup (Carabao),,20240813_Oxford-United_Peterborough-United,-23.26105137642503,1.22,0.76,6,1,12,1,48.8,51.2,3,1,0,0,4,3
2024-08-13 18:45:00,Portsmouth,Millwall,0.0,1.0,Portsmouth,England,Fratton Park,,,,EFL Cup (Carabao),,20240813_Portsmouth_Millwall,15.130530367698611,0.26,0.14,0,2,0,5,53.2,46.8,1,4,0,0,0,9
2024-08-13 18:45:00,Preston North End,Sunderland,2.0,0.0,Preston,England,Deepdale,,,,EFL Cup (Carabao),,20240813_Preston-North-End_Sunderland,10.80539902482883,1.62,0.05,5,0,10,0,42.7,57.3,3,1,0,0,1,2
2024-08-13 18:45:00,Rotherham United,Crewe Alexandra,2.0,1.0,Rotherham,England,AESSEAL New York Stadium,,,,EFL Cup (Carabao),,20240813_Rotherham-United_Crewe-Alexandra,-10.359119956309314,0.7,0.28,3,1,4,5,51.4,48.6,2,0,1,0,4,2
2024-08-13 18:45:00,Salford City,Doncaster Rovers,0.0,2.0,Salford,England,Peninsula Stadium,,,,EFL Cup (Carabao),,20240813_Salford-City_Doncaster-Rovers,1.1996253453637564,0.95,1.35,2,4,3,9,42.3,57.7,1,1,0,0,2,2
2024-08-13 18:45:00,Shrewsbury Town,Notts County,3.0,3.0,Shrewsbury,England,The Croud Meadow,,,,EFL Cup (Carabao),,20240813_Shrewsbury-Town_Notts-County,-11.93156941754728,1.31,1.76,3,7,6,15,56.6,43.4,0,1,0,0,1,6
2024-08-13 18:45:00,Swansea City,Gillingham,3.0,1.0,Swansea,Wales,Swansea.com Stadium,,,,EFL Cup (Carabao),,20240813_Swansea-City_Gillingham,6.772706359793574,1.26,1.63,4,5,8,10,49.7,50.3,1,1,0,0,8,3
2024-08-13 18:45:00,Tranmere Rovers,Accrington Stanley,3.0,0.0,Birkenhead,England,Prenton Park,,,,EFL Cup (Carabao),,20240813_Tranmere-Rovers_Accrington-Stanley,-32.00421176275404,2.12,0.05,6,0,13,0,51.5,48.5,4,2,0,0,7,1
2024-08-13 18:45:00,Walsall,Exeter City,1.0,1.0,Walsall,England,Pallet-Track Bescot Stadium,,,,EFL Cup (Carabao),,20240813_Walsall_Exeter-City,-35.115948987313914,0.99,1.25,3,3,8,6,52.5,47.5,1,1,0,0,5,6
2024-08-13 18:45:00,Watford,Milton Keynes Dons,5.0,0.0,Watford,England,Vicarage Road,,,,EFL Cup (Carabao),,20240813_Watford_Milton-Keynes-Dons,-19.424008871552587,2.13,0.05,8,1,19,1,55.7,44.3,4,0,0,0,9,0
2024-08-13 18:45:00,Wigan Athletic,Barnsley,1.0,1.0,Wigan,England,The Brick Community Stadium,,,,EFL Cup (Carabao),,20240813_Wigan-Athletic_Barnsley,-21.241239115692224,1.46,1.21,3,4,8,6,48.1,51.9,3,0,0,0,5,4
2024-08-13 19:00:00,Sheffield United,Wrexham,4.0,2.0,Sheffield,England,Bramall Lane,,,,EFL Cup (Carabao),,20240813_Sheffield-United_Wrexham,11.590850457625947,2.56,0.7,7,3,15,7,43.0,57.0,1,1,0,0,13,8
2024-08-14 18:45:00,Hull City,Sheffield Wednesday,1.0,2.0,Hull,England,The MKM Stadium,,,,EFL Cup (Carabao),,20240814_Hull-City_Sheffield-Wednesday,-47.83678876753925,0.95,0.96,4,4,10,11,49.1,50.9,0,2,0,0,4,3
2024-08-14 18:45:00,Plymouth Argyle,Cheltenham Town,3.0,0.0,Plymouth,England,Home Park,,,,EFL Cup (Carabao),,20240814_Plymouth-Argyle_Cheltenham-Town,11.201942324918264,1.25,0.81,4,3,10,6,53.3,46.7,3,1,0,0,7,2
2024-08-14 19:00:00,Leeds United,Middlesbrough,0.0,3.0,Leeds,England,Elland Road,,,,EFL Cup (Carabao),,20240814_Leeds-United_Middlesbrough,-25.594894573213196,1.27,0.98,5,5,11,12,51.3,48.7,4,5,0,0,7,6
2024-08-27 18:15:00,Middlesbrough,Stoke City,0.0,5.0,Middlesbrough,England,Riverside Stadium,,,,EFL Cup (Carabao),,20240827_Middlesbrough_Stoke-City,9.29137249253563,1.36,1.87,3,7,6,16,55.4,44.6,1,5,0,0,7,10
2024-08-27 18:45:00,Barnsley,Sheffield United,1.0,0.0,Barnsley,England,Oakwell,,,,EFL Cup (Carabao),,20240827_Barnsley_Sheffield-United,-23.9370659541205,1.49,0.37,3,0,5,1,46.1,53.9,1,2,0,0,7,3
2024-08-27 18:45:00,Barrow,Derby County,0.0,0.0,Barrow-in-Furness,England,SO Legal Stadium,,,,EFL Cup (Carabao),,20240827_Barrow_Derby-County,-12.383277450257538,1.28,1.13,6,2,14,3,53.3,46.7,1,2,0,0,11,3
2024-08-27 18:45:00,Blackburn Rovers,Blackpool,1.0,2.0,Blackburn,England,Ewood Park,,,,EFL Cup (Carabao),,20240827_Blackburn-Rovers_Blackpool,22.066783940823598,0.05,1.32,1,6,3,14,50.0,50.0,2,1,0,0,4,5
2024-08-27 18:45:00,Brighton & Hove Albion,Crawley Town,4.0,0.0,Falmer,England,American Express Stadium,,,,EFL Cup (Carabao),,20240827_Brighton-&-Hove-Albion_Crawley-Town,22.802738725407835,0.7,0.74,5,2,11,4,48.8,51.2,2,4,0,0,4,3
2024-08-27 18:45:00,Coventry City,Oxford United,1.0,0.0,Coventry,England,The Coventry Building Society Arena,,,,EFL Cup (Carabao),,20240827_Coventry-City_Oxford-United,-0.04436656102757297,1.11,0.51,4,1,8,1,50.1,49.9,0,3,0,1,5,1
2024-08-27 18:45:00,Everton,Doncaster Rovers,3.0,0.0,Liverpool,England,Goodison Park,,,,EFL Cup (Carabao),,20240827_Everton_Doncaster-Rovers,54.6317090201685,1.23,1.32,6,4,12,10,61.0,39.0,1,4,0,0,2,7
2024-08-27 18:45:00,Fleetwood Town,Rotherham United,2.0,1.0,Fleetwood,England,Highbury Stadium,,,,EFL Cup (Carabao),,20240827_Fleetwood-Town_Rotherham-United,-2.269870053188697,1.34,1.24,5,3,11,5,47.5,52.5,1,1,0,0,5,7
2024-08-27 18:45:00,Grimsby Town,Sheffield Wednesday,1.0,5.0,Grimsby,England,Blundell Park,,,,EFL Cup (Carabao),,20240827_Grimsby-Town_Sheffield-Wednesday,-46.96723487784652,0.65,1.42,3,5,7,11,48.1,51.9,2,2,1,0,6,3
2024-08-27 18:45:00,Harrogate Town,Preston North End,0.0,5.0,Harrogate,England,Exercise Stadium,,,,EFL Cup (Carabao),,20240827_Harrogate-Town_Preston-North-End,-30.55555526109424,0.65,1.8,2,5,5,9,53.3,46.7,3,1,0,0,6,6
2024-08-27 18:45:00,Leicester City,Tranmere Rovers,4.0,0.0,Leicester,England,King Power Stadium,,,,EFL Cup (Carabao),,20240827_Leicester-City_Tranmere-Rovers,42.526309562325196,2.0,1.5,7,5,14,11,51.6,48.4,1,0,0,0,13,9
2024-08-27 18:45:00,Millwall,Leyton Orient,0.0,1.0,London,England,The Den,,,,EFL Cup (Carabao),,20240827_Millwall_Leyton-Orient,8.57843646751121,0.12,0.05,0,2,0,6,56.8,43.2,0,4,0,0,4,5
2024-08-27 18:45:00,Queens Park Rangers,Luton Town,1.0,1.0,London,England,MATRADE Loftus Road,,,,EFL Cup (Carabao),,20240827_Queens-Park-Rangers_Luton-Town,21.433846071712424,1.32,0.3,6,1,12,1,50.8,49.2,2,1,0,0,6,2
2024-08-27 18:45:00,Shrewsbury Town,Bolton Wanderers,0.0,2.0,Shrewsbury,England,The Croud Meadow,,,,EFL Cup (Carabao),,20240827_Shrewsbury-Town_Bolton-Wanderers,-21.588301327651607,0.36,0.45,0,3,0,7,55.9,44.1,0,2,0,1,4,6
2024-08-27 18:45:00,Walsall,Huddersfield Town,3.0,2.0,Walsall,England,Pallet-Track Bescot Stadium,,,,EFL Cup (Carabao),,20240827_Walsall_Huddersfield-Town,10.04688441205144,1.29,1.77,3,4,6,6,46.4,53.6,2,0,0,0,7,5
2024-08-27 18:45:00,Watford,Plymouth Argyle,2.0,0.0,Watford,England,Vicarage Road,,,,EFL Cup (Carabao),,20240827_Watford_Plymouth-Argyle,3.38720476020535,1.18,0.38,4,1,7,2,51.4,48.6,1,1,0,0,3,2
2024-08-27 19:00:00,Birmingham City,Fulham,0.0,2.0,Birmingham,England,St. Andrew's @ Knighthead Park,,,,EFL Cup (Carabao),,20240827_Birmingham-City_Fulham,-6.574914727879104,1.39,1.67,3,4,7,7,48.5,51.5,2,0,0,0,4,9
2024-08-27 19:00:00,Crystal Palace,Norwich City,4.0,0.0,London,England,Selhurst Park,,,,EFL Cup (Carabao),,20240827_Crystal-Palace_Norwich-City,-21.388970746829727,1.56,0.78,4,2,8,3,48.4,51.6,0,0,0,0,7,3
2024-08-28 18:30:00,Wolverhampton Wanderers,Burnley,2.0,0.0,Wolverhampton,England,Molineux Stadium,,,,EFL Cup (Carabao),,20240828_Wolverhampton-Wanderers_Burnley,21.134345814695962,1.4,0.45,4,1,8,3,54.3,45.7,2,1,0,0,3,5
2024-08-28 18:45:00,AFC Wimbledon,Ipswich Town,2.0,2.0,London,England,The Cherry Red Records Stadium,,,,EFL Cup (Carabao),,20240828_AFC-Wimbledon_Ipswich-Town,20.1633470548054,1.65,0.59,5,2,10,5,56.6,43.4,1,3,0,0,4,3
2024-08-28 18:45:00,Cardiff City,Southampton,3.0,5.0,Cardiff,Wales,Cardiff City Stadium,,,,EFL Cup (Carabao),,20240828_Cardiff-City_Southampton,-11.271027878076211,0.93,1.24,3,5,5,10,50.0,50.0,0,0,0,0,4,5
2024-08-28 18:45:00,Colchester United,Brentford,0.0,1.0,Colchester,England,JobServe Community Stadium,,,,EFL Cup (Carabao),,20240828_Colchester-United_Brentford,-31.786003800371873,0.28,1.05,1,3,5,6,48.6,51.4,1,1,0,0,3,2
2024-08-28 18:45:00,Swansea City,Wycombe Wanderers,0.0,1.0,Swansea,Wales,Swansea.com Stadium,,,,EFL Cup (Carabao),,20240828_Swansea-City_Wycombe-Wanderers,19.991548421788593,0.79,0.69,2,3,3,8,47.8,52.2,4,0,1,0,1,2
2024-08-28 18:45:00,West Ham United,AFC Bournemouth,1.0,0.0,London,England,London Stadium,,,,EFL Cup (Carabao),,20240828_West-Ham-United_AFC-Bournemouth,9.573125861322296,0.53,0.53,2,2,5,4,47.5,52.5,1,2,0,0,2,3
2024-08-28 19:00:00,Nottingham Forest,Newcastle United,1.0,1.0,Nottingham,England,The City Ground,,,,EFL Cup (Carabao),,20240828_Nottingham-Forest_Newcastle-United,-70.94303591910034,0.71,1.13,3,2,7,5,42.3,57.7,4,2,1,0,3,4
2024-09-17 18:30:00,Stoke City,Fleetwood Town,1.0,1.0,Stoke-on-Trent,England,bet365 Stadium,,,,EFL Cup (Carabao),,20240917_Stoke-City_Fleetwood-Town,51.87285010209234,1.14,0.74,4,3,11,5,54.0,46.0,0,1,0,0,6,7
2024-09-17 18:45:00,Blackpool,Sheffield Wednesday,0.0,1.0,Blackpool,England,Bloomfield Road,,,,EFL Cup (Carabao),,20240917_Blackpool_Sheffield-Wednesday,-18.235392946262664,0.28,1.38,0,3,1,7,56.8,43.2,0,3,0,0,4,8
2024-09-17 18:45:00,Brentford,Leyton Orient,3.0,1.0,London,England,Gtech Community Stadium,,,,EFL Cup (Carabao),,20240917_Brentford_Leyton-Orient,29.938780290447994,2.35,1.29,7,4,14,10,51.0,49.0,0,0,0,0,5,4
2024-09-17 18:45:00,Everton,Southampton,1.0,1.0,Liverpool,England,Goodison Park,,,,EFL Cup (Carabao),,20240917_Everton_Southampton,31.80404737196295,1.4,1.04,5,4,10,9,52.0,48.0,2,1,0,0,8,7
2024-09-17 18:45:00,Preston North End,Fulham,1.0,1.0,Preston,England,Deepdale,,,,EFL Cup (Carabao),,20240917_Preston-North-End_Fulham,14.167725507499199,1.39,1.14,4,3,9,7,49.5,50.5,4,0,0,0,6,4
2024-09-17 18:45:00,Queens Park Rangers,Crystal Palace,1.0,2.0,London,England,MATRADE Loftus Road,,,,EFL Cup (Carabao),,20240917_Queens-Park-Rangers_Crystal-Palace,-4.441533588560333,1.41,0.05,5,2,9,2,52.0,48.0,2,1,0,0,9,3
2024-09-17 19:00:00,Manchester United,Barnsley,7.0,0.0,Manchester,England,Old Trafford,,,,EFL Cup (Carabao),,20240917_Manchester-United_Barnsley,48.7800126794607,2.33,1.45,7,5,16,10,57.6,42.4,0,4,0,0,6,6
2024-09-18 18:45:00,Brighton & Hove Albion,Wolverhampton Wanderers,3.0,2.0,Falmer,England,American Express Stadium,,,,EFL Cup (Carabao),,20240918_Brighton-&-Hove-Albion_Wolverhampton-Wanderers,-9.94484027387466,1.11,0.84,4,2,9,4,51.2,48.8,1,2,0,0,6,2
2024-09-18 19:00:00,Coventry City,Tottenham Hotspur,1.0,2.0,Coventry,England,The Coventry Building Society Arena,,,,EFL Cup (Carabao),,20240918_Coventry-City_Tottenham-Hotspur,1.0250761484235227,0.31,0.83,1,3,4,7,49.5,50.5,3,2,0,0,3,2
2024-09-24 18:45:00,Chelsea,Barrow,5.0,0.0,London,England,Stamford Bridge,,,,EFL Cup (Carabao),,20240924_Chelsea_Barrow,47.464625059225,2.71,0.45,9,2,18,5,47.9,52.1,1,3,0,1,8,4
2024-09-24 18:45:00,Manchester City,Watford,2.0,1.0,Manchester,England,Etihad Stadium,,,,EFL Cup (Carabao),,20240924_Manchester-City_Watford,-0.45339526820066567,0.88,0.93,2,3,6,5,49.0,51.0,3,1,1,0,4,6
2024-09-24 18:45:00,Walsall,Leicester City,0.0,0.0,Walsall,England,Pallet-Track Bescot Stadium,,,,EFL Cup (Carabao),,20240924_Walsall_Leicester-City,-44.47094187694029,0.63,2.1,2,6,4,13,43.4,56.6,2,2,0,0,4,5
2024-09-24 19:00:00,Wycombe Wanderers,Aston Villa,1.0,2.0,Wycombe,England,Adams Park,,,,EFL Cup (Carabao),,20240924_Wycombe-Wanderers_Aston-Villa,14.223186045664306,0.71,1.31,4,6,9,13,39.9,60.1,0,2,0,0,5,7
2024-09-25 18:45:00,Arsenal,Bolton Wanderers,5.0,1.0,London,England,Emirates Stadium,,,,EFL Cup (Carabao),,20240925_Arsenal_Bolton-Wanderers,12.333724303135114,0.6,1.87,5,5,10,10,55.1,44.9,4,2,0,0,7,4
2024-09-25 19:00:00,Liverpool,West Ham United,5.0,1.0,Liverpool,England,Anfield,,,,EFL Cup (Carabao),,20240925_Liverpool_West-Ham-United,54.343265586767075,2.9,1.05,9,3,19,6,50.4,49.6,1,0,0,0,9,2
2024-10-01 18:45:00,Newcastle United,AFC Wimbledon,1.0,0.0,Newcastle-upon-Tyne,England,St. James' Park,,,,EFL Cup (Carabao),,20241001_Newcastle-United_AFC-Wimbledon,58.06371004707512,1.18,1.03,5,5,11,12,58.2,41.8,3,1,0,1,3,5
2024-10-29 19:45:00,Southampton,Stoke City,3.0,2.0,Southampton,England,St. Mary's Stadium,,,,EFL Cup (Carabao),,20241029_Southampton_Stoke-City,-26.25449261893823,1.56,1.39,6,4,12,8,46.7,53.3,5,1,0,0,11,4
2024-10-29 20:00:00,Brentford,Sheffield Wednesday,1.0,1.0,London,England,Gtech Community Stadium,,,,EFL Cup (Carabao),,20241029_Brentford_Sheffield-Wednesday,-12.763201409354224,2.17,0.92,8,2,16,3,48.9,51.1,2,0,0,0,10,3
2024-10-30 19:30:00,Brighton & Hove Albion,Liverpool,2.0,3.0,Falmer,England,American Express Stadium,,,,EFL Cup (Carabao),,20241030_Brighton-&-Hove-Albion_Liverpool,-33.68953922776245,1.38,1.66,5,5,12,11,54.5,45.5,4,1,0,0,4,10
2024-10-30 19:45:00,Aston Villa,Crystal Palace,1.0,2.0,Birmingham,England,Villa Park,,,,EFL Cup (Carabao),,20241030_Aston-Villa_Crystal-Palace,-15.078851283696167,0.49,1.09,1,3,3,6,46.0,54.0,1,3,0,0,5,10
2024-10-30 19:45:00,Manchester United,Leicester City,5.0,2.0,Manchester,England,Old Trafford,,,,EFL Cup (Carabao),,20241030_Manchester-United_Leicester-City,27.004282773686555,2.56,0.56,9,2,19,4,46.4,53.6,0,0,0,0,11,5
2024-10-30 19:45:00,Newcastle United,Chelsea,2.0,0.0,Newcastle-upon-Tyne,England,St. James' Park,,,,EFL Cup (Carabao),,20241030_Newcastle-United_Chelsea,19.628017318040747,1.36,1.09,3,3,7,5,54.9,45.1,2,1,0,0,6,1
2024-10-30 19:45:00,Preston North End,Arsenal,0.0,3.0,Preston,England,Deepdale,,,,EFL Cup (Carabao),,20241030_Preston-North-End_Arsenal,8.152735892174633,0.77,1.33,2,5,2,10,55.0,45.0,4,2,0,0,4,8
2024-10-30 20:15:00,Tottenham Hotspur,Manchester City,2.0,1.0,London,England,Tottenham Hotspur Stadium,,,,EFL Cup (Carabao),,20241030_Tottenham-Hotspur_Manchester-City,-24.334964684539727,1.91,1.59,6,6,14,13,50.7,49.3,1,3,0,0,6,5
2024-12-18 19:30:00,Arsenal,Crystal Palace,3.0,2.0,London,England,Emirates Stadium,,,,EFL Cup (Carabao),,20241218_Arsenal_Crystal-Palace,7.741150938602004,1.73,0.74,6,2,13,5,52.5,47.5,1,3,0,0,7,2
2024-12-18 19:45:00,Newcastle United,Brentford,3.0,1.0,Newcastle-upon-Tyne,England,St. James' Park,,,,EFL Cup (Carabao),,20241218_Newcastle-United_Brentford,46.81674544347197,1.38,0.14,5,1,11,2,44.4,55.6,1,1,0,0,2,5
2024-12-18 20:00:00,Southampton,Liverpool,1.0,2.0,Southampton,England,St. Mary's Stadium,,,,EFL Cup (Carabao),,20241218_Southampton_Liverpool,-64.8283183384408,1.02,0.64,3,4,4,9,49.4,50.6,2,3,0,0,1,12
2024-12-19 20:00:00,Tottenham Hotspur,Manchester United,4.0,3.0,London,England,Tottenham Hotspur Stadium,,,,EFL Cup (Carabao),,20241219_Tottenham-Hotspur_Manchester-United,-66.54335289357869,0.05,1.74,4,5,8,11,55.5,44.5,4,2,0,0,3,8
2025-01-07 20:00:00,Arsenal,Newcastle United,0.0,2.0,London,England,Emirates Stadium,,,,EFL Cup (Carabao),,20250107_Arsenal_Newcastle-United,-42.406852683380066,0.97,0.91,2,4,4,9,50.1,49.9,1,3,0,0,3,5
2025-01-08 20:00:00,Tottenham Hotspur,Liverpool,1.0,0.0,London,England,Tottenham Hotspur Stadium,,,,EFL Cup (Carabao),,20250108_Tottenham-Hotspur_Liverpool,-82.69431457115297,0.35,0.66,1,1,5,2,42.1,57.9,0,2,0,0,1,4
2025-02-05 20:00:00,Newcastle United,Arsenal,2.0,0.0,Newcastle-upon-Tyne,England,St. James' Park,,,,EFL Cup (Carabao),,20250205_Newcastle-United_Arsenal,63.49195196970254,1.37,0.22,5,0,10,0,46.0,54.0,1,3,0,0,9,0
2025-02-06 20:00:00,Liverpool,Tottenham Hotspur,4.0,0.0,Liverpool,England,Anfield,,,,EFL Cup (Carabao),,20250206_Liverpool_Tottenham-Hotspur,53.08747252139801,1.72,0.05,6,0,11,0,58.2,41.8,1,1,0,0,4,1
2025-03-16 16:30:00,Liverpool,Newcastle United,1.0,2.0,London,England,Wembley Stadium,,,,EFL Cup (Carabao),,20250316_Liverpool_Newcastle-United,-13.520446912334592,1.43,0.66,4,3,9,8,47.9,52.1,2,0,0,0,3,4
2025-08-05 18:45:00,Accrington Stanley,Oldham Athletic,3.0,1.0,Accrington,England,Wham Stadium,,,,EFL Cup (Carabao),,20250805_Accrington-Stanley_Oldham-Athletic,8.483249329020055,0.79,0.97,3,2,6,5,56.5,43.5,2,0,0,0,4,2
2025-08-12 18:00:00,Swansea City,Crawley Town,3.0,1.0,Swansea,Wales,Swansea.com Stadium,,,,EFL Cup (Carabao),,20250812_Swansea-City_Crawley-Town,8.318486143420841,1.54,0.87,4,2,8,3,48.9,51.1,2,2,0,0,7,1
2025-08-12 18:30:00,Barrow,Preston North End,0.0,1.0,Barrow-in-Furness,England,SO Legal Stadium,,,,EFL Cup (Carabao),,20250812_Barrow_Preston-North-End,-38.99980550249347,1.07,1.5,3,6,8,14,47.6,52.4,1,1,0,0,4,9
2025-08-12 18:30:00,Middlesbrough,Doncaster Rovers,0.0,4.0,Middlesbrough,England,Riverside Stadium,,,,EFL Cup (Carabao),,20250812_Middlesbrough_Doncaster-Rovers,56.86267296244068,0.59,1.74,4,6,8,12,49.0,51.0,1,0,1,0,2,0
2025-08-12 18:30:00,Newport County,Millwall,0.0,1.0,Newport,Wales,Rodney Parade,,,,EFL Cup (Carabao),,20250812_Newport-County_Millwall,23.52318960966636,0.32,0.59,1,1,1,4,49.5,50.5,0,0,0,0,3,1
2025-08-12 18:30:00,Stockport County,Crewe Alexandra,3.0,1.0,Stockport,England,Edgeley Park,,,,EFL Cup (Carabao),,20250812_Stockport-County_Crewe-Alexandra,24.858951223664917,0.84,1.47,3,4,9,8,47.9,52.1,1,1,0,0,9,3
2025-08-12 18:45:00,Accrington Stanley,Peterborough United,2.0,1.0,Accrington,England,Wham Stadium,,,,EFL Cup (Carabao),,20250812_Accrington-Stanley_Peterborough-United,32.5894547480907,1.8,0.08,5,1,10,3,47.5,52.5,2,0,0,0,5,4
2025-08-12 18:45:00,Blackburn Rovers,Bradford City,1.0,2.0,Blackburn,England,Ewood Park,,,,EFL Cup (Carabao),,20250812_Blackburn-Rovers_Bradford-City,43.864907324642445,1.33,1.2,7,3,16,8,53.9,46.1,0,3,0,0,9,3
2025-08-12 18:45:00,Blackpool,Port Vale,0.0,1.0,Blackpool,England,Bloomfield Road,,,,EFL Cup (Carabao),,20250812_Blackpool_Port-Vale,26.046425674840066,1.23,1.19,4,4,7,10,50.1,49.9,2,1,0,0,10,5
2025-08-12 18:45:00,Bristol City,Milton Keynes Dons,2.0,0.0,Bristol,England,Ashton Gate,,,,EFL Cup (Carabao),,20250812_Bristol-City_Milton-Keynes-Dons,-0.9436169324342245,1.91,0.93,5,3,11,8,49.5,50.5,0,3,0,0,6,4
2025-08-12 18:45:00,Bristol Rovers,Cambridge United,0.0,2.0,Bristol,England,Memorial Stadium,,,,EFL Cup (Carabao),,20250812_Bristol-Rovers_Cambridge-United,-24.232118445947663,0.75,2.1,2,6,5,12,43.8,56.2,0,2,0,0,5,7
2025-08-12 18:45:00,Cardiff City,Swindon Town,2.0,1.0,Cardiff,Wales,Cardiff City Stadium,,,,EFL Cup (Carabao),,20250812_Cardiff-City_Swindon-Town,12.0072125352292,1.53,1.44,5,5,9,11,56.6,43.4,1,1,0,0,6,7
2025-08-12 18:45:00,Charlton Athletic,Stevenage,3.0,1.0,London,England,The Valley,,,,EFL Cup (Carabao),,20250812_Charlton-Athletic_Stevenage,-39.49918362583662,1.29,0.34,4,1,8,1,52.3,47.7,2,1,0,0,6,4
2025-08-12 18:45:00,Chesterfield,Mansfield Town,0.0,2.0,Chesterfield,England,SMH Group Stadium,,,,EFL Cup (Carabao),,20250812_Chesterfield_Mansfield-Town,8.934261498676506,0.88,1.09,3,3,6,8,48.9,51.1,2,1,0,0,5,4
2025-08-12 18:45:00,Coventry City,Luton Town,1.0,0.0,Coventry,England,The Coventry Building Society Arena,,,,EFL Cup (Carabao),,20250812_Coventry-City_Luton-Town,-11.77022735209448,1.29,0.42,4,1,8,2,45.6,54.4,1,4,0,0,5,0
2025-08-12 18:45:00,Gillingham,AFC Wimbledon,1.0,1.0,Gillingham,England,Priestfield Stadium,,,,EFL Cup (Carabao),,20250812_Gillingham_AFC-Wimbledon,-9.904684987000792,0.05,1.92,1,7,3,15,50.2,49.8,1,1,0,0,3,10
2025-08-12 18:45:00,Grimsby Town,Shrewsbury Town,3.0,1.0,Grimsby,England,Blundell Park,,,,EFL Cup (Carabao),,20250812_Grimsby-Town_Shrewsbury-Town,10.427806177491448,1.12,0.89,4,3,10,7,48.8,51.2,5,2,0,0,3,6
2025-08-12 18:45:00,Harrogate Town,Lincoln City,1.0,3.0,Harrogate,England,EnviroVent Stadium,,,,EFL Cup (Carabao),,20250812_Harrogate-Town_Lincoln-City,-7.405117711244202,2.1,1.18,7,6,15,13,51.6,48.4,1,1,0,0,8,8
2025-08-12 18:45:00,Leyton Orient,Wycombe Wanderers,0.0,1.0,London,England,Gaughan Group Stadium,,,,EFL Cup (Carabao),,20250812_Leyton-Orient_Wycombe-Wanderers,-10.328062732135095,0.78,0.89,3,3,7,5,53.0,47.0,2,3,0,0,4,2
2025-08-12 18:45:00,Northampton Town,Southampton,0.0,1.0,Northampton,England,Sixfields Stadium,,,,EFL Cup (Carabao),,20250812_Northampton-Town_Southampton,-62.30407042772299,0.87,0.05,3,1,7,4,44.1,55.9,0,3,0,0,4,4
2025-08-12 18:45:00,Oxford United,Colchester United,1.0,0.0,Oxford,England,The Kassam Stadium,,,,EFL Cup (Carabao),,20250812_Oxford-United_Colchester-United,-11.081972392807074,0.86,0.35,2,0,6,1,53.7,46.3,1,1,0,0,2,1
2025-08-12 18:45:00,Plymouth Argyle,Queens Park Rangers,3.0,2.0,Plymouth,England,Home Park,,,,EFL Cup (Carabao),,20250812_Plymouth-Argyle_Queens-Park-Rangers,-11.21354674071722,0.63,0.6,3,2,7,5,47.5,52.5,2,3,0,0,8,3
2025-08-12 18:45:00,Portsmouth,Reading,1.0,2.0,Portsmouth,England,Fratton Park,,,,EFL Cup (Carabao),,20250812_Portsmouth_Reading,-1.2411530906006192,1.66,0.78,5,2,10,8,57.6,42.4,1,1,0,0,4,2
2025-08-12 18:45:00,Salford City,Rotherham United,0.0,0.0,Salford,England,Peninsula Stadium,,,,EFL Cup (Carabao),,20250812_Salford-City_Rotherham-United,-11.207952597347912,1.04,1.18,2,3,5,7,45.6,54.4,3,0,0,0,5,1
2025-08-12 18:45:00,Stoke City,Walsall,0.0,0.0,Stoke-on-Trent,England,bet365 Stadium,,,,EFL Cup (Carabao),,20250812_Stoke-City_Walsall,35.740202242471014,0.79,1.66,1,4,3,8,53.1,46.9,2,2,0,0,2,6
2025-08-12 18:45:00,Watford,Norwich City,1.0,2.0,Watford,England,Vicarage Road,,,,EFL Cup (Carabao),,20250812_Watford_Norwich-City,-8.277447604936697,0.09,0.27,1,2,3,3,44.3,55.7,1,2,0,0,2,1
2025-08-12 18:45:00,West Bromwich Albion,Derby County,1.0,1.0,West Bromwich,England,The Hawthorns,,,,EFL Cup (Carabao),,20250812_West-Bromwich-Albion_Derby-County,-46.169119326269765,1.74,1.05,6,2,12,4,49.1,50.9,4,2,0,0,2,4
2025-08-12 18:45:00,Wigan Athletic,Notts County,1.0,0.0,Wigan,England,DW Stadium,,,,EFL Cup (Carabao),,20250812_Wigan-Athletic_Notts-County,-9.657160986984081,1.37,1.03,6,4,13,9,52.1,47.9,3,0,0,0,11,4
2025-08-12 18:45:00,Wrexham,Hull City,3.0,3.0,Wrexham,Wales,STōK Cae Ras,,,,EFL Cup (Carabao),,20250812_Wrexham_Hull-City,22.398615566896524,0.28,1.16,3,5,5,12,50.9,49.1,2,0,1,0,4,7
2025-08-12 19:00:00,Bromley,Ipswich Town,1.0,1.0,Bromley,England,RELOC8 EM Community Stadium,,,,EFL Cup (Carabao),,20250812_Bromley_Ipswich-Town,-3.5269621895290584,0.76,1.61,3,4,6,10,47.9,52.1,1,0,0,0,5,7
2025-08-13 18:45:00,Barnsley,Fleetwood Town,2.0,2.0,Barnsley,England,Oakwell,,,,EFL Cup (Carabao),,20250813_Barnsley_Fleetwood-Town,-1.3417165106172888,1.84,0.78,6,3,13,7,57.4,42.6,4,2,0,0,7,6
2025-08-13 18:45:00,Bolton Wanderers,Sheffield Wednesday,3.0,3.0,Manchester,England,Toughsheet Community Stadium,,,,EFL Cup (Carabao),,20250813_Bolton-Wanderers_Sheffield-Wednesday,-56.57563789969936,1.29,1.85,5,4,12,10,47.3,52.7,1,2,0,0,7,6
2025-08-13 18:45:00,Cheltenham Town,Exeter City,2.0,0.0,Cheltenham,England,The Completely-Suzuki Stadium,,,,EFL Cup (Carabao),,20250813_Cheltenham-Town_Exeter-City,-56.33700386664418,1.19,0.6,4,1,7,1,46.8,53.2,2,0,0,0,7,4
2025-08-13 18:45:00,Huddersfield Town,Leicester City,2.0,2.0,Huddersfield,England,John Smith's Stadium,,,,EFL Cup (Carabao),,20250813_Huddersfield-Town_Leicester-City,-65.22718834582292,1.45,2.19,4,7,6,15,48.1,51.9,5,2,0,1,8,8
2025-08-13 19:00:00,Birmingham City,Sheffield United,2.0,1.0,Birmingham,England,St. Andrew's Stadium,,,,EFL Cup (Carabao),,20250813_Birmingham-City_Sheffield-United,-11.23309233111354,2.13,2.41,7,7,17,17,52.4,47.6,1,2,0,0,9,5
2025-08-19 18:45:00,Tranmere Rovers,Burton Albion,1.0,1.0,Birkenhead,England,Prenton Park,,,,EFL Cup (Carabao),,20250819_Tranmere-Rovers_Burton-Albion,14.836046591095283,1.79,0.3,4,4,7,9,54.6,45.4,2,3,0,0,4,7
2025-08-26 18:00:00,Reading,AFC Wimbledon,2.0,1.0,Reading,England,Madejski Stadium,,,,EFL Cup (Carabao),,20250826_Reading_AFC-Wimbledon,1.1563828479197582,1.49,1.15,5,6,10,12,45.7,54.3,2,4,0,0,3,4
2025-08-26 18:30:00,Cambridge United,Charlton Athletic,3.0,1.0,Cambridge,England,Cledara Abbey Stadium,,,,EFL Cup (Carabao),,20250826_Cambridge-United_Charlton-Athletic,5.744318564130253,1.89,1.12,6,4,14,10,49.2,50.8,1,2,0,0,4,9
2025-08-26 18:30:00,Wolverhampton Wanderers,West Ham United,3.0,2.0,Wolverhampton,England,Molineux Stadium,,,,EFL Cup (Carabao),,20250826_Wolverhampton-Wanderers_West-Ham-United,26.18820540542538,1.72,1.36,4,3,9,5,61.2,38.8,0,0,0,0,7,5
2025-08-26 18:45:00,AFC Bournemouth,Brentford,0.0,2.0,Bournemouth,England,Vitality Stadium,,,,EFL Cup (Carabao),,20250826_AFC-Bournemouth_Brentford,-38.94174496569417,1.55,1.71,6,5,14,10,49.4,50.6,3,2,1,0,9,11
2025-08-26 18:45:00,Accrington Stanley,Doncaster Rovers,0.0,2.0,Accrington,England,Wham Stadium,,,,EFL Cup (Carabao),,20250826_Accrington-Stanley_Doncaster-Rovers,26.105574135729512,1.0,0.93,4,2,10,2,54.6,45.4,1,1,0,0,4,4
2025-08-26 18:45:00,Barnsley,Rotherham United,2.0,1.0,Barnsley,England,Oakwell,,,,EFL Cup (Carabao),,20250826_Barnsley_Rotherham-United,22.75695400904715,1.37,0.91,3,5,7,12,55.4,44.6,1,1,0,0,2,5
2025-08-26 18:45:00,Birmingham City,Port Vale,0.0,1.0,Birmingham,England,St. Andrew's Stadium,,,,EFL Cup (Carabao),,20250826_Birmingham-City_Port-Vale,9.332348477337746,0.77,1.41,2,4,7,9,43.4,56.6,0,1,0,0,3,5
2025-08-26 18:45:00,Bromley,Wycombe Wanderers,1.0,1.0,Bromley,England,RELOC8 EM Community Stadium,,,,EFL Cup (Carabao),,20250826_Bromley_Wycombe-Wanderers,-24.41503084066312,0.39,1.12,1,5,1,10,44.8,55.2,3,1,0,0,3,5
2025-08-26 18:45:00,Burnley,Derby County,2.0,1.0,Burnley,England,Turf Moor,,,,EFL Cup (Carabao),,20250826_Burnley_Derby-County,0.32120217638339454,1.68,0.63,4,1,9,3,52.3,47.7,2,2,0,0,7,3
2025-08-26 18:45:00,Burton Albion,Lincoln City,0.0,1.0,"Burton-upon-Trent, Staffordshire",England,Pirelli Stadium,,,,EFL Cup (Carabao),,20250826_Burton-Albion_Lincoln-City,-42.33836982120806,0.27,1.39,1,4,3,9,47.4,52.6,3,1,0,0,0,0
2025-08-26 18:45:00,Cardiff City,Cheltenham Town,3.0,0.0,Cardiff,Wales,Cardiff City Stadium,,,,EFL Cup (Carabao),,20250826_Cardiff-City_Cheltenham-Town,21.27844071252207,1.67,0.05,5,0,13,0,54.3,45.7,0,3,0,0,5,0
2025-08-26 18:45:00,Norwich City,Southampton,0.0,3.0,Norwich,England,Carrow Road,,,,EFL Cup (Carabao),,20250826_Norwich-City_Southampton,-14.524896236401446,1.19,1.27,4,4,9,8,47.9,52.1,1,1,0,0,6,3
2025-08-26 18:45:00,Preston North End,Wrexham,2.0,3.0,Preston,England,Deepdale,,,,EFL Cup (Carabao),,20250826_Preston-North-End_Wrexham,53.681027202201676,2.38,1.68,8,5,19,10,52.3,47.7,1,1,0,1,6,7
2025-08-26 18:45:00,Stoke City,Bradford City,0.0,3.0,Stoke-on-Trent,England,bet365 Stadium,,,,EFL Cup (Carabao),,20250826_Stoke-City_Bradford-City,44.381907231194646,1.34,0.05,4,3,7,6,56.0,44.0,0,4,0,0,4,4
2025-08-26 18:45:00,Sunderland,Huddersfield Town,1.0,1.0,Sunderland,England,Stadium of Light,,,,EFL Cup (Carabao),,20250826_Sunderland_Huddersfield-Town,28.302684654735003,0.6,1.22,1,5,3,11,44.4,55.6,0,0,0,0,6,4
2025-08-26 18:45:00,Swansea City,Plymouth Argyle,1.0,1.0,Swansea,Wales,Swansea.com Stadium,,,,EFL Cup (Carabao),,20250826_Swansea-City_Plymouth-Argyle,19.939324371141083,0.97,2.36,3,8,5,19,61.5,38.5,1,1,0,0,5,5
2025-08-26 18:45:00,Wigan Athletic,Stockport County,1.0,0.0,Wigan,England,DW Stadium,,,,EFL Cup (Carabao),,20250826_Wigan-Athletic_Stockport-County,-21.341904604224737,1.11,0.68,3,3,8,6,42.5,57.5,1,4,0,0,7,5
2025-08-26 19:00:00,Millwall,Coventry City,2.0,1.0,London,England,The Den,,,,EFL Cup (Carabao),,20250826_Millwall_Coventry-City,7.207137354162342,0.82,0.85,3,1,6,0,50.4,49.6,0,4,1,0,4,3
2025-08-26 19:00:00,Sheffield Wednesday,Leeds United,1.0,1.0,Sheffield,England,Hillsborough,,,,EFL Cup (Carabao),,20250826_Sheffield-Wednesday_Leeds-United,51.60592399730763,1.73,0.68,4,1,9,2,55.0,45.0,0,1,0,0,9,2
2025-08-27 18:45:00,Fulham,Bristol City,2.0,0.0,London,England,Craven Cottage,,,,EFL Cup (Carabao),,20250827_Fulham_Bristol-City,20.807730655018077,1.57,0.95,4,4,8,10,45.7,54.3,0,0,0,0,3,3
2025-08-27 18:45:00,Oxford United,Brighton & Hove Albion,0.0,6.0,Oxford,England,The Kassam Stadium,,,,EFL Cup (Carabao),,20250827_Oxford-United_Brighton-&-Hove-Albion,-67.23431828868752,1.65,1.78,4,6,6,11,50.0,50.0,1,0,0,0,3,5
2025-08-27 19:00:00,Everton,Mansfield Town,2.0,0.0,Liverpool,England,Hill Dickinson Stadium,,,,EFL Cup (Carabao),,20250827_Everton_Mansfield-Town,62.21940948130191,0.69,0.75,4,2,8,5,51.0,49.0,0,0,0,0,5,3
2025-08-27 19:00:00,Grimsby Town,Manchester United,2.0,2.0,Grimsby,England,Blundell Park,,,,EFL Cup (Carabao),,20250827_Grimsby-Town_Manchester-United,-79.14406955304366,0.89,0.73,2,2,4,4,44.3,55.7,1,0,0,0,3,1
2025-09-16 18:45:00,Sheffield Wednesday,Grimsby Town,0.0,1.0,Sheffield,England,Hillsborough,,,,EFL Cup (Carabao),,20250916_Sheffield-Wednesday_Grimsby-Town,60.63905643696148,0.75,0.05,2,1,5,3,43.5,56.5,1,0,0,0,3,1
2025-09-16 19:00:00,Brentford,Aston Villa,1.0,1.0,Brentford,England,Gtech Community Stadium,,,,EFL Cup (Carabao),,20250916_Brentford_Aston-Villa,42.97698478432062,0.8,1.2,1,5,4,12,54.4,45.6,0,0,0,0,3,1
2025-09-16 19:00:00,Crystal Palace,Millwall,1.0,1.0,London,England,Selhurst Park,,,,EFL Cup (Carabao),,20250916_Crystal-Palace_Millwall,16.395714230669228,0.3,1.36,2,3,4,6,49.4,50.6,1,1,0,0,7,2
2025-09-17 19:00:00,Swansea City,Nottingham Forest,3.0,2.0,Swansea,Wales,Swansea.com Stadium,,,,EFL Cup (Carabao),,20250917_Swansea-City_Nottingham-Forest,16.768066541704684,1.47,1.78,5,7,11,15,46.3,53.7,0,1,0,0,6,8
2025-09-23 18:45:00,Barnsley,Brighton & Hove Albion,0.0,6.0,Barnsley,England,Oakwell,,,,EFL Cup (Carabao),,20250923_Barnsley_Brighton-&-Hove-Albion,-44.21189644747892,0.63,2.38,2,6,3,13,46.8,53.2,4,1,0,0,4,10
2025-09-23 18:45:00,Burnley,Cardiff City,1.0,2.0,Burnley,England,Turf Moor,,,,EFL Cup (Carabao),,20250923_Burnley_Cardiff-City,11.854643876491764,1.39,1.12,5,4,12,10,51.7,48.3,2,1,0,0,9,8
2025-09-23 18:45:00,Fulham,Cambridge United,1.0,0.0,London,England,Craven Cottage,,,,EFL Cup (Carabao),,20250923_Fulham_Cambridge-United,39.43610246818662,0.32,0.85,1,1,3,1,54.9,45.1,1,2,0,0,1,5
2025-09-23 18:45:00,Lincoln City,Chelsea,1.0,2.0,Lincoln,England,LNER Stadium,,,,EFL Cup (Carabao),,20250923_Lincoln-City_Chelsea,-27.868938878027166,1.34,2.57,4,9,10,19,41.7,58.3,0,1,0,0,3,11
2025-09-23 18:45:00,Wigan Athletic,Wycombe Wanderers,0.0,2.0,Wigan,England,DW Stadium,,,,EFL Cup (Carabao),,20250923_Wigan-Athletic_Wycombe-Wanderers,-8.256098503699604,0.05,0.99,0,3,0,7,49.2,50.8,0,2,0,0,3,1
2025-09-23 18:45:00,Wolverhampton Wanderers,Everton,2.0,0.0,Wolverhampton,England,Molineux Stadium,,,,EFL Cup (Carabao),,20250923_Wolverhampton-Wanderers_Everton,-9.927836737459074,1.13,1.16,4,5,8,11,52.2,47.8,1,1,0,0,2,3
2025-09-23 18:45:00,Wrexham,Reading,2.0,0.0,Wrexham,Wales,STōK Cae Ras,,,,EFL Cup (Carabao),,20250923_Wrexham_Reading,-12.701984596509192,1.26,1.35,4,3,8,9,51.3,48.7,2,3,0,0,6,5
2025-09-23 19:00:00,Liverpool,Southampton,2.0,1.0,Liverpool,England,Anfield,,,,EFL Cup (Carabao),,20250923_Liverpool_Southampton,46.87579103690359,1.17,1.23,5,4,13,8,55.6,44.4,1,1,0,0,2,7
2025-09-24 18:45:00,Huddersfield Town,Manchester City,0.0,2.0,Huddersfield,England,John Smith's Stadium,,,,EFL Cup (Carabao),,20250924_Huddersfield-Town_Manchester-City,-43.28103357476925,1.24,2.0,3,7,7,15,45.7,54.3,6,1,0,0,6,14
2025-09-24 18:45:00,Newcastle United,Bradford City,4.0,1.0,Newcastle-upon-Tyne,England,St. James' Park,,,,EFL Cup (Carabao),,20250924_Newcastle-United_Bradford-City,126.68873983762842,1.66,0.5,6,1,12,4,55.0,45.0,3,2,0,0,5,3
2025-09-24 18:45:00,Tottenham Hotspur,Doncaster Rovers,3.0,0.0,London,England,Tottenham Hotspur Stadium,,,,EFL Cup (Carabao),,20250924_Tottenham-Hotspur_Doncaster-Rovers,26.781948443383044,0.72,0.05,3,0,6,2,54.9,45.1,1,3,0,0,2,4
2025-09-24 19:00:00,Port Vale,Arsenal,0.0,2.0,Stoke-on-Trent,England,Vale Park,,,,EFL Cup (Carabao),,20250924_Port-Vale_Arsenal,-23.909473835257586,0.2,1.27,0,4,0,9,49.1,50.9,3,2,0,0,1,7
2025-10-28 19:45:00,Grimsby Town,Brentford,0.0,5.0,Grimsby,England,Blundell Park,,,,EFL Cup (Carabao),,20251028_Grimsby-Town_Brentford,-37.18112946706401,1.33,1.83,3,5,5,14,52.6,47.4,1,0,0,0,2,11
2025-10-28 19:45:00,Wycombe Wanderers,Fulham,1.0,1.0,Wycombe,England,Adams Park,,,,EFL Cup (Carabao),,20251028_Wycombe-Wanderers_Fulham,-27.149423185301885,1.11,0.77,5,3,13,6,47.6,52.4,0,0,0,0,4,3
2025-10-28 20:00:00,Wrexham,Cardiff City,1.0,2.0,Wrexham,Wales,STōK Cae Ras,,,,EFL Cup (Carabao),,20251028_Wrexham_Cardiff-City,-10.92305168531243,0.21,1.29,1,5,3,9,47.3,52.7,1,4,0,0,2,11
2025-10-29 19:45:00,Arsenal,Brighton & Hove Albion,2.0,0.0,London,England,Emirates Stadium,,,,EFL Cup (Carabao),,20251029_Arsenal_Brighton-&-Hove-Albion,-18.11255891035944,0.05,0.46,2,2,5,4,47.6,52.4,4,2,0,0,6,4
2025-10-29 19:45:00,Liverpool,Crystal Palace,0.0,3.0,Liverpool,England,Anfield,,,,EFL Cup (Carabao),,20251029_Liverpool_Crystal-Palace,79.88994283735133,0.32,0.82,1,3,2,5,50.5,49.5,1,2,0,1,6,2
2025-10-29 19:45:00,Swansea City,Manchester City,1.0,3.0,Swansea,Wales,Swansea.com Stadium,,,,EFL Cup (Carabao),,20251029_Swansea-City_Manchester-City,6.670688399546634,1.04,0.73,2,3,9,9,51.5,48.5,0,3,0,0,3,11
2025-10-29 19:45:00,Wolverhampton Wanderers,Chelsea,3.0,4.0,Wolverhampton,England,Molineux Stadium,,,,EFL Cup (Carabao),,20251029_Wolverhampton-Wanderers_Chelsea,7.48489369852723,1.64,1.13,3,4,6,8,45.5,54.5,4,2,0,0,5,5
2025-10-29 20:00:00,Newcastle United,Tottenham Hotspur,2.0,0.0,Newcastle-upon-Tyne,England,St. James' Park,,,,EFL Cup (Carabao),,20251029_Newcastle-United_Tottenham-Hotspur,95.23395694705846,1.42,0.2,4,0,8,0,52.4,47.6,1,4,0,0,6,1
2025-12-16 20:00:00,Cardiff City,Chelsea,1.0,3.0,Cardiff,Wales,Cardiff City Stadium,,,,EFL Cup (Carabao),,20251216_Cardiff-City_Chelsea,-35.38003036616806,0.98,1.89,4,6,7,14,48.5,51.5,3,3,0,0,4,4
2025-12-17 19:30:00,Manchester City,Brentford,2.0,0.0,Manchester,England,Etihad Stadium,,,,EFL Cup (Carabao),,20251217_Manchester-City_Brentford,-16.391191415412777,1.55,0.75,5,3,10,9,47.7,52.3,5,0,0,0,9,7
2025-12-17 20:15:00,Newcastle United,Fulham,2.0,1.0,Newcastle-upon-Tyne,England,St. James' Park,,,,EFL Cup (Carabao),,20251217_Newcastle-United_Fulham,98.97393868419044,2.18,1.63,8,6,17,12,57.0,43.0,0,2,0,0,15,3
2025-12-23 20:00:00,Arsenal,Crystal Palace,1.0,1.0,London,England,Emirates Stadium,,,,EFL Cup (Carabao),,20251223_Arsenal_Crystal-Palace,20.48750244171606,0.09,0.58,1,1,1,3,49.7,50.3,3,3,0,0,7,6
2026-01-13 20:00:00,Newcastle United,Manchester City,0.0,2.0,Newcastle-upon-Tyne,England,St. James' Park,,,,EFL Cup (Carabao),,20260113_Newcastle-United_Manchester-City,108.70049367053139,0.64,1.01,3,3,7,7,57.8,42.2,0,3,0,0,1,3
2026-01-14 20:00:00,Chelsea,Arsenal,2.0,3.0,London,England,Stamford Bridge,,,,EFL Cup (Carabao),,20260114_Chelsea_Arsenal,21.100712215433532,1.23,1.12,4,3,11,6,51.3,48.7,1,3,0,0,6,2
2026-02-03 20:00:00,Arsenal,Chelsea,1.0,0.0,London,England,Emirates Stadium,,,,EFL Cup (Carabao),,20260203_Arsenal_Chelsea,4.355083902304841,2.33,0.1,5,0,11,0,53.3,46.7,2,1,0,0,7,1
2026-02-04 20:00:00,Manchester City,Newcastle United,3.0,1.0,Manchester,England,Etihad Stadium,,,,EFL Cup (Carabao),,20260204_Manchester-City_Newcastle-United,-77.42750003844708,1.42,0.6,5,2,10,6,52.7,47.3,2,4,0,0,7,3
2026-03-22 16:30:00,Arsenal,Manchester City,0.0,2.0,London,England,Wembley Stadium,,,,EFL Cup (Carabao),,20260322_Arsenal_Manchester-City,6.14653829193503,0.91,1.3,5,2,12,6,47.4,52.6,1,2,0,0,9,2
