fecha,circuito,nivel,torneo,superficie,jugador_1,jugador_2,ganador,sets_1,sets_2,juegos_totales,cuota_1,cuota_2
2026-08-02,itf_masculino,M15,M15 Astana,hard,Bar Biryukov Petr,Shebekin Grigory,Bar Biryukov Petr,2,1,27,,
2026-08-04,itf_masculino,M15,M15 Astana 2,hard,Bakshi Aleksandre,Ianin Nikita,Ianin Nikita,0,2,21,,
2026-08-04,itf_masculino,M15,M15 Astana 2,hard,Rakhmatullayev Danial,Tabata Ryo,Tabata Ryo,0,2,16,,
2026-08-04,itf_masculino,M15,M15 Astana 2,hard,Samrej Kasidit,Pleshivtsev Egor,Pleshivtsev Egor,1,2,30,,
2026-08-04,itf_masculino,M15,M15 Astana 2,hard,Shebekin Grigory,Zhalgasbay Damir,Zhalgasbay Damir,0,2,19,,
2026-08-02,itf_masculino,M15,M15 Bali 2,hard,Ryan Ziegann Sam,Becroft Isaac,Becroft Isaac,1,2,41,,
2026-08-04,itf_masculino,M15,M15 Bielsko Biala,clay,Bellegy Arthur,Sadzik Jan,Sadzik Jan,0,2,16,,
2026-08-04,itf_masculino,M15,M15 Bielsko Biala,clay,Lagerbohm Linus,Migdalski Mikolaj,Lagerbohm Linus,2,0,15,,
2026-08-02,itf_masculino,M15,M15 Brisbane 2,hard,Jasika Omar,Bouzige Moerani,Jasika Omar,2,0,29,,
2026-08-04,itf_masculino,M15,M15 Curtea de Arges 2,clay,Oki Yuto,Fumagalli Filiberto,Fumagalli Filiberto,0,2,18,,
2026-08-04,itf_masculino,M15,M15 Curtea de Arges 2,clay,Robert N.,Chelemen M. V.,Robert N.,2,0,19,,
2026-08-02,itf_masculino,M15,M15 Dublin,hard,Molder Markus,Gannon Conor,Gannon Conor,1,2,44,,
2026-08-04,itf_masculino,M15,M15 Frankfurt,clay,Djonov Christian,Bui Shiro,Djonov Christian,2,0,14,,
2026-08-02,itf_masculino,M15,M15 Huamantla 4,hard,Strode E.,Tudorica A. N.,Tudorica A. N.,0,2,18,,
2026-08-02,itf_masculino,M15,M15 Kursumlijska Banja 11,clay,Krstic Veljko,De Marchi Andrea,De Marchi Andrea,0,2,19,,
2026-08-04,itf_masculino,M15,M15 Poprad,clay,Bakonyi David,Klimas Jan,Bakonyi David,2,0,19,,
2026-08-04,itf_masculino,M15,M15 Poprad,clay,Shylov Heorhii,Hipfl Nico,Hipfl Nico,1,2,27,,
2026-08-04,itf_masculino,M15,M15 Poprad,clay,Vasiliauskas Matas,Livet Novkirichka Ferdinand,Livet Novkirichka Ferdinand,0,2,16,,
2026-08-04,itf_masculino,M15,M15 Poprad,clay,Wygona Jan,Poklemba Filip,Wygona Jan,2,0,26,,
2026-08-04,itf_masculino,M15,M15 Poprad,clay,Frohlich Max,Gil Garcia Aaron,Gil Garcia Aaron,0,2,18,,
2026-08-04,itf_masculino,M15,M15 Poprad,clay,Karthik Pranav,Hallquist Lithen John,Hallquist Lithen John,1,2,24,,
2026-08-04,itf_masculino,M15,M15 Poprad,clay,Macej Dominik,Drab Filip,Macej Dominik,2,0,25,,
2026-08-04,itf_masculino,M15,M15 Poprad,clay,Mashtakov Nikita,Sec Sebastian,Sec Sebastian,0,2,24,,
2026-08-02,itf_masculino,M15,M15 Sao Paulo,clay,Ribeiro de Almeida G.,Alves M.,Alves M.,0,2,21,,
2026-08-02,itf_masculino,M15,M15 Strasbourg,clay,Papamalamis Theo,Delage Pierre,Delage Pierre,0,2,17,,
2026-08-04,itf_masculino,M15,M15 Tianjin,hard,Fan W. B.,Huang T.,Huang T.,0,2,15,,
2026-08-04,itf_masculino,M15,M15 Tianjin,hard,Kikuchi Yuta,Sun Qian,Sun Qian,0,2,17,,
2026-08-04,itf_masculino,M15,M15 Tianjin,hard,Komada E.,Kim D. J.,Kim D. J.,0,2,15,,
2026-08-04,itf_masculino,M15,M15 Tianjin,hard,Mochizuki Yuki,Choe Jaesung,Mochizuki Yuki,2,1,27,,
2026-08-04,itf_masculino,M15,M15 Tianjin,hard,Taguchi R.,Lee K.,Lee K.,0,2,20,,
2026-08-04,itf_masculino,M15,M15 Tianjin,hard,Van Herzeele J.,Kim G. J.,Kim G. J.,1,2,42,,
2026-08-02,itf_masculino,M15,M15 Wels,clay,Schiessl Erik,Sesko Ziga,Sesko Ziga,0,2,27,,
2026-08-02,itf_masculino,M15,M15 Xativa,clay,Lagutin Pavel,Lopez Montagud Carlos,Lagutin Pavel,2,0,20,,
2026-08-02,itf_masculino,M25,M25 Aldershot,hard,Hudd Emile,Tarvet Oliver,Tarvet Oliver,0,2,16,,
2026-08-02,itf_masculino,M25,M25 Edwardsville; IL,hard,Baris Ozan,Gogineni Vignesh,Gogineni Vignesh,0,2,18,,
2026-08-03,itf_masculino,M25,M25 Fano,clay,Baragiola Mordini T. C.,Serafini M.,Serafini M.,0,2,26,,
2026-08-04,itf_masculino,M25,M25 Fano,clay,Arnaboldi Federico Niccolo,Ciavarella,Arnaboldi Federico Niccolo,2,0,19,,
2026-08-04,itf_masculino,M25,M25 Fano,clay,Cerelli Gioele,Catini Niccolo,Catini Niccolo,0,2,18,,
2026-08-04,itf_masculino,M25,M25 Fano,clay,Bronzetti Alberto,Primucci Leonardo,Primucci Leonardo,0,2,27,,
2026-08-04,itf_masculino,M25,M25 Fano,clay,Rispoli N.,Noce G. M.,Noce G. M.,1,2,29,,
2026-08-04,itf_masculino,M25,M25 Fano,clay,Vasa I.,Planinsek F. J.,Vasa I.,2,1,39,,
2026-08-04,itf_masculino,M25,M25 Fano,clay,Mecarelli Michele Daniele,Minighini,Mecarelli Michele Daniele,2,0,21,,
2026-08-02,itf_masculino,M25,M25 Gentofte,clay,Overbeck C. E.,Nesterov P.,Nesterov P.,1,2,25,,
2026-08-03,itf_masculino,M25,M25+H Tauste,hard,Izquierdo Luque Rafael,Sanchez Quilez Alejo,Sanchez Quilez Alejo,0,2,19,,
2026-08-03,itf_masculino,M25,M25+H Tauste,hard,Roche Alcaya Pablo,Castellanos Yago,Castellanos Yago,1,2,26,,
2026-08-04,itf_masculino,M25,M25+H Tauste,hard,Quesada Perez Tomas,Talan Lopatic Luka,Talan Lopatic Luka,1,2,28,,
2026-08-04,itf_masculino,M25,M25+H Tauste,hard,Callejon H. S.,Casas Blasi J.,Callejon H. S.,2,1,33,,
2026-08-04,itf_masculino,M25,M25+H Tauste,hard,Heredia Samuel,Potenza Luca,Potenza Luca,0,2,19,,
2026-08-04,itf_masculino,M25,M25+H Tauste,hard,Regas Luis No.,Colombo A.,Colombo A.,0,2,17,,
2026-08-04,itf_masculino,M25,M25+H Tauste,hard,Mccormick Tristan,Almazan Valiente Izan,Almazan Valiente Izan,0,2,21,,
2026-08-04,itf_masculino,M25,M25+H Tauste,hard,Shah Aryan,Larue Louis,Shah Aryan,2,1,27,,
2026-08-04,itf_masculino,M25,M25+H Tauste,hard,De Jonge Daniel,Gonzalez Galino Valentin,De Jonge Daniel,2,0,18,,
2026-08-02,itf_masculino,M25,M25 Koszalin,clay,Prihodko Oleg Tiago,Pereira,Pereira,0,2,19,,
2026-08-04,itf_masculino,M25,M25 Kursumlijska Banja 2,clay,Vijay Shankar M. S.,Plans J.,Plans J.,0,2,12,,
2026-08-04,itf_masculino,M25,M25 Kursumlijska Banja 2,clay,Chepelev Andrey,Maksimovic Marko,Maksimovic Marko,0,2,17,,
2026-08-04,itf_masculino,M25,M25 Londrina,clay,de Camargo Silva A.,Oliveira N.,Oliveira N.,0,2,13,,
2026-08-04,itf_masculino,M25,M25 Londrina,clay,Zanellato N.,Silva L. F.,Zanellato N.,2,0,14,,
2026-08-02,itf_masculino,M25,M25 Pitesti,clay,Andreescu S. A.,Papoe R. M.,Papoe R. M.,0,2,17,,
2026-08-04,itf_masculino,M25,M25 Roehampton,hard,Ceban Mark,Robertson Charlie,Ceban Mark,2,0,18,,
2026-08-04,itf_masculino,M25,M25 Roehampton,hard,Page Oliver,Walters Marcus,Walters Marcus,0,2,14,,
2026-08-04,itf_masculino,M25,M25 Roehampton,hard,Coquelin Hugo,Perez Ramos Pablo,Coquelin Hugo,2,0,20,,
2026-08-02,itf_masculino,M25,M25 Wetzlar,clay,Blancaneaux Geoffrey,Krolo Filip,Blancaneaux Geoffrey,2,0,15,,
2026-08-02,itf_femenino,W100,W100 Gran Canaria-Maspalomas,clay,Cengiz Berfu,Pigossi Laura,Pigossi Laura,1,2,31,,
2026-08-02,itf_femenino,W15,W15 Astana 3,hard,Mamedova Edda,Milovanova Victoria,Mamedova Edda,2,0,18,,
2026-08-04,itf_femenino,W15,W15 Astana 4,hard,Patil Sonal,Yoshioka Kisa,Yoshioka Kisa,0,2,26,,
2026-08-04,itf_femenino,W15,W15 Astana 4,hard,Dyussebay Ingkar,Korysheva Eva,Korysheva Eva,1,2,33,,
2026-08-04,itf_femenino,W15,W15 Astana 4,hard,Mikhaylova M.,Lee H. E.,Lee H. E.,0,2,15,,
2026-08-02,itf_femenino,W15,W15 Bielsko Biala,clay,Slavikova Emma,Petruzelova Lucie,Slavikova Emma,2,1,37,,
2026-08-02,itf_femenino,W15,W15 Brisbane 3,hard,Stevens Amy,Uemura Mutsumi,Uemura Mutsumi,1,2,29,,
2026-08-04,itf_femenino,W15,W15 Hameenlinna,clay,Palm Nuppu,Chlpac Agustina,Chlpac Agustina,0,2,16,,
2026-08-02,itf_femenino,W15,W15 Huamantla 3,hard,Buchnik Mika,Angel Marianne,Buchnik Mika,2,0,15,,
2026-08-02,itf_femenino,W15,W15 Kursumlijska Banja 11,clay,Munk Mortensen Rebecca,Geerlings Martinez Ariana,Geerlings Martinez Ariana,0,2,16,,
2026-08-04,itf_femenino,W15,W15 Kursumlijska Banja 12,clay,Garcia Patron Canals Ariadna,Glushkova Denislava,Glushkova Denislava,0,2,16,,
2026-08-04,itf_femenino,W15,W15 Kursumlijska Banja 12,clay,Panshina Varvara,Pikkaart Charlotte,Panshina Varvara,2,0,17,,
2026-08-04,itf_femenino,W15,W15 Kursumlijska Banja 12,clay,Stosovic Milica,Barbulescu Bianca Elena,Barbulescu Bianca Elena,0,2,15,,
2026-08-04,itf_femenino,W15,W15 Kursumlijska Banja 12,clay,Agureeva Ekaterina,Argyrokastriti Marianne,Agureeva Ekaterina,2,1,32,,
2026-08-04,itf_femenino,W15,W15 Kursumlijska Banja 12,clay,Paganetti Vittoria,Milenkovic Sofija,Paganetti Vittoria,2,0,16,,
2026-08-04,itf_femenino,W15,W15 Kursumlijska Banja 12,clay,Suvirdjonkova Darja,Jovanovic Mirjana,Jovanovic Mirjana,0,2,16,,
2026-08-04,itf_femenino,W15,W15 Kursumlijska Banja 12,clay,Krupina Yekaterina,Bulatova Arina,Bulatova Arina,0,2,13,,
2026-08-02,itf_femenino,W15,W15 Rogaska Slatina,clay,Mikaca S.,Senica A.,Senica A.,1,2,31,,
2026-08-02,itf_femenino,W15,W15 Savitaipale,clay,Tomase E.,Ghirardato E. O.,Tomase E.,2,1,26,,
2026-08-04,itf_femenino,W15,W15 Tianjin,hard,Qu Yihan,Ozeki Michika,Qu Yihan,2,0,14,,
2026-08-04,itf_femenino,W15,W15 Tianjin,hard,Kalyakina Maria,Zhu Chenting,Zhu Chenting,0,2,28,,
2026-08-04,itf_femenino,W15,W15 Tianjin,hard,Luo Xi,Chen Meng Yi,Luo Xi,2,0,32,,
2026-08-04,itf_femenino,W15,W15 Tianjin,hard,Snigireva Anna,Noguchi Sae,Noguchi Sae,0,2,14,,
2026-08-04,itf_femenino,W15,W15 Tianjin,hard,Sun Tiantian,Zhang Junhan,Zhang Junhan,0,2,19,,
2026-08-02,itf_femenino,W35,W35 Aldershot,hard,Saigo Rina,Karunaratne Adithya,Saigo Rina,2,1,29,,
2026-08-02,itf_femenino,W35,W35 Florence; SC,hard,Charney Piper,Penickova Annika,Penickova Annika,0,2,19,,
2026-08-02,itf_femenino,W35,W35 Pergamino,clay,Bosio Victoria,Alves Carolina,Alves Carolina,1,2,27,,
2026-08-04,itf_femenino,W35,W35 Roehampton,hard,Appleton Emily,Griffiths Edie,Appleton Emily,2,0,18,,
2026-08-04,itf_femenino,W35,W35 Roehampton,hard,Black Brooke,Dada Mascoll Savannah,Black Brooke,2,1,28,,
2026-08-04,itf_femenino,W35,W35 Roehampton,hard,Noel C.,Visscher S. J.,Visscher S. J.,0,2,15,,
2026-08-04,itf_femenino,W35,W35 Roehampton,hard,Tubello Alice,Okutoyi Angella,Tubello Alice,2,0,24,,
2026-08-04,itf_femenino,W35,W35 Roehampton,hard,Mushika Mio,Cembranos P.,Cembranos P.,1,2,31,,
2026-08-04,itf_femenino,W35,W35 Roehampton,hard,Ekstrand Monika,Kuzmova Katarina 2001,Ekstrand Monika,2,0,26,,
2026-08-04,itf_femenino,W35,W35 Roehampton,hard,Korpanec Davies Allegra,Kitahara Yuno,Korpanec Davies Allegra,2,0,19,,
2026-08-04,itf_femenino,W35,W35 Roehampton,hard,Sato Naho,Spink Indianna,Sato Naho,2,1,22,,
2026-08-02,itf_femenino,W50,W50 Dublin,hard,Valdmannova Vendula,Rajecki Amelia,Valdmannova Vendula,2,0,24,,
2026-08-02,itf_femenino,W50,W50 Knokke-Heist,clay,Niemeier Jule,Balus Irina,Niemeier Jule,2,1,24,,
2026-08-02,itf_femenino,W75,W75 Hechingen,clay,Palicova Barbora,Ferro Fiona,Palicova Barbora,2,1,34,,
2026-08-04,itf_femenino,W75,W75 Koksijde,clay,Trevisan M.,Bertea E. R.,Bertea E. R.,0,2,16,,
2026-08-04,itf_femenino,W75,W75 Koksijde,clay,Urgesi Federica,Van Impe Amelie,Urgesi Federica,2,1,29,,
2026-08-04,itf_femenino,W75,W75 Koksijde,clay,Vrancken Peeters Anouck,Ebeling Koning Loes,Ebeling Koning Loes,0,2,13,,
2026-08-04,itf_femenino,W75,W75 Koksijde,clay,Mintegi Del Olmo Ane,Ce Gabriela,Mintegi Del Olmo Ane,2,0,19,,
2026-08-04,itf_femenino,W75,W75 Koksijde,clay,Weckerle Marie,Basiletti Noemi,Basiletti Noemi,0,2,16,,
2026-08-04,itf_femenino,W75,W75 Koksijde,clay,Lim Jenny,Maristany Zuleta De Reales Guiomar,Lim Jenny,2,0,16,,
2026-08-04,itf_femenino,W75,W75 Koksijde,clay,Matoula Martha,Mansouri Yasmine,Matoula Martha,2,0,16,,
2026-08-04,itf_femenino,W75,W75 Leipzig,clay,Manescu Tina,Mair Laura,Manescu Tina,2,0,25,,
2026-08-04,itf_femenino,W75,W75 Leipzig,clay,Park Sohyun,Kovackova Alena,Kovackova Alena,0,2,17,,
2026-08-04,itf_femenino,W75,W75 Leipzig,clay,Burillo Escorihuela I.,Serban I. M.,Burillo Escorihuela I.,2,0,19,,
2026-08-04,itf_femenino,W75,W75 Leipzig,clay,Firman Anastasiia,Gjorcheska Lina,Gjorcheska Lina,1,2,30,,
2026-08-02,itf_femenino,W75,W75 Lexington; KY,hard,Kulikova Anastasia,Akli Ayana,Kulikova Anastasia,2,0,22,,
2026-08-04,itf_femenino,W75,W75 Ourense,hard,Kabbaj Yasmine,Lemaitre Tiphanie,Kabbaj Yasmine,2,0,16,,
2026-08-04,itf_femenino,W75,W75 Ourense,hard,Pavlova K.,Alvarez Sande E.,Pavlova K.,2,0,14,,
2026-08-04,itf_femenino,W75,W75 Ourense,hard,Rojas S. C.,Du Pree B.,Du Pree B.,0,2,12,,
2026-08-04,itf_femenino,W75,W75 Ourense,hard,Nijkamp R. M.,Zanolini C.,Zanolini C.,0,2,27,,
2026-08-04,itf_femenino,W75,W75 Ourense,hard,Dodin Oceane,Rus Arantxa,Dodin Oceane,2,1,26,,
2026-08-04,itf_femenino,W75,W75 Ourense,hard,Tse Elyse Daria,Khomutsianskaya,Khomutsianskaya,0,2,18,,
2026-08-04,itf_masculino,M15,M15 Bielsko Biala,clay,Fabre Antoni,Filip Jakub,Filip Jakub,0,2,17,,
2026-08-04,itf_masculino,M15,M15 Bielsko Biala,clay,Gschwendtner Jeremy,Borrelli Leonardo,Gschwendtner Jeremy,2,1,40,,
2026-08-04,itf_masculino,M15,M15 Bielsko Biala,clay,Larwig Noel,Knitter Kacper,Larwig Noel,2,1,25,,
2026-08-04,itf_masculino,M15,M15 Curtea de Arges 2,clay,Misasi Giannicola,Bosio Gabriele,Misasi Giannicola,2,1,28,,
2026-08-04,itf_masculino,M15,M15 Curtea de Arges 2,clay,Ferrari Francesco,Turriziani Alvarez Alejandro,Ferrari Francesco,2,0,27,,
2026-08-04,itf_masculino,M15,M15 Eupen,clay,Pontjodikromo Sidane,Bidan Fadi,Pontjodikromo Sidane,2,0,18,,
2026-08-04,itf_masculino,M15,M15 Eupen,clay,Romeo Felix,Lagarrigue Leo,Lagarrigue Leo,1,2,30,,
2026-08-04,itf_masculino,M15,M15 Frankfurt,clay,Fix David,Mujakic Alen,Fix David,2,1,23,,
2026-08-04,itf_masculino,M15,M15 Frankfurt,clay,Giraldi Carlos,Kivattsev Kirill,Kivattsev Kirill,0,2,16,,
2026-08-04,itf_masculino,M15,M15 Frankfurt,clay,Haupt Henri,Freire Da Silva Adan,Freire Da Silva Adan,0,2,19,,
2026-08-04,itf_masculino,M15,M15 Frankfurt,clay,Bonnaud Arthur,Penzlin Julien,Penzlin Julien,1,2,40,,
2026-08-04,itf_masculino,M15,M15 Frankfurt,clay,Corbinais Sven,Krolo Filip,Corbinais Sven,2,1,27,,
2026-08-04,itf_masculino,M15,M15 Frankfurt,clay,Zeuch Tom,Niedner Neo,Niedner Neo,1,2,29,,
2026-08-04,itf_masculino,M25,M25 Fano,clay,Schlageter Justin,Crivellaro Gabriele,Crivellaro Gabriele,0,2,26,,
2026-08-04,itf_masculino,M25,M25 Fano,clay,Spiridon D. C.,Scomparin P. R.,Scomparin P. R.,0,2,25,,
2026-08-04,itf_masculino,M25,M25 Fano,clay,Tabacco Giorgio,Betti Edoardo,Tabacco Giorgio,2,0,18,,
2026-08-04,itf_masculino,M25,M25 Fano,clay,Overbeck C. E.,Grandinetti T.,Overbeck C. E.,2,0,19,,
2026-08-04,itf_masculino,M25,M25 Fano,clay,Berto Lorenzo,Figl Maximilian,Figl Maximilian,0,2,17,,
2026-08-04,itf_masculino,M25,M25 Fano,clay,Trufelli Timeo,Giunta Massimo,Giunta Massimo,0,2,16,,
2026-08-04,itf_masculino,M25,M25 Fano,clay,Rottoli Lorenzo,Spadola Alessandro,Rottoli Lorenzo,2,1,41,,
2026-08-04,itf_masculino,M25,M25+H Tauste,hard,Pietri Benjamin,Cesar Porras Julio,Pietri Benjamin,2,1,23,,
2026-08-04,itf_masculino,M25,M25+H Tauste,hard,Ayeni Alafia,Martinez Mikel,Ayeni Alafia,2,0,29,,
2026-08-04,itf_masculino,M25,M25+H Tauste,hard,Carlini Gianluca,Lopez Cherubino Noah,Lopez Cherubino Noah,1,2,37,,
2026-08-04,itf_masculino,M25,M25+H Tauste,hard,Marques G.,Ganta S. K. R.,Marques G.,2,0,18,,
2026-08-04,itf_masculino,M25,M25+H Tauste,hard,Reyniak Matias,Tarrio Ponte Ander,Tarrio Ponte Ander,1,2,26,,
2026-08-04,itf_masculino,M25,M25+H Tauste,hard,Tsitsipas Pa.,Palan D.,Tsitsipas Pa.,2,0,27,,
2026-08-04,itf_masculino,M25,M25 Kursumlijska Banja 2,clay,Radjenovic Vuk,Ochi Makoto,Radjenovic Vuk,2,1,26,,
2026-08-04,itf_masculino,M25,M25 Londrina,clay,Tosetto R.,Osorio J. S.,Osorio J. S.,1,2,28,,
2026-08-04,itf_masculino,M25,M25 Londrina,clay,Dreycopp Ivan,Zeitune Maximo,Zeitune Maximo,0,2,14,,
2026-08-04,itf_masculino,M25,M25 Londrina,clay,Schenekenberg G.,Zarate C. M.,Zarate C. M.,1,2,32,,
2026-08-04,itf_masculino,M25,M25 Londrina,clay,Saraiva Dos Santos P. A.,Leite W.,Saraiva Dos Santos P. A.,2,1,24,,
2026-08-04,itf_masculino,M25,M25 Londrina,clay,Estevez J.,Scramin do Lago J. V.,Estevez J.,2,0,14,,
2026-08-04,itf_masculino,M25,M25 Londrina,clay,Albuquerque Dietrich P.,Noatto K.,Albuquerque Dietrich P.,2,0,17,,
2026-08-04,itf_masculino,M25,M25 Londrina,clay,Carvalho G. A.,Kohlmann E.,Kohlmann E.,0,2,14,,
2026-08-04,itf_masculino,M25,M25 Londrina,clay,Meneguetti S. E.,Bini V.,Bini V.,0,2,19,,
2026-08-04,itf_masculino,M25,M25 Londrina,clay,Rodriguez L. J.,Meligeni Alves F.,Meligeni Alves F.,0,2,20,,
2026-08-04,itf_masculino,M25,M25 Londrina,clay,Price S.,Leston T. J.,Price S.,2,0,15,,
2026-08-04,itf_masculino,M25,M25 Londrina,clay,Villalon N.,Schiessl J. E.,Schiessl J. E.,0,2,17,,
2026-08-04,itf_masculino,M25,M25 Roehampton,hard,Broom Charles,Godsick Nicholas,Broom Charles,2,0,22,,
2026-08-04,itf_masculino,M25,M25 Roehampton,hard,Jadoun Nicolas,Vujic Stefan,Jadoun Nicolas,2,0,20,,
2026-08-04,itf_masculino,M25,M25 Roehampton,hard,Pedrico Kravtsov Albert,Hohmann Ronald,Pedrico Kravtsov Albert,2,0,17,,
2026-08-04,itf_masculino,M25,M25 Roehampton,hard,Rybakov Alex,Summers Matthew,Rybakov Alex,2,0,18,,
2026-08-04,itf_masculino,M25,M25 Roehampton,hard,Watane Anuj,Blaydes Billy,Blaydes Billy,0,2,28,,
2026-08-04,itf_masculino,M25,M25 Southaven; MS,hard,Frusina Alexander,Corwin Felix,Frusina Alexander,2,1,25,,
2026-08-04,itf_masculino,M25,M25 Southaven; MS,hard,Zhu Evan,Peck Joshua,Zhu Evan,2,0,20,,
2026-08-04,itf_masculino,M25,M25 Southaven; MS,hard,Exsted Maxwell,Vandecasteele Quinn,Exsted Maxwell,2,1,28,,
2026-08-04,itf_masculino,M25,M25 Southaven; MS,hard,Honda Naoya,Dickerson Ryan,Honda Naoya,2,0,20,,
2026-08-04,itf_femenino,W100,W100 Landisville; PA,hard,Prozorova Tatiana,Zakharova Anastasia,Zakharova Anastasia,0,2,17,,
2026-08-04,itf_femenino,W100,W100 Landisville; PA,hard,Iatcenko Polina,Shymanovich Iryna,Iatcenko Polina,2,0,20,,
2026-08-04,itf_femenino,W15,W15 Hameenlinna,clay,Aikawa Mayuka,Vismane Daniela,Vismane Daniela,0,2,14,,
2026-08-04,itf_femenino,W15,W15 Kursumlijska Banja 12,clay,Bertacchi Anastasia,Lekomtseva Ustiniya,Lekomtseva Ustiniya,1,2,34,,
2026-08-04,itf_femenino,W35,W35 Chacabuco,clay,Romero Camila,Labrana Fernanda,Labrana Fernanda,1,2,26,,
2026-08-04,itf_femenino,W35,W35 Chacabuco,clay,Urrutia M. F.,Moyano L.,Urrutia M. F.,2,0,14,,
2026-08-04,itf_femenino,W35,W35 Chacabuco,clay,Perez Alarcon L.,Maruca M. M.,Perez Alarcon L.,2,0,13,,
2026-08-04,itf_femenino,W35,W35 Chacabuco,clay,Schaedel Lorena,Vig Saumya,Schaedel Lorena,2,0,13,,
2026-08-04,itf_femenino,W35,W35 Chacabuco,clay,Pedone G.,Melleiro C.,Pedone G.,2,0,13,,
2026-08-04,itf_femenino,W35,W35 Chacabuco,clay,Gerald Gonzalez J. G.,Egorova D.,Egorova D.,0,2,14,,
2026-08-04,itf_femenino,W35,W35 Chacabuco,clay,Ayala L.,Mediorreal A. V.,Ayala L.,2,0,18,,
2026-08-04,itf_femenino,W35,W35 Southaven; MS,hard,Sema E.,Navarro M. F.,Sema E.,2,0,29,,
2026-08-04,itf_femenino,W35,W35 Southaven; MS,hard,Crowder Riley,Lee Eunhye 2000,Lee Eunhye 2000,0,2,14,,
2026-08-04,itf_femenino,W35,W35 Southaven; MS,hard,Sharma A.,Herea C. A.,Herea C. A.,0,2,19,,
2026-08-04,itf_femenino,W35,W35 Southaven; MS,hard,Penickova Kristina,Vergara Rivera Antonia,Penickova Kristina,2,0,20,,
2026-08-04,itf_femenino,W75,W75 Koksijde,clay,Wolff Vivian,Lew Yan Foon Astrid,Wolff Vivian,2,1,26,,
2026-08-04,itf_femenino,W75,W75 Leipzig,clay,Laboutkova Aneta,Buyukakcay Cagla,Laboutkova Aneta,2,0,19,,
2026-08-04,itf_femenino,W75,W75 Leipzig,clay,Vladson L.,Brockmann T. J.,Vladson L.,2,0,15,,
2026-08-05,itf_masculino,M15,M15 Curtea de Arges 2,clay,Petre S. I. B.,Valle F.,Petre S. I. B.,2,0,17,,
2026-08-05,itf_masculino,M15,M15 Tianjin,hard,Dellavedova Matthew,Nakajima Kazuki,Dellavedova Matthew,2,1,37,,
2026-08-05,itf_masculino,M15,M15 Tianjin,hard,Hwang Donghyun,Sumizawa Daisuke,Hwang Donghyun,2,1,26,,
2026-08-05,itf_masculino,M15,M15 Tianjin,hard,Kang Kaigaoge,Becroft Isaac,Becroft Isaac,0,2,15,,
2026-08-05,itf_masculino,M15,M15 Tianjin,hard,Qi Hongjin,Gao Ruochen,Gao Ruochen,0,2,15,,
2026-08-05,itf_masculino,M15,M15 Tianjin,hard,Kang Ku Keon,Karigyo Toshiki,Karigyo Toshiki,1,2,28,,
2026-08-04,itf_femenino,W100,W100 Landisville; PA,hard,Hontama Mai,Andreeva Erika,Hontama Mai,2,1,38,,
2026-08-05,itf_femenino,W15,W15 Hameenlinna,clay,Lopatetska Daria,Roots Andrea,Lopatetska Daria,2,0,14,,
2026-08-05,itf_femenino,W15,W15 Tianjin,hard,Han J.,Leong S. L. X.,Leong S. L. X.,1,2,25,,
2026-08-05,itf_femenino,W15,W15 Tianjin,hard,Wang Yuhan Florentine,Dekkers,Wang Yuhan Florentine,2,0,14,,
2026-08-05,itf_femenino,W15,W15 Tianjin,hard,Jang Gaeul,Kim Dabin,Jang Gaeul,2,0,18,,
2026-08-05,itf_femenino,W15,W15 Tianjin,hard,Nishimoto Sera,Guo Meiqi,Guo Meiqi,0,2,22,,
2026-08-05,itf_femenino,W15,W15 Tianjin,hard,Yuan Chengyiyi,Lan Xiran,Yuan Chengyiyi,2,0,17,,
2026-08-05,itf_femenino,W15,W15 Tianjin,hard,Desvignes E. M.,Lin Y. J.,Lin Y. J.,0,2,19,,
2026-08-05,itf_masculino,M15,M15 Bielsko Biala,clay,Juszczak Pawel,Wazny Alan,Juszczak Pawel,2,1,26,,
2026-08-05,itf_masculino,M15,M15 Bielsko Biala,clay,Orlov Vladyslav,Kusy Jakub,Orlov Vladyslav,2,0,20,,
2026-08-05,itf_masculino,M15,M15 Bielsko Biala,clay,Savano Michael,Smiej Yassine,Savano Michael,2,0,16,,
2026-08-05,itf_masculino,M15,M15 Bielsko Biala,clay,Szczypka Milosz,Beckley Alec,Beckley Alec,0,2,14,,
2026-08-05,itf_masculino,M15,M15 Bielsko Biala,clay,Antoni Richard,Salazar Daniel,Salazar Daniel,1,2,29,,
2026-08-05,itf_masculino,M15,M15 Bielsko Biala,clay,Bienkiewicz Juliusz,Marek Wojciech,Marek Wojciech,1,2,30,,
2026-08-05,itf_masculino,M15,M15 Bielsko Biala,clay,Fondriest Matteo,Hrazdil Jan,Hrazdil Jan,0,2,22,,
2026-08-05,itf_masculino,M15,M15 Bielsko Biala,clay,Hausberger Gregor,Jedrzejczak Jakub,Hausberger Gregor,2,0,17,,
2026-08-05,itf_masculino,M15,M15 Bielsko Biala,clay,Guttau Niklas,Gschiel Alexander,Guttau Niklas,2,0,16,,
2026-08-05,itf_masculino,M15,M15 Bielsko Biala,clay,Zielinski Marcel,Vulpitta Gabriele,Zielinski Marcel,2,1,38,,
2026-08-05,itf_masculino,M15,M15 Curtea de Arges 2,clay,Dell'Elba V.,Papoe C. G.,Dell'Elba V.,2,0,18,,
2026-08-05,itf_masculino,M15,M15 Curtea de Arges 2,clay,Pieleanu R. T.,Murray F.,Pieleanu R. T.,2,0,17,,
2026-08-05,itf_masculino,M15,M15 Curtea de Arges 2,clay,Rojas Carles,Sucu Matei,Rojas Carles,2,0,18,,
2026-08-05,itf_masculino,M15,M15 Curtea de Arges 2,clay,Andreescu S. A.,Messina J.,Andreescu S. A.,2,0,17,,
2026-08-05,itf_masculino,M15,M15 Curtea de Arges 2,clay,Ciocca Giovanni,Tenti Fermin,Tenti Fermin,0,2,29,,
2026-08-05,itf_masculino,M15,M15 Curtea de Arges 2,clay,Guna R.,Golescu R. A.,Guna R.,2,0,17,,
2026-08-05,itf_masculino,M15,M15 Curtea de Arges 2,clay,Geladaris O.,Turcanu R. D.,Geladaris O.,2,1,33,,
2026-08-05,itf_masculino,M15,M15 Curtea de Arges 2,clay,Ghetu G.,Garbero F. F.,Ghetu G.,2,1,27,,
2026-08-05,itf_masculino,M15,M15 Curtea de Arges 2,clay,Mirarchi W.,Marinescu M. R.,Marinescu M. R.,1,2,24,,
2026-08-05,itf_masculino,M15,M15 Curtea de Arges 2,clay,Sciahbasi M.,Stoica I. M.,Sciahbasi M.,2,0,14,,
2026-08-05,itf_masculino,M15,M15 Eupen,clay,Beaupain Simon,Vandepoele Nand,Vandepoele Nand,0,2,31,,
2026-08-05,itf_masculino,M15,M15 Eupen,clay,Dugardin Remy Noah,Schlagenhauf,Schlagenhauf,1,2,33,,
2026-08-05,itf_masculino,M15,M15 Eupen,clay,Klaassen Stian,Vankan Marlon,Klaassen Stian,2,0,24,,
2026-08-05,itf_masculino,M15,M15 Eupen,clay,Trochu Pablo,Torcq Benoit,Torcq Benoit,1,2,33,,
2026-08-05,itf_masculino,M15,M15 Eupen,clay,De Lange Pieter,Chambonniere Matthieu,Chambonniere Matthieu,1,2,44,,
2026-08-05,itf_masculino,M15,M15 Eupen,clay,Papamalamis Theo,Tixhon David,Papamalamis Theo,2,1,24,,
2026-08-05,itf_masculino,M15,M15 Eupen,clay,Rivet Maxence,Kloesters Ferdinand,Kloesters Ferdinand,0,2,19,,
2026-08-05,itf_masculino,M15,M15 Eupen,clay,Waldner Niklas,Van Der Meerschen Martin,Van Der Meerschen Martin,0,2,17,,
2026-08-05,itf_masculino,M15,M15 Eupen,clay,Garcian Axel,Basile Alessio,Basile Alessio,0,2,15,,
2026-08-05,itf_masculino,M15,M15 Eupen,clay,Nagel Arthur Harold,Huens,Nagel Arthur Harold,2,1,31,,
2026-08-05,itf_masculino,M15,M15 Eupen,clay,Verbeek Daniel,Forger Abel,Forger Abel,1,2,36,,
2026-08-05,itf_masculino,M15,M15 Eupen,clay,Visser Mac,Mouffe Louis,Visser Mac,2,1,25,,
2026-08-05,itf_masculino,M15,M15 Eupen,clay,Costa Eliott,Khoeblal Elgin,Khoeblal Elgin,0,2,16,,
2026-08-05,itf_masculino,M15,M15 Eupen,clay,Ifi Nicolas Romain,Faucon,Ifi Nicolas Romain,2,1,36,,
2026-08-05,itf_masculino,M15,M15 Frankfurt,clay,Chazal Maxime,Hammes Tim,Chazal Maxime,2,0,28,,
2026-08-05,itf_masculino,M15,M15 Frankfurt,clay,Dutine D. A.,Reinhard B. J.,Reinhard B. J.,1,2,58,,
2026-08-05,itf_masculino,M15,M15 Frankfurt,clay,Poulsen Brostrom O.,Branchetti G.,Branchetti G.,1,2,40,,
2026-08-05,itf_masculino,M15,M15 Frankfurt,clay,Sebesta Jan,Delage Pierre,Delage Pierre,0,2,15,,
2026-08-05,itf_masculino,M15,M15 Frankfurt,clay,Barbic Arian,Rocens Martins,Barbic Arian,2,0,19,,
2026-08-05,itf_masculino,M15,M15 Frankfurt,clay,Dullinger Vincent,Elamin Ammar,Dullinger Vincent,2,0,17,,
2026-08-05,itf_masculino,M15,M15 Frankfurt,clay,Funk Aaron,Heinrich Sebastian,Funk Aaron,2,0,22,,
2026-08-05,itf_masculino,M15,M15 Frankfurt,clay,Oetzbach Adrian,Ojakaar Oliver,Oetzbach Adrian,2,0,20,,
2026-08-05,itf_masculino,M15,M15 Poprad,clay,Makhlouf Nazim,Pizzigoni Massimo,Pizzigoni Massimo,1,2,28,,
2026-08-05,itf_masculino,M15,M15 Poprad,clay,Rivera Leyton Jesse,De Jager,Rivera Leyton Jesse,2,0,18,,
2026-08-05,itf_masculino,M15,M15 Poprad,clay,Zavacky Peter,Aleshchev Alexey,Aleshchev Alexey,1,2,24,,
2026-08-05,itf_masculino,M15,M15 Poprad,clay,Belkovics Achilles,Novansky Michal,Novansky Michal,0,2,17,,
2026-08-05,itf_masculino,M15,M15 Poprad,clay,Lanik Tomas,Filar Karol,Filar Karol,1,2,41,,
2026-08-05,itf_masculino,M15,M15 Poprad,clay,Makk Peter,Michalik Radovan,Makk Peter,2,1,31,,
2026-08-05,itf_masculino,M15,M15 Poprad,clay,Ujvary Matthias,Sallay Peter,Ujvary Matthias,2,0,17,,
2026-08-05,itf_masculino,M15,M15 Tianjin,hard,Chung Y.,Kinaadman C. J.,Chung Y.,2,0,14,,
2026-08-06,itf_masculino,M15,M15 Tianjin,hard,Han Seon Yong,Sarksian D.,Han Seon Yong,2,0,19,,
2026-08-06,itf_masculino,M15,M15 Tianjin,hard,Hwang Donghyun,Lee Kuan Yi 1996,Hwang Donghyun,2,0,21,,
2026-08-06,itf_masculino,M15,M15 Tianjin,hard,Karigyo Toshiki,Huang Tsung Hao,Huang Tsung Hao,0,2,15,,
2026-08-06,itf_masculino,M15,M15 Tianjin,hard,Mochizuki Yuki,Gao Ruochen,Mochizuki Yuki,2,0,14,,
2026-08-05,itf_masculino,M25,M25 Fano,clay,Tabacco Giorgio,Figl Maximilian,Tabacco Giorgio,2,1,28,,
2026-08-05,itf_masculino,M25,M25 Fano,clay,Catini Niccolo,Vasa Iiro,Catini Niccolo,2,0,17,,
2026-08-05,itf_masculino,M25,M25 Fano,clay,Overbeck C. E.,Noce G. M.,Overbeck C. E.,2,0,26,,
2026-08-05,itf_masculino,M25,M25 Fano,clay,Buldorini Peter,Serafini Marcello,Serafini Marcello,0,2,16,,
2026-08-05,itf_masculino,M25,M25 Fano,clay,Crivellaro Gabriele,Rottoli Lorenzo,Crivellaro Gabriele,2,0,25,,
2026-08-05,itf_masculino,M25,M25 Fano,clay,Mecarelli Michele,D Agostino Stefano,D Agostino Stefano,0,2,19,,
2026-08-05,itf_masculino,M25,M25 Fano,clay,Scomparin P. R.,Giunta M.,Giunta M.,0,2,19,,
2026-08-05,itf_masculino,M25,M25 Fano,clay,Arnaboldi Federico,Primucci Leonardo,Primucci Leonardo,0,2,22,,
2026-08-05,itf_masculino,M25,M25+H Tauste,hard,Ayeni Alafia,Pietri Benjamin,Pietri Benjamin,1,2,32,,
2026-08-05,itf_masculino,M25,M25+H Tauste,hard,De Jonge Daniel,Almazan Valiente Izan,Almazan Valiente Izan,1,2,28,,
2026-08-05,itf_masculino,M25,M25+H Tauste,hard,Shah Aryan,Potenza Luca,Shah Aryan,2,1,31,,
2026-08-05,itf_masculino,M25,M25+H Tauste,hard,Marques Goncalo,Sanchez Quilez Alejo,Sanchez Quilez Alejo,0,2,25,,
2026-08-05,itf_masculino,M25,M25+H Tauste,hard,Colombo Andrea,Castellanos Yago,Colombo Andrea,2,0,17,,
2026-08-05,itf_masculino,M25,M25+H Tauste,hard,Lopez Cherubino N.,Tsitsipas Pa.,Tsitsipas Pa.,1,2,37,,
2026-08-05,itf_masculino,M25,M25+H Tauste,hard,Gonzalez Fernandez M.,Tarrio Ponte A.,Gonzalez Fernandez M.,2,0,17,,
2026-08-05,itf_masculino,M25,M25+H Tauste,hard,Callejon H. S.,Talan Lopatic L.,Callejon H. S.,2,0,12,,
2026-08-05,itf_masculino,M25,M25 Kursumlijska Banja 2,clay,Bennani Reda,Vterkovskiy Dmytro,Bennani Reda,2,0,26,,
2026-08-05,itf_masculino,M25,M25 Kursumlijska Banja 2,clay,Zivkovic Uros,Ceramilac Luka,Ceramilac Luka,0,2,15,,
2026-08-05,itf_masculino,M25,M25 Kursumlijska Banja 2,clay,Manukyan Vardan,Obradovic Dusan,Obradovic Dusan,1,2,32,,
2026-08-05,itf_masculino,M25,M25 Kursumlijska Banja 2,clay,Zgirovsky Alexander,Milosavljevic Marko,Zgirovsky Alexander,2,0,26,,
2026-08-05,itf_masculino,M25,M25 Kursumlijska Banja 2,clay,Novakovic Novak,Tiukaev Ruslan,Tiukaev Ruslan,0,2,18,,
2026-08-05,itf_masculino,M25,M25 Kursumlijska Banja 2,clay,Klok Denis,Warik Caheer,Warik Caheer,1,2,28,,
2026-08-05,itf_masculino,M25,M25 Kursumlijska Banja 2,clay,Kountourakis Ioannis,Pisaric Aleksa,Pisaric Aleksa,0,2,23,,
2026-08-05,itf_masculino,M25,M25 Kursumlijska Banja 2,clay,Kukasian Artur,Krstic Veljko,Krstic Veljko,0,2,16,,
2026-08-05,itf_masculino,M25,M25 Kursumlijska Banja 2,clay,Chestovaliev Samuil,Comino Lorenzo,Comino Lorenzo,0,2,18,,
2026-08-05,itf_masculino,M25,M25 Kursumlijska Banja 2,clay,Delicata Liam,Artnak Bor,Artnak Bor,0,2,13,,
2026-08-05,itf_masculino,M25,M25 Kursumlijska Banja 2,clay,Petrovic Drazen,Yazdani Ali,Yazdani Ali,0,2,15,,
2026-08-05,itf_masculino,M25,M25 Kursumlijska Banja 2,clay,Ahouda Walid,Butulija Boris,Ahouda Walid,2,0,15,,
2026-08-05,itf_masculino,M25,M25 Londrina,clay,Albuquerque Dietrich P.,Schiessl J. E.,Schiessl J. E.,1,2,26,,
2026-08-05,itf_masculino,M25,M25 Londrina,clay,Oliveira N.,Zarate C. M.,Zarate C. M.,0,2,16,,
2026-08-05,itf_masculino,M25,M25 Londrina,clay,Saraiva Dos Santos P. A.,Zanellato N.,Saraiva Dos Santos P. A.,2,1,27,,
2026-08-05,itf_masculino,M25,M25 Londrina,clay,Estevez J.,Osorio J. S.,Osorio J. S.,1,2,30,,
2026-08-05,itf_masculino,M25,M25 Londrina,clay,Meligeni Alves F.,Kohlmann E.,Meligeni Alves F.,2,0,33,,
2026-08-05,itf_masculino,M25,M25 Londrina,clay,Ribeiro de Almeida G.,Bini V.,Ribeiro de Almeida G.,2,0,18,,
2026-08-05,itf_masculino,M25,M25 Londrina,clay,Price Salvador,Pereira Jose,Price Salvador,2,1,27,,
2026-08-05,itf_masculino,M25,M25 Londrina,clay,Costa G. V.,Zeitune M.,Zeitune M.,0,2,15,,
2026-08-05,itf_masculino,M25,M25 Roehampton,hard,Perego Giulio,Loffhagen George,Loffhagen George,0,2,16,,
2026-08-05,itf_masculino,M25,M25 Roehampton,hard,Piatti Rocco,Brown Oscar,Brown Oscar,0,2,18,,
2026-08-05,itf_masculino,M25,M25 Roehampton,hard,Martin Toby,Tarvet Oliver,Tarvet Oliver,0,2,19,,
2026-08-05,itf_masculino,M25,M25 Roehampton,hard,Gusic Wan Benjamin,Cacao Tiago,Gusic Wan Benjamin,2,0,29,,
2026-08-05,itf_masculino,M25,M25 Roehampton,hard,Hudd Emile,Canter Alexis,Hudd Emile,2,0,26,,
2026-08-05,itf_masculino,M25,M25 Roehampton,hard,Gannon Conor,Matusevich Anton,Matusevich Anton,0,2,26,,
2026-08-05,itf_masculino,M25,M25 Roehampton,hard,Maxted Lui,Lawlor Rhys,Maxted Lui,2,1,29,,
2026-08-05,itf_masculino,M25,M25 Roehampton,hard,Storrie R. J.,Dominko S.,Dominko S.,1,2,29,,
2026-08-05,itf_masculino,M25,M25 Southaven; MS,hard,Woestendick Cooper,Weber James,Woestendick Cooper,2,0,12,,
2026-08-05,itf_masculino,M25,M25 Southaven; MS,hard,Nolan William,Monday Johannus,Monday Johannus,0,2,19,,
2026-08-05,itf_masculino,M25,M25 Southaven; MS,hard,Bennani Karim,Miladinovic Marko,Bennani Karim,2,0,16,,
2026-08-05,itf_masculino,M25,M25 Southaven; MS,hard,Papa Spencer,Legout Timo,Legout Timo,0,2,18,,
2026-08-05,itf_masculino,M25,M25 Southaven; MS,hard,Dussault Maximus,Carpico Brandon,Dussault Maximus,2,0,37,,
2026-08-05,itf_masculino,M25,M25 Southaven; MS,hard,Anthrop Jack,Ferrer Guimaraes Roberto,Anthrop Jack,2,0,14,,
2026-08-05,itf_masculino,M25,M25 Southaven; MS,hard,Bigun Kaylan,Landau Sam,Bigun Kaylan,2,1,27,,
2026-08-05,itf_masculino,M25,M25 Southaven; MS,hard,Maloney Patrick,Goldammer Tygen,Maloney Patrick,2,1,27,,
2026-08-05,itf_masculino,M25,M25 Southaven; MS,hard,Vithoontien Leo,Gamble Jon,Vithoontien Leo,2,0,24,,
2026-08-06,itf_masculino,M25,M25 Southaven; MS,hard,Chidekh Clement,Nakagawa Naoki,Chidekh Clement,2,1,33,,
2026-08-05,itf_femenino,W100,W100 Landisville; PA,hard,Dolehide Caroline,Broadus Savannah,Dolehide Caroline,2,0,15,,
2026-08-05,itf_femenino,W100,W100 Landisville; PA,hard,Scott Katrina,Kalieva Elvina,Scott Katrina,2,0,19,,
2026-08-05,itf_femenino,W100,W100 Landisville; PA,hard,You Xiaodi,Gorgodze Ekaterine,Gorgodze Ekaterine,1,2,22,,
2026-08-05,itf_femenino,W100,W100 Landisville; PA,hard,Brantmeier Reese,Ma Lea,Brantmeier Reese,2,0,14,,
2026-08-05,itf_femenino,W100,W100 Landisville; PA,hard,Hon Priscilla,Akli Ayana,Akli Ayana,0,2,14,,
2026-08-05,itf_femenino,W100,W100 Landisville; PA,hard,Cabrera Lizette,Crawley Fiona,Crawley Fiona,0,2,22,,
2026-08-05,itf_femenino,W100,W100 Landisville; PA,hard,Ma Yexin,Ngounoue Clervie,Ma Yexin,2,0,16,,
2026-08-05,itf_femenino,W100,W100 Landisville; PA,hard,Ovcharenko Ekaterina,Yakoff Stephanie,Ovcharenko Ekaterina,2,0,19,,
2026-08-05,itf_femenino,W100,W100 Landisville; PA,hard,Ku Y.,Rogers A. S.,Ku Y.,2,0,17,,
2026-08-06,itf_femenino,W100,W100 Landisville; PA,hard,Ansari Carolyn,Collins Kylie,Ansari Carolyn,2,1,25,,
2026-08-06,itf_femenino,W100,W100 Landisville; PA,hard,Sieg Madison,Rapolu Malaika,Sieg Madison,2,0,17,,
2026-08-06,itf_femenino,W100,W100 Landisville; PA,hard,Vandewinkel H.,Brengle M.,Vandewinkel H.,2,0,14,,
2026-08-05,itf_femenino,W15,W15 Hameenlinna,clay,Korhonen Cara,Gailis Rachel,Gailis Rachel,0,2,20,,
2026-08-05,itf_femenino,W15,W15 Hameenlinna,clay,Van De Peer Vicky,Stagno Beatrice,Van De Peer Vicky,2,0,27,,
2026-08-05,itf_femenino,W15,W15 Hameenlinna,clay,Breen Saoirse,Vaissaud Dune,Vaissaud Dune,1,2,31,,
2026-08-05,itf_femenino,W15,W15 Hameenlinna,clay,Burylo Matylda Madelief,Hageman,Hageman,0,2,17,,
2026-08-05,itf_femenino,W15,W15 Hameenlinna,clay,Eigelsbach E. V.,Urbanova L.,Eigelsbach E. V.,2,0,25,,
2026-08-05,itf_femenino,W15,W15 Hameenlinna,clay,Bretnacher Justine Klara,Veldman,Veldman,0,2,16,,
2026-08-05,itf_femenino,W15,W15 Hameenlinna,clay,Giambelli Carla,Ahti Venla,Ahti Venla,0,2,19,,
2026-08-05,itf_femenino,W15,W15 Hameenlinna,clay,Pohle Victoria,Diabate Emira,Pohle Victoria,2,1,25,,
2026-08-05,itf_femenino,W15,W15 Hameenlinna,clay,Blomqvist Clarissa,Soulie Alice,Soulie Alice,0,2,14,,
2026-08-05,itf_femenino,W15,W15 Hameenlinna,clay,Hejtmanek Amelie Justine,Maslenkova Milana,Hejtmanek Amelie Justine,2,0,17,,
2026-08-05,itf_femenino,W15,W15 Hameenlinna,clay,Kotamaki M.,Ebster A. L.,Ebster A. L.,0,2,19,,
2026-08-05,itf_femenino,W15,W15 Hameenlinna,clay,Mol Iben,Nuudi Maileen,Nuudi Maileen,1,2,23,,
2026-08-05,itf_femenino,W15,W15 Kursumlijska Banja 12,clay,Herazo Gonzalez Maria Fernanda,Korokozidi Elena,Herazo Gonzalez Maria Fernanda,2,1,27,,
2026-08-05,itf_femenino,W15,W15 Kursumlijska Banja 12,clay,Horvit Mia,Dorofeeva Rybas Felitsata,Dorofeeva Rybas Felitsata,0,2,17,,
2026-08-05,itf_femenino,W15,W15 Kursumlijska Banja 12,clay,Torres Murcia M. C.,Drame P.,Drame P.,0,2,21,,
2026-08-05,itf_femenino,W15,W15 Kursumlijska Banja 12,clay,El Aouni Aya,Velikova Darya,El Aouni Aya,2,0,20,,
2026-08-05,itf_femenino,W15,W15 Kursumlijska Banja 12,clay,Munk Mortensen Rebecca,Stevic Helena,Munk Mortensen Rebecca,2,0,18,,
2026-08-05,itf_femenino,W15,W15 Kursumlijska Banja 12,clay,Vaja Klara,Krastenova Galena,Krastenova Galena,0,2,15,,
2026-08-05,itf_femenino,W15,W15 Kursumlijska Banja 12,clay,Paoletti Matilde,Masiianskaia Mariia,Masiianskaia Mariia,0,2,30,,
2026-08-06,itf_femenino,W15,W15 Tianjin,hard,Cheuk S. Y.,Shao Y.,Cheuk S. Y.,2,0,16,,
2026-08-06,itf_femenino,W15,W15 Tianjin,hard,Zhu Chenting,Dong Jiali,Zhu Chenting,2,0,15,,
2026-08-05,itf_femenino,W35,W35 Chacabuco,clay,Carrocera M.,Larraya Guidi S. A.,Larraya Guidi S. A.,0,2,21,,
2026-08-05,itf_femenino,W35,W35 Chacabuco,clay,Cinalli L. M.,Rain Contreras F.,Cinalli L. M.,2,0,15,,
2026-08-05,itf_femenino,W35,W35 Chacabuco,clay,Konishi Silva J.,Brayotta M. C.,Konishi Silva J.,2,0,17,,
2026-08-05,itf_femenino,W35,W35 Chacabuco,clay,Zornada Emily,Rodero Camila,Rodero Camila,0,2,22,,
2026-08-05,itf_femenino,W35,W35 Chacabuco,clay,Moron F. B.,Estevez J.,Estevez J.,0,2,15,,
2026-08-05,itf_femenino,W35,W35 Chacabuco,clay,Gobbi Monllau A. V.,Bulbarella M.,Gobbi Monllau A. V.,2,0,15,,
2026-08-05,itf_femenino,W35,W35 Chacabuco,clay,Sanchez A. S.,Sousa Salazar N.,Sanchez A. S.,2,0,15,,
2026-08-05,itf_femenino,W35,W35 Chacabuco,clay,Ccuno Romina,Meabe Sofia,Meabe Sofia,0,2,15,,
2026-08-05,itf_femenino,W35,W35 Chacabuco,clay,Bonardi Berta,Bosio Victoria,Bosio Victoria,0,2,21,,
2026-08-05,itf_femenino,W35,W35 Roehampton,hard,Glushko Lina,Chaudhari Vaidehi,Glushko Lina,2,1,29,,
2026-08-05,itf_femenino,W35,W35 Roehampton,hard,Mushika Mao,Sato H.,Sato H.,1,2,39,,
2026-08-05,itf_femenino,W35,W35 Roehampton,hard,Rajeshwaran Revathi Maaya,Mcdonald Ella,Mcdonald Ella,0,2,19,,
2026-08-05,itf_femenino,W35,W35 Roehampton,hard,Bains Naiktha,Allen Victoria,Bains Naiktha,2,1,34,,
2026-08-05,itf_femenino,W35,W35 Roehampton,hard,Burrage Jodie,Adeshina Esther,Burrage Jodie,2,0,15,,
2026-08-05,itf_femenino,W35,W35 Roehampton,hard,Xu Mingge,Maloney Eliz,Maloney Eliz,0,2,18,,
2026-08-05,itf_femenino,W35,W35 Roehampton,hard,Ishii Sayaka,Rajecki Amelia,Rajecki Amelia,0,2,21,,
2026-08-05,itf_femenino,W35,W35 Southaven; MS,hard,Ahn Alyssa,Sahdiieva Anita,Ahn Alyssa,2,1,23,,
2026-08-05,itf_femenino,W35,W35 Southaven; MS,hard,Chan Jo Yee,Defalco Jenna,Defalco Jenna,0,2,23,,
2026-08-05,itf_femenino,W35,W35 Southaven; MS,hard,Voloshchuk Angelina,Hui Katherine,Voloshchuk Angelina,2,1,27,,
2026-08-05,itf_femenino,W35,W35 Southaven; MS,hard,Lutkemeyer Anne Christine,Rodriguez Victoria,Lutkemeyer Anne Christine,2,0,35,,
2026-08-05,itf_femenino,W35,W35 Southaven; MS,hard,Nishimura Kayo,Guzman Dana,Guzman Dana,0,2,14,,
2026-08-05,itf_femenino,W35,W35 Southaven; MS,hard,Nahum Gloriana,Cabezas Dominguez Sofia Elena,Nahum Gloriana,2,1,21,,
2026-08-05,itf_femenino,W35,W35 Southaven; MS,hard,Tian Fangran,Crossley Mayu,Crossley Mayu,0,2,24,,
2026-08-05,itf_femenino,W35,W35 Southaven; MS,hard,Charney Piper,Lu Jia Jing,Lu Jia Jing,0,2,24,,
2026-08-06,itf_femenino,W35,W35 Southaven; MS,hard,Ivanova Dasha,Schuman Aspen,Schuman Aspen,0,2,32,,
2026-08-06,itf_femenino,W35,W35 Southaven; MS,hard,Shcherbinina Alina,Tanguilig Carson,Tanguilig Carson,1,2,34,,
2026-08-06,itf_femenino,W35,W35 Southaven; MS,hard,Teixido Garcia Maria Aran,Zhu Amy,Teixido Garcia Maria Aran,2,0,15,,
2026-08-05,itf_femenino,W75,W75 Koksijde,clay,Bennemann Eva,Chiesa Deborah,Bennemann Eva,2,0,22,,
2026-08-05,itf_femenino,W75,W75 Koksijde,clay,Cherubini Diletta,Di Girolami Tilwith,Di Girolami Tilwith,0,2,22,,
2026-08-05,itf_femenino,W75,W75 Koksijde,clay,Szabo B.,Zolotareva A.,Szabo B.,2,0,22,,
2026-08-05,itf_femenino,W75,W75 Koksijde,clay,Maquet M.,Bertea E. R.,Bertea E. R.,0,2,17,,
2026-08-05,itf_femenino,W75,W75 Koksijde,clay,Pieri Tatiana,Gadamauri Tamila,Pieri Tatiana,2,0,18,,
2026-08-05,itf_femenino,W75,W75 Koksijde,clay,Palicova Barbora,Nguyen Tan Lucie,Palicova Barbora,2,0,14,,
2026-08-05,itf_femenino,W75,W75 Koksijde,clay,Rouvroy Margaux,Lansere Sofya,Lansere Sofya,0,2,27,,
2026-08-05,itf_femenino,W75,W75 Koksijde,clay,Wolff Vivian,Mintegi Del Olmo Ane,Mintegi Del Olmo Ane,0,2,19,,
2026-08-05,itf_femenino,W75,W75 Koksijde,clay,Papamichail Despina,Otzipka Jana,Otzipka Jana,0,2,17,,
2026-08-05,itf_femenino,W75,W75 Koksijde,clay,Urgesi Federica,Matoula Martha,Matoula Martha,0,2,17,,
2026-08-05,itf_femenino,W75,W75 Koksijde,clay,Basiletti Noemi,Lim Jenny,Basiletti Noemi,2,0,19,,
2026-08-05,itf_femenino,W75,W75 Leipzig,clay,Pastikova Julie,Back Dayeon,Pastikova Julie,2,0,16,,
2026-08-05,itf_femenino,W75,W75 Leipzig,clay,Hennemann C. W.,Greiner S.,Hennemann C. W.,2,0,19,,
2026-08-05,itf_femenino,W75,W75 Leipzig,clay,Jakupovic Dalila,Malygina Elena,Malygina Elena,0,2,27,,
2026-08-05,itf_femenino,W75,W75 Leipzig,clay,Zaar Lisa,Schunk Nastasja Mariana,Schunk Nastasja Mariana,0,2,19,,
2026-08-05,itf_femenino,W75,W75 Leipzig,clay,Zantedeschi Aurora,Sakellaridi Sapfo,Zantedeschi Aurora,2,0,17,,
2026-08-05,itf_femenino,W75,W75 Leipzig,clay,Encheva Lidia,Taraba Wallberg Nellie,Encheva Lidia,2,1,27,,
2026-08-05,itf_femenino,W75,W75 Leipzig,clay,Lee G. S.,Steiner V.,Steiner V.,0,2,14,,
2026-08-05,itf_femenino,W75,W75 Leipzig,clay,Wobker Ida,Yao Xinxin,Wobker Ida,2,0,18,,
2026-08-05,itf_femenino,W75,W75 Leipzig,clay,Tikhonova Anastasia,Giza Lola,Giza Lola,0,2,20,,
2026-08-05,itf_femenino,W75,W75 Ourense,hard,Jorge Francisca,Li Zongyu,Jorge Francisca,2,0,17,,
2026-08-05,itf_femenino,W75,W75 Ourense,hard,Yashina Ekaterina,Dudeney Alicia,Dudeney Alicia,1,2,28,,
2026-08-05,itf_femenino,W75,W75 Ourense,hard,Zhiyenbayeva Sonja,Kubareva Anna,Zhiyenbayeva Sonja,2,0,19,,
2026-08-05,itf_femenino,W75,W75 Ourense,hard,Hodzic Mina,Jorge Matilde,Hodzic Mina,2,0,24,,
2026-08-05,itf_femenino,W75,W75 Ourense,hard,Ren Yufei,Cervino Ruiz Celia,Cervino Ruiz Celia,0,2,18,,
2026-08-05,itf_femenino,W75,W75 Ourense,hard,Savinykh Valeria,Shinikova Isabella,Shinikova Isabella,0,2,17,,
2026-08-05,itf_femenino,W75,W75 Ourense,hard,Minnen Greetje,Yamalapalli Sahaja,Minnen Greetje,2,0,16,,
2026-08-05,itf_femenino,W75,W75 Ourense,hard,Morvayova Viktoria,Saigo Rina,Saigo Rina,1,2,37,,
2026-08-05,itf_femenino,W75,W75 Ourense,hard,Toma Maria,Gao Xinyu,Gao Xinyu,0,2,19,,
2026-08-05,itf_femenino,W75,W75 Ourense,hard,Gallardo Guevara Carmen,Cortez Llorca Lucia,Gallardo Guevara Carmen,2,0,18,,
