date,home_team,away_team,home_goals,away_goals,sede_ciudad,sede_pais,sede_nombre,competicion,odd_home,odd_draw,odd_away,tournament,stadium,MATCH_ID,elo_diff,home_corners,away_corners,home_yellow,away_yellow,home_red,away_red,home_shots_on,away_shots_on,home_shots_off,away_shots_off,home_fouls,away_fouls,home_possession,away_possession,home_offsides,away_offsides,stats_origen,home_xg,away_xg
2019-07-24 00:30:00,Chicago Fire,Cruz Azul,0.0,2.0,"Bridgeview, Illinois",USA,SeatGeek Stadium,leagues_cup,,,,Leagues Cup,,20190724_Chicago-Fire_Cruz-Azul,0.0,2.0,2.0,3.0,0.0,0.0,0.0,0.0,5.0,0.0,11.0,,,44.3,55.7,,,,0.58,0.94
2019-07-24 03:00:00,Los Angeles Galaxy,Club Tijuana,2.0,2.0,"Carson, California",USA,Dignity Health Sports Park,leagues_cup,,,,Leagues Cup,,20190724_Los-Angeles-Galaxy_Club-Tijuana,0.0,2.0,2.0,2.0,1.0,0.0,0.0,2.0,2.0,6.0,2.0,,,47.5,52.5,,,,0.5,0.58
2019-07-25 00:30:00,Houston Dynamo,Club America,1.0,1.0,"Houston, Texas",USA,Shell Energy Stadium,leagues_cup,,,,Leagues Cup,,20190725_Houston-Dynamo_Club-America,0.0,2.0,3.0,2.0,3.0,0.0,0.0,3.0,2.0,5.0,5.0,,,47.9,52.1,,,,0.41,0.69
2019-07-25 02:30:00,Real Salt Lake,Tigres UANL,0.0,1.0,"Sandy, Utah",USA,America First Field,leagues_cup,,,,Leagues Cup,,20190725_Real-Salt-Lake_Tigres-UANL,0.0,7.0,7.0,1.0,5.0,0.0,0.0,2.0,4.0,5.0,8.0,,,56.1,43.9,,,,0.91,1.24
2019-08-21 00:30:00,Club America,Tigres UANL,2.0,2.0,"Houston, Texas",USA,Shell Energy Stadium,leagues_cup,,,,Leagues Cup,,20190821_Club-America_Tigres-UANL,-12.0,2.0,5.0,1.0,1.0,0.0,0.0,3.0,2.0,6.0,5.0,,,57.7,42.3,,,,0.87,0.32
2019-08-21 02:30:00,Cruz Azul,Los Angeles Galaxy,2.0,1.0,"Carson, California",USA,Dignity Health Sports Park,leagues_cup,,,,Leagues Cup,,20190821_Cruz-Azul_Los-Angeles-Galaxy,12.0,4.0,8.0,3.0,0.0,0.0,0.0,3.0,3.0,9.0,5.0,,,47.9,52.1,,,,0.86,0.76
2019-09-19 02:30:00,Tigres UANL,Cruz Azul,1.0,2.0,,,Sam Boyd Stadium,leagues_cup,,,,Leagues Cup,,20190919_Tigres-UANL_Cruz-Azul,-12.0,1.0,4.0,1.0,2.0,0.0,1.0,1.0,2.0,1.0,3.0,,,52.7,47.3,,,,0.49,0.35
2021-08-11 00:00:00,Sporting Kansas City,Club Leon,1.0,6.0,,,,leagues_cup,,,,Leagues Cup,,20210811_Sporting-Kansas-City_Club-Leon,0.0,5.0,2.0,0.0,0.0,0.0,0.0,4.0,8.0,7.0,3.0,11.0,11.0,42.4,57.6,1.0,3.0,espn,1.64,2.23
2021-08-11 02:00:00,Seattle Sounders,Tigres UANL,3.0,0.0,,,,leagues_cup,,,,Leagues Cup,,20210811_Seattle-Sounders_Tigres-UANL,0.0,4.0,8.0,2.0,1.0,0.0,0.0,5.0,1.0,4.0,15.0,17.0,12.0,47.4,52.6,1.0,1.0,espn,1.49,0.76
2021-08-12 02:58:00,New York City,UNAM Pumas,1.0,1.0,,,,leagues_cup,,,,Leagues Cup,,20210812_New-York-City_UNAM-Pumas,0.0,6.0,4.0,1.0,1.0,0.0,0.0,4.0,3.0,14.0,4.0,13.0,12.0,61.2,38.8,6.0,0.0,espn,1.07,1.74
2021-08-12 23:00:00,Orlando City,Santos Laguna,0.0,1.0,,,,leagues_cup,,,,Leagues Cup,,20210812_Orlando-City_Santos-Laguna,0.0,7.0,6.0,3.0,0.0,1.0,0.0,2.0,4.0,11.0,9.0,10.0,14.0,53.1,46.9,0.0,2.0,espn,1.67,1.0
2021-09-15 02:00:00,Seattle Sounders,Santos Laguna,1.0,0.0,"Seattle, Washington",USA,Lumen Field,leagues_cup,,,,Leagues Cup,,20210915_Seattle-Sounders_Santos-Laguna,0.0,6.0,8.0,2.0,1.0,0.0,0.0,4.0,2.0,9.0,11.0,13.0,14.0,44.3,55.7,1.0,3.0,espn,1.39,1.11
2021-09-16 03:00:00,Club Leon,UNAM Pumas,2.0,0.0,"Houston, Texas",USA,Shell Energy Stadium,leagues_cup,,,,Leagues Cup,,20210916_Club-Leon_UNAM-Pumas,12.0,5.0,0.0,2.0,2.0,0.0,1.0,6.0,1.0,3.0,5.0,11.0,14.0,74.8,25.2,4.0,0.0,espn,1.64,0.05
2021-09-23 02:00:00,Club Leon,Seattle Sounders,3.0,2.0,"Las Vegas, Nevada",USA,Allegiant Stadium,leagues_cup,,,,Leagues Cup,,20210923_Club-Leon_Seattle-Sounders,-0.4143005863770668,3.0,2.0,2.0,4.0,0.0,0.0,4.0,2.0,4.0,8.0,13.0,17.0,61.7,38.3,0.0,1.0,espn,2.02,1.54
2023-07-22 00:00:00,Cruz Azul,Inter Miami,1.0,2.0,"Fort Lauderdale, Florida",USA,Chase Stadium,leagues_cup,,,,Leagues Cup,,20230722_Cruz-Azul_Inter-Miami,35.171398827245866,8.0,4.0,1.0,1.0,0.0,0.0,8.0,6.0,10.0,6.0,12.0,14.0,47.6,52.4,0.0,0.0,espn,1.63,1.47
2023-07-22 00:00:00,Orlando City,Houston Dynamo,1.0,1.0,"Orlando, Florida",USA,Inter&Co Stadium,leagues_cup,,,,Leagues Cup,,20230722_Orlando-City_Houston-Dynamo,-12.0,8.0,2.0,4.0,0.0,0.0,0.0,5.0,1.0,11.0,6.0,12.0,10.0,54.8,45.2,0.0,0.0,espn,1.05,1.66
2023-07-22 00:30:00,Austin FC,Mazatlan FC,1.0,3.0,"Austin, Texas",USA,Q2 Stadium,leagues_cup,,,,Leagues Cup,,20230722_Austin-FC_Mazatlan-FC,0.0,12.0,2.0,1.0,0.0,0.0,0.0,3.0,5.0,7.0,5.0,6.0,8.0,65.1,34.9,0.0,0.0,espn,0.85,1.85
2023-07-22 01:00:00,FC Dallas,Charlotte,2.0,2.0,Toyota Stadium,USA,Toyota Stadium,leagues_cup,,,,Leagues Cup,,20230722_FC-Dallas_Charlotte,0.0,1.0,5.0,1.0,3.0,0.0,0.0,6.0,4.0,4.0,1.0,8.0,9.0,38.0,62.0,0.0,0.0,espn,0.54,1.61
2023-07-22 02:30:00,Club Leon,Vancouver Whitecaps,2.0,2.0,Vancouver,Canada,BC Place,leagues_cup,,,,Leagues Cup,,20230722_Club-Leon_Vancouver-Whitecaps,35.600008842153784,11.0,2.0,4.0,1.0,0.0,0.0,4.0,2.0,10.0,6.0,13.0,13.0,64.7,35.3,0.0,0.0,espn,1.6,1.13
2023-07-22 23:30:00,CF Montreal,UNAM Pumas,2.0,2.0,Montreal,Canada,Stade Saputo,leagues_cup,,,,Leagues Cup,,20230722_CF-Montreal_UNAM-Pumas,11.585699413622933,4.0,2.0,3.0,2.0,0.0,0.0,4.0,3.0,3.0,10.0,16.0,20.0,46.5,53.5,2.0,0.0,espn,0.84,1.38
2023-07-22 23:30:00,New York Red Bulls,New England Revolution,0.0,0.0,"Harrison, New Jersey",USA,Sports Illustrated Stadium,leagues_cup,,,,Leagues Cup,,20230722_New-York-Red-Bulls_New-England-Revolution,0.0,6.0,4.0,1.0,1.0,0.0,0.0,3.0,2.0,8.0,5.0,12.0,10.0,48.3,51.7,0.0,0.0,espn,1.13,0.97
2023-07-23 00:00:00,Philadelphia Union,Club Tijuana,3.0,1.0,"Chester, Pennsylvania",USA,Subaru Park,leagues_cup,,,,Leagues Cup,,20230723_Philadelphia-Union_Club-Tijuana,0.0,6.0,2.0,2.0,0.0,0.0,2.0,17.0,5.0,10.0,9.0,14.0,16.0,61.6,38.4,0.0,0.0,espn,1.25,1.68
2023-07-23 01:30:00,Real Salt Lake,Seattle Sounders,3.0,0.0,"Sandy, Utah",USA,America First Field,leagues_cup,,,,Leagues Cup,,20230723_Real-Salt-Lake_Seattle-Sounders,-23.98569057146915,4.0,4.0,3.0,1.0,1.0,0.0,8.0,1.0,11.0,6.0,11.0,5.0,47.5,52.5,0.0,1.0,espn,1.2,0.79
2023-07-23 02:00:00,Portland Timbers,San Jose Earthquakes,2.0,0.0,"Portland, Oregon",USA,Providence Park,leagues_cup,,,,Leagues Cup,,20230723_Portland-Timbers_San-Jose-Earthquakes,0.0,0.0,5.0,1.0,1.0,0.0,0.0,5.0,3.0,7.0,8.0,12.0,9.0,48.9,51.1,0.0,0.0,espn,1.14,0.13
2023-07-23 23:00:00,New York City,Atlas,0.0,1.0,"New York, New York",USA,Citi Field,leagues_cup,,,,Leagues Cup,,20230723_New-York-City_Atlas,0.0,1.0,7.0,1.0,3.0,0.0,0.0,2.0,5.0,8.0,5.0,15.0,20.0,66.7,33.3,0.0,0.0,espn,0.45,0.76
2023-07-23 23:30:00,FC Cincinnati,Sporting Kansas City,3.0,3.0,"Cincinnati, Ohio",USA,TQL Stadium,leagues_cup,,,,Leagues Cup,,20230723_FC-Cincinnati_Sporting-Kansas-City,12.0,5.0,5.0,5.0,5.0,0.0,1.0,8.0,4.0,13.0,7.0,10.0,12.0,58.4,41.6,0.0,0.0,espn,1.44,1.93
2023-07-24 00:30:00,Nashville SC,Colorado Rapids,2.0,1.0,"Nashville, Tennessee",USA,GEODIS Park,leagues_cup,,,,Leagues Cup,,20230724_Nashville-SC_Colorado-Rapids,0.0,5.0,0.0,1.0,0.0,0.0,0.0,6.0,4.0,14.0,14.0,7.0,6.0,51.2,48.8,2.0,0.0,espn,1.77,0.54
2023-07-24 01:00:00,Puebla,Minnesota United,0.0,4.0,"Saint Paul, Minnesota",USA,Allianz Field,leagues_cup,,,,Leagues Cup,,20230724_Puebla_Minnesota-United,0.0,6.0,4.0,3.0,0.0,0.0,1.0,4.0,7.0,10.0,6.0,15.0,15.0,69.0,31.0,1.0,1.0,espn,0.64,2.32
2023-07-24 03:16:00,Columbus Crew,St. Louis City,2.0,1.0,"Columbus, Ohio",USA,ScottsMiracle-Gro Field,leagues_cup,,,,Leagues Cup,,20230724_Columbus-Crew_St.-Louis-City,0.0,8.0,4.0,2.0,2.0,0.0,0.0,9.0,2.0,10.0,9.0,8.0,15.0,64.5,35.5,2.0,2.0,espn,1.29,1.24
2023-07-25 23:30:00,Inter Miami,Atlanta Utd,4.0,0.0,"Fort Lauderdale, Florida",USA,Chase Stadium,leagues_cup,,,,Leagues Cup,,20230725_Inter-Miami_Atlanta-Utd,13.210644421079905,2.0,8.0,0.0,0.0,1.0,0.0,7.0,6.0,5.0,4.0,8.0,9.0,61.1,38.9,3.0,2.0,espn,1.8,0.24
2023-07-26 00:30:00,Santos Laguna,Houston Dynamo,2.0,2.0,"Houston, Texas",USA,Shell Energy Stadium,leagues_cup,,,,Leagues Cup,,20230726_Santos-Laguna_Houston-Dynamo,0.4143005863770668,9.0,2.0,3.0,0.0,0.0,0.0,10.0,6.0,9.0,6.0,7.0,10.0,38.2,61.8,3.0,2.0,espn,1.11,0.76
2023-07-26 01:30:00,FC Dallas,Necaxa,3.0,0.0,Toyota Stadium,USA,Toyota Stadium,leagues_cup,,,,Leagues Cup,,20230726_FC-Dallas_Necaxa,0.0,3.0,3.0,2.0,4.0,0.0,1.0,3.0,3.0,7.0,5.0,20.0,13.0,59.3,40.7,4.0,2.0,espn,1.06,1.22
2023-07-26 01:30:00,Mazatlan FC,Juarez,1.0,1.0,"Austin, Texas",USA,Q2 Stadium,leagues_cup,,,,Leagues Cup,,20230726_Mazatlan-FC_Juarez,12.0,6.0,10.0,0.0,1.0,0.0,0.0,2.0,2.0,6.0,10.0,13.0,5.0,41.6,58.4,1.0,3.0,espn,0.94,0.3
2023-07-26 23:30:00,Atl. San Luis,New England Revolution,1.0,5.0,"Foxborough, Massachusetts",USA,Gillette Stadium,leagues_cup,,,,Leagues Cup,,20230726_Atl.-San-Luis_New-England-Revolution,0.0,6.0,2.0,2.0,1.0,0.0,0.0,7.0,8.0,8.0,8.0,10.0,6.0,48.2,51.8,4.0,1.0,espn,1.19,1.94
2023-07-26 23:30:00,CF Montreal,DC United,0.0,1.0,Montreal,Canada,Stade Saputo,leagues_cup,,,,Leagues Cup,,20230726_CF-Montreal_DC-United,-0.4000076259508205,6.0,3.0,2.0,1.0,0.0,0.0,5.0,3.0,9.0,5.0,12.0,8.0,54.4,45.6,0.0,3.0,espn,0.14,1.41
2023-07-26 23:30:00,New York City,Toronto FC,5.0,0.0,"Harrison, New Jersey",USA,Sports Illustrated Stadium,leagues_cup,,,,Leagues Cup,,20230726_New-York-City_Toronto-FC,-12.0,4.0,3.0,1.0,1.0,0.0,1.0,8.0,1.0,3.0,4.0,10.0,8.0,50.7,49.3,1.0,1.0,espn,1.9,0.05
2023-07-26 23:30:00,Philadelphia Union,Queretaro,5.0,1.0,"Chester, Pennsylvania",USA,Subaru Park,leagues_cup,,,,Leagues Cup,,20230726_Philadelphia-Union_Queretaro,12.0,4.0,5.0,2.0,1.0,0.0,0.0,6.0,4.0,6.0,5.0,15.0,17.0,50.4,49.6,2.0,1.0,espn,1.7,0.18
2023-07-27 01:30:00,Monterrey,Real Salt Lake,3.0,0.0,"Sandy, Utah",USA,America First Field,leagues_cup,,,,Leagues Cup,,20230727_Monterrey_Real-Salt-Lake,-0.8271227927348264,5.0,4.0,2.0,1.0,0.0,0.0,5.0,3.0,3.0,12.0,10.0,13.0,46.6,53.4,0.0,0.0,espn,1.1,0.89
2023-07-27 02:30:00,Los Angeles Galaxy,Club Leon,0.0,1.0,"Carson, California",USA,Dignity Health Sports Park,leagues_cup,,,,Leagues Cup,,20230727_Los-Angeles-Galaxy_Club-Leon,-45.960412674696954,2.0,6.0,1.0,2.0,0.0,0.0,3.0,5.0,7.0,7.0,11.0,17.0,55.3,44.7,1.0,5.0,espn,1.04,1.21
2023-07-27 03:00:00,Tigres UANL,Portland Timbers,2.0,1.0,"Portland, Oregon",USA,Providence Park,leagues_cup,,,,Leagues Cup,,20230727_Tigres-UANL_Portland-Timbers,-24.0,5.0,5.0,4.0,0.0,0.0,1.0,3.0,2.0,6.0,6.0,14.0,16.0,65.7,34.3,0.0,0.0,espn,1.24,0.71
2023-07-28 00:30:00,Minnesota United,Chicago Fire,2.0,3.0,"Saint Paul, Minnesota",USA,Allianz Field,leagues_cup,,,,Leagues Cup,,20230728_Minnesota-United_Chicago-Fire,24.0,3.0,4.0,2.0,2.0,0.0,0.0,5.0,4.0,11.0,6.0,16.0,11.0,45.4,54.6,0.0,0.0,espn,1.33,1.28
2023-07-28 00:30:00,Nashville SC,Toluca,3.0,4.0,"Nashville, Tennessee",USA,GEODIS Park,leagues_cup,,,,Leagues Cup,,20230728_Nashville-SC_Toluca,12.0,2.0,1.0,3.0,2.0,1.0,0.0,5.0,9.0,7.0,7.0,9.0,15.0,38.9,61.1,2.0,0.0,espn,1.3,2.29
2023-07-28 02:00:00,Club America,St. Louis City,4.0,0.0,"St. Louis, Missouri",USA,Energizer Park,leagues_cup,,,,Leagues Cup,,20230728_Club-America_St.-Louis-City,12.414300586377067,2.0,1.0,1.0,4.0,0.0,0.0,7.0,4.0,9.0,5.0,10.0,12.0,61.1,38.9,0.0,1.0,espn,1.64,0.29
2023-07-28 18:05:00,Guadalajara Chivas,FC Cincinnati,1.0,3.0,"Cincinnati, Ohio",USA,TQL Stadium,leagues_cup,,,,Leagues Cup,,20230728_Guadalajara-Chivas_FC-Cincinnati,0.4143005863770668,15.0,3.0,1.0,2.0,1.0,0.0,1.0,6.0,10.0,7.0,11.0,9.0,46.0,54.0,1.0,0.0,espn,1.44,1.0
2023-07-29 23:00:00,Cruz Azul,Atlanta Utd,1.0,1.0,"Atlanta, Georgia",USA,Mercedes-Benz Stadium,leagues_cup,,,,Leagues Cup,,20230729_Cruz-Azul_Atlanta-Utd,33.50469467721905,6.0,6.0,3.0,5.0,0.0,0.0,3.0,4.0,3.0,11.0,18.0,15.0,40.0,60.0,0.0,1.0,espn,0.91,1.25
2023-07-29 23:30:00,Necaxa,Charlotte,1.0,4.0,"Charlotte, North Carolina",USA,Bank of America Stadium,leagues_cup,,,,Leagues Cup,,20230729_Necaxa_Charlotte,-12.0,4.0,5.0,4.0,4.0,1.0,0.0,2.0,7.0,7.0,3.0,14.0,17.0,31.3,68.7,1.0,0.0,espn,0.17,1.57
2023-07-29 23:57:00,Santos Laguna,Orlando City,2.0,3.0,"Orlando, Florida",USA,Inter&Co Stadium,leagues_cup,,,,Leagues Cup,,20230729_Santos-Laguna_Orlando-City,11.571389985092082,3.0,3.0,4.0,3.0,0.0,0.0,5.0,5.0,11.0,6.0,13.0,14.0,45.8,54.2,1.0,1.0,espn,1.2,1.07
2023-07-30 01:00:00,Austin FC,Juarez,1.0,3.0,"Austin, Texas",USA,Q2 Stadium,leagues_cup,,,,Leagues Cup,,20230730_Austin-FC_Juarez,-12.414300586377067,4.0,4.0,2.0,3.0,0.0,0.0,5.0,6.0,11.0,13.0,7.0,7.0,61.2,38.8,2.0,0.0,espn,1.68,0.6
2023-07-30 01:00:00,UNAM Pumas,DC United,3.0,0.0,"Washington, District of Columbia",USA,Audi Field,leagues_cup,,,,Leagues Cup,,20230730_UNAM-Pumas_DC-United,-23.17187601982755,6.0,4.0,0.0,2.0,0.0,0.0,6.0,0.0,13.0,5.0,15.0,10.0,47.3,52.7,2.0,2.0,espn,1.59,1.42
2023-07-30 23:30:00,Atlas,Toronto FC,1.0,0.0,Toronto,Canada,BMO Field,leagues_cup,,,,Leagues Cup,,20230730_Atlas_Toronto-FC,24.414300586377067,4.0,5.0,1.0,1.0,0.0,0.0,4.0,6.0,8.0,7.0,21.0,12.0,52.4,47.6,2.0,0.0,espn,0.4,0.83
2023-07-30 23:30:00,Club Tijuana,Queretaro,0.0,1.0,"Chester, Pennsylvania",USA,Subaru Park,leagues_cup,,,,Leagues Cup,,20230730_Club-Tijuana_Queretaro,-0.4143005863770668,11.0,3.0,0.0,2.0,0.0,0.0,5.0,2.0,11.0,7.0,12.0,15.0,64.3,35.7,3.0,1.0,espn,1.11,0.47
2023-07-30 23:30:00,New York Red Bulls,Atl. San Luis,2.0,1.0,"Harrison, New Jersey",USA,Sports Illustrated Stadium,leagues_cup,,,,Leagues Cup,,20230730_New-York-Red-Bulls_Atl.-San-Luis,12.0,13.0,3.0,3.0,3.0,0.0,0.0,6.0,5.0,12.0,7.0,17.0,13.0,44.9,55.1,2.0,1.0,espn,2.63,1.39
2023-07-31 01:00:00,Los Angeles Galaxy,Vancouver Whitecaps,1.0,2.0,"Carson, California",USA,Dignity Health Sports Park,leagues_cup,,,,Leagues Cup,,20230731_Los-Angeles-Galaxy_Vancouver-Whitecaps,-23.232773748391764,4.0,5.0,1.0,1.0,0.0,0.0,3.0,3.0,13.0,7.0,13.0,9.0,61.4,38.6,0.0,0.0,espn,0.1,0.89
2023-07-31 01:00:00,Monterrey,Seattle Sounders,4.0,2.0,"Seattle, Washington",USA,Lumen Field,leagues_cup,,,,Leagues Cup,,20230731_Monterrey_Seattle-Sounders,12.869999976485815,8.0,6.0,1.0,2.0,0.0,1.0,9.0,5.0,8.0,5.0,10.0,13.0,50.6,49.4,0.0,0.0,espn,1.95,0.58
2023-07-31 03:00:00,Tigres UANL,San Jose Earthquakes,1.0,0.0,"San Jose, California",USA,PayPal Park,leagues_cup,,,,Leagues Cup,,20230731_Tigres-UANL_San-Jose-Earthquakes,12.827614673444032,7.0,10.0,1.0,2.0,0.0,0.0,4.0,4.0,7.0,13.0,8.0,9.0,56.2,43.8,0.0,0.0,espn,0.86,1.33
2023-08-01 00:00:00,Club America,Columbus Crew,1.0,4.0,"Columbus, Ohio",USA,ScottsMiracle-Gro Field,leagues_cup,,,,Leagues Cup,,20230801_Club-America_Columbus-Crew,-0.014291783607177422,1.0,0.0,0.0,0.0,0.0,0.0,9.0,6.0,6.0,5.0,13.0,11.0,52.1,47.9,4.0,1.0,espn,0.56,1.84
2023-08-01 00:00:00,Puebla,Chicago Fire,1.0,1.0,"Bridgeview, Illinois",USA,SeatGeek Stadium,leagues_cup,,,,Leagues Cup,,20230801_Puebla_Chicago-Fire,-12.827614673444032,7.0,14.0,1.0,2.0,1.0,0.0,5.0,9.0,9.0,12.0,10.0,12.0,52.0,48.0,0.0,0.0,espn,0.25,1.16
2023-08-01 02:00:00,Guadalajara Chivas,Sporting Kansas City,0.0,1.0,"Kansas City, Kansas",USA,Children's Mercy Park,leagues_cup,,,,Leagues Cup,,20230801_Guadalajara-Chivas_Sporting-Kansas-City,-0.4286100149079175,3.0,3.0,3.0,0.0,0.0,0.0,1.0,3.0,6.0,11.0,16.0,9.0,37.2,62.8,0.0,1.0,espn,0.49,0.17
2023-08-01 03:40:00,Toluca,Colorado Rapids,4.0,1.0,"Commerce City, Colorado",USA,Dick's Sporting Goods Park,leagues_cup,,,,Leagues Cup,,20230801_Toluca_Colorado-Rapids,24.414300586377067,6.0,6.0,3.0,3.0,0.0,0.0,6.0,3.0,6.0,12.0,19.0,10.0,62.3,37.7,2.0,2.0,espn,1.43,1.06
2023-08-03 01:00:00,Mazatlan FC,FC Dallas,1.0,2.0,Toyota Stadium,USA,Toyota Stadium,leagues_cup,,,,Leagues Cup,,20230803_Mazatlan-FC_FC-Dallas,-0.4143005863770668,1.0,3.0,2.0,1.0,0.0,0.0,5.0,5.0,4.0,8.0,13.0,14.0,49.6,50.4,1.0,6.0,espn,0.58,0.44
2023-08-03 01:00:00,Pachuca,Houston Dynamo,0.0,0.0,"Houston, Texas",USA,Shell Energy Stadium,leagues_cup,,,,Leagues Cup,,20230803_Pachuca_Houston-Dynamo,0.3999911578462161,8.0,7.0,4.0,3.0,0.0,0.0,2.0,2.0,13.0,10.0,9.0,11.0,49.9,50.1,0.0,0.0,espn,1.13,0.77
2023-08-03 01:35:00,Inter Miami,Orlando City,3.0,1.0,"Fort Lauderdale, Florida",USA,Chase Stadium,leagues_cup,,,,Leagues Cup,,20230803_Inter-Miami_Orlando-City,23.940770161469345,1.0,5.0,2.0,5.0,0.0,0.0,5.0,3.0,7.0,8.0,13.0,14.0,63.8,36.2,3.0,2.0,espn,1.16,0.34
2023-08-03 02:30:00,Los Angeles FC,Juarez,7.0,1.0,"Los Angeles, California",USA,BMO Stadium,leagues_cup,,,,Leagues Cup,,20230803_Los-Angeles-FC_Juarez,-11.985708216392823,10.0,6.0,1.0,1.0,0.0,0.0,10.0,5.0,10.0,14.0,22.0,18.0,46.7,53.3,1.0,0.0,espn,2.94,1.18
2023-08-04 00:00:00,Atlas,New England Revolution,2.0,2.0,"Foxborough, Massachusetts",USA,Gillette Stadium,leagues_cup,,,,Leagues Cup,,20230804_Atlas_New-England-Revolution,11.158145132947311,3.0,4.0,1.0,2.0,1.0,0.0,8.0,6.0,5.0,9.0,14.0,11.0,42.7,57.3,3.0,1.0,espn,1.09,1.3
2023-08-04 00:00:00,New York Red Bulls,New York City,1.0,0.0,"Harrison, New Jersey",USA,Sports Illustrated Stadium,leagues_cup,,,,Leagues Cup,,20230804_New-York-Red-Bulls_New-York-City,11.171398827245866,3.0,2.0,5.0,3.0,0.0,0.0,3.0,3.0,4.0,4.0,24.0,14.0,37.2,62.8,3.0,1.0,espn,1.63,0.45
2023-08-04 00:00:00,Philadelphia Union,DC United,0.0,0.0,"Chester, Pennsylvania",USA,Subaru Park,leagues_cup,,,,Leagues Cup,,20230804_Philadelphia-Union_DC-United,24.398658888846285,3.0,6.0,3.0,0.0,0.0,0.0,3.0,3.0,5.0,7.0,17.0,16.0,51.9,48.1,2.0,0.0,espn,0.72,1.42
2023-08-04 00:00:00,UNAM Pumas,Queretaro,0.0,1.0,"Washington, District of Columbia",USA,Audi Field,leagues_cup,,,,Leagues Cup,,20230804_UNAM-Pumas_Queretaro,1.2134607618604605,8.0,2.0,3.0,3.0,0.0,0.0,6.0,4.0,18.0,6.0,14.0,17.0,65.0,35.0,1.0,3.0,espn,0.78,1.61
2023-08-04 00:30:00,Charlotte,Cruz Azul,0.0,0.0,Toyota Stadium,USA,Toyota Stadium,leagues_cup,,,,Leagues Cup,,20230804_Charlotte_Cruz-Azul,-9.221417728834467,3.0,4.0,1.0,2.0,0.0,0.0,1.0,3.0,3.0,8.0,13.0,13.0,47.6,52.4,3.0,1.0,espn,0.5,0.76
2023-08-05 00:00:00,Chicago Fire,Club America,0.0,1.0,"Bridgeview, Illinois",USA,SeatGeek Stadium,leagues_cup,,,,Leagues Cup,,20230805_Chicago-Fire_Club-America,0.398563926126144,2.0,4.0,4.0,1.0,0.0,1.0,0.0,3.0,5.0,11.0,10.0,10.0,37.7,62.3,0.0,1.0,espn,1.15,0.58
2023-08-05 00:00:00,Columbus Crew,Minnesota United,3.0,3.0,"Columbus, Ohio",USA,ScottsMiracle-Gro Field,leagues_cup,,,,Leagues Cup,,20230805_Columbus-Crew_Minnesota-United,24.827121052725943,8.0,4.0,3.0,2.0,0.0,0.0,8.0,4.0,16.0,10.0,5.0,8.0,68.0,32.0,2.0,1.0,espn,2.1,1.19
2023-08-05 00:00:00,FC Cincinnati,Nashville SC,1.0,1.0,"Cincinnati, Ohio",USA,TQL Stadium,leagues_cup,,,,Leagues Cup,,20230805_FC-Cincinnati_Nashville-SC,12.01430942853085,8.0,5.0,0.0,1.0,0.0,0.0,4.0,5.0,9.0,3.0,11.0,13.0,66.2,33.8,1.0,2.0,espn,0.05,0.22
2023-08-05 01:00:00,Club Leon,Real Salt Lake,1.0,3.0,"Sandy, Utah",USA,America First Field,leagues_cup,,,,Leagues Cup,,20230805_Club-Leon_Real-Salt-Lake,55.9979369772484,5.0,5.0,2.0,2.0,0.0,0.0,2.0,6.0,6.0,12.0,13.0,8.0,51.2,48.8,1.0,1.0,espn,1.68,0.52
2023-08-05 01:00:00,Toluca,Sporting Kansas City,4.0,1.0,"Kansas City, Kansas",USA,Children's Mercy Park,leagues_cup,,,,Leagues Cup,,20230805_Toluca_Sporting-Kansas-City,23.172948790903092,3.0,11.0,2.0,1.0,0.0,0.0,8.0,2.0,7.0,10.0,8.0,12.0,46.6,53.4,0.0,3.0,espn,2.37,0.05
2023-08-05 02:00:00,Monterrey,Portland Timbers,1.0,0.0,"Portland, Oregon",USA,Providence Park,leagues_cup,,,,Leagues Cup,,20230805_Monterrey_Portland-Timbers,24.411871582293088,4.0,8.0,4.0,3.0,0.0,0.0,5.0,4.0,8.0,13.0,9.0,12.0,51.4,48.6,5.0,0.0,espn,1.39,0.93
2023-08-05 02:30:00,Tigres UANL,Vancouver Whitecaps,1.0,1.0,Vancouver,Canada,BC Place,leagues_cup,,,,Leagues Cup,,20230805_Tigres-UANL_Vancouver-Whitecaps,-0.039292130043577345,2.0,2.0,2.0,2.0,0.0,0.0,3.0,2.0,4.0,6.0,10.0,13.0,59.8,40.2,1.0,1.0,espn,0.63,0.05
2023-08-07 01:30:00,FC Dallas,Inter Miami,4.0,4.0,Toyota Stadium,USA,Toyota Stadium,leagues_cup,,,,Leagues Cup,,20230807_FC-Dallas_Inter-Miami,-11.9433154666483,1.0,1.0,1.0,1.0,0.0,0.0,4.0,5.0,8.0,7.0,9.0,8.0,33.5,66.5,0.0,0.0,espn,0.88,1.38
2023-08-08 00:00:00,Queretaro,New England Revolution,1.0,1.0,"Foxborough, Massachusetts",USA,Gillette Stadium,leagues_cup,,,,Leagues Cup,,20230808_Queretaro_New-England-Revolution,0.056646202133151746,2.0,7.0,3.0,1.0,0.0,0.0,3.0,2.0,7.0,11.0,10.0,7.0,34.7,65.3,3.0,2.0,espn,1.3,1.65
2023-08-08 01:30:00,Charlotte,Houston Dynamo,2.0,1.0,"Houston, Texas",USA,Shell Energy Stadium,leagues_cup,,,,Leagues Cup,,20230808_Charlotte_Houston-Dynamo,12.290297090758486,9.0,2.0,1.0,2.0,0.0,0.0,6.0,3.0,8.0,4.0,15.0,13.0,51.8,48.2,0.0,4.0,espn,0.63,0.42
2023-08-09 00:00:00,Club America,Nashville SC,2.0,2.0,"Nashville, Tennessee",USA,GEODIS Park,leagues_cup,,,,Leagues Cup,,20230809_Club-America_Nashville-SC,11.999474101057785,7.0,6.0,2.0,3.0,0.0,0.0,6.0,6.0,10.0,4.0,9.0,14.0,60.8,39.2,2.0,0.0,espn,0.71,0.39
2023-08-09 00:00:00,Philadelphia Union,New York Red Bulls,1.0,1.0,"Chester, Pennsylvania",USA,Subaru Park,leagues_cup,,,,Leagues Cup,,20230809_Philadelphia-Union_New-York-Red-Bulls,-0.4556037499537524,8.0,1.0,4.0,1.0,0.0,0.0,5.0,1.0,14.0,5.0,10.0,20.0,55.9,44.1,0.0,0.0,espn,1.03,1.42
2023-08-09 00:00:00,Toluca,Minnesota United,2.0,2.0,"Saint Paul, Minnesota",USA,Allianz Field,leagues_cup,,,,Leagues Cup,,20230809_Toluca_Minnesota-United,34.74483798057986,13.0,1.0,3.0,3.0,0.0,1.0,6.0,3.0,23.0,4.0,7.0,14.0,69.8,30.2,1.0,2.0,espn,0.23,0.97
2023-08-09 02:00:00,Tigres UANL,Monterrey,0.0,1.0,"Houston, Texas",USA,Shell Energy Stadium,leagues_cup,,,,Leagues Cup,,20230809_Tigres-UANL_Monterrey,-22.35636265843891,7.0,10.0,6.0,4.0,1.0,0.0,2.0,6.0,6.0,10.0,10.0,15.0,54.2,45.8,1.0,1.0,espn,1.44,0.05
2023-08-09 02:30:00,Los Angeles FC,Real Salt Lake,4.0,0.0,"Los Angeles, California",USA,BMO Stadium,leagues_cup,,,,Leagues Cup,,20230809_Los-Angeles-FC_Real-Salt-Lake,9.697727702046677,7.0,2.0,2.0,0.0,0.0,0.0,9.0,0.0,10.0,10.0,12.0,8.0,53.1,46.9,0.0,0.0,espn,1.7,1.57
2023-08-12 00:30:00,Inter Miami,Charlotte,4.0,0.0,"Fort Lauderdale, Florida",USA,Chase Stadium,leagues_cup,,,,Leagues Cup,,20230812_Inter-Miami_Charlotte,12.036854661601865,3.0,3.0,1.0,2.0,0.0,0.0,7.0,2.0,2.0,7.0,6.0,13.0,62.0,38.0,2.0,3.0,espn,1.48,0.76
2023-08-12 00:30:00,Nashville SC,Minnesota United,5.0,0.0,"Nashville, Tennessee",USA,GEODIS Park,leagues_cup,,,,Leagues Cup,,20230812_Nashville-SC_Minnesota-United,-0.8097107454407251,5.0,0.0,0.0,1.0,0.0,1.0,7.0,3.0,13.0,6.0,11.0,6.0,65.9,34.1,2.0,0.0,espn,1.43,1.41
2023-08-12 01:09:00,Philadelphia Union,Queretaro,2.0,1.0,"Chester, Pennsylvania",USA,Subaru Park,leagues_cup,,,,Leagues Cup,,20230812_Philadelphia-Union_Queretaro,10.320172174625213,4.0,3.0,1.0,4.0,0.0,1.0,6.0,2.0,14.0,2.0,15.0,15.0,43.4,56.6,2.0,2.0,espn,1.38,1.33
2023-08-12 03:00:00,Los Angeles FC,Monterrey,2.0,3.0,"Pasadena, California",USA,Rose Bowl,leagues_cup,,,,Leagues Cup,,20230812_Los-Angeles-FC_Monterrey,-21.89244120133685,3.0,5.0,2.0,4.0,0.0,0.0,7.0,8.0,6.0,12.0,14.0,10.0,30.9,69.1,0.0,0.0,espn,0.1,1.79
2023-08-15 23:00:00,Philadelphia Union,Inter Miami,1.0,4.0,"Chester, Pennsylvania",USA,Subaru Park,leagues_cup,,,,Leagues Cup,,20230815_Philadelphia-Union_Inter-Miami,-12.697312165764743,8.0,0.0,2.0,1.0,0.0,0.0,4.0,4.0,12.0,1.0,15.0,4.0,46.8,53.2,0.0,0.0,espn,1.41,1.83
2023-08-16 01:30:00,Monterrey,Nashville SC,0.0,2.0,"Nashville, Tennessee",USA,GEODIS Park,leagues_cup,,,,Leagues Cup,,20230816_Monterrey_Nashville-SC,44.77350663042398,10.0,6.0,3.0,2.0,0.0,0.0,3.0,7.0,19.0,6.0,10.0,7.0,61.9,38.1,0.0,3.0,espn,0.55,1.66
2023-08-19 22:00:00,Philadelphia Union,Monterrey,3.0,0.0,"Chester, Pennsylvania",USA,Subaru Park,leagues_cup,,,,Leagues Cup,,20230819_Philadelphia-Union_Monterrey,-20.836199701032,9.0,1.0,0.0,1.0,0.0,0.0,9.0,1.0,5.0,9.0,12.0,13.0,45.2,54.8,1.0,0.0,espn,0.99,0.96
2023-08-20 01:00:00,Nashville SC,Inter Miami,1.0,1.0,"Nashville, Tennessee",USA,GEODIS Park,leagues_cup,,,,Leagues Cup,,20230820_Nashville-SC_Inter-Miami,-32.68207392871136,6.0,2.0,1.0,1.0,0.0,0.0,6.0,2.0,5.0,4.0,8.0,9.0,41.5,58.5,0.0,0.0,espn,0.79,0.31
2024-07-27 00:00:00,Atlanta Utd,DC United,3.0,3.0,"Atlanta, Georgia",USA,Mercedes-Benz Stadium,leagues_cup,,,,Leagues Cup,,20240727_Atlanta-Utd_DC-United,-10.418660811287737,2.0,5.0,0.0,2.0,0.0,0.0,7.0,6.0,4.0,11.0,11.0,15.0,47.6,52.4,0.0,5.0,espn,1.64,1.87
2024-07-27 00:00:00,Orlando City,CF Montreal,4.0,1.0,"Orlando, Florida",USA,Inter&Co Stadium,leagues_cup,,,,Leagues Cup,,20240727_Orlando-City_CF-Montreal,2.025585042785451,5.0,2.0,0.0,1.0,0.0,0.0,10.0,4.0,14.0,5.0,13.0,6.0,45.9,54.1,0.0,2.0,espn,2.32,0.98
2024-07-27 01:00:00,UNAM Pumas,Austin FC,2.0,3.0,"Austin, Texas",USA,Q2 Stadium,leagues_cup,,,,Leagues Cup,,20240727_UNAM-Pumas_Austin-FC,13.142948270221268,8.0,3.0,2.0,3.0,0.0,1.0,8.0,4.0,17.0,2.0,8.0,15.0,73.8,26.2,2.0,1.0,espn,1.48,1.17
2024-07-27 02:00:00,Seattle Sounders,Minnesota United,2.0,0.0,"Seattle, Washington",USA,Lumen Field,leagues_cup,,,,Leagues Cup,,20240727_Seattle-Sounders_Minnesota-United,-1.5936418370451975,13.0,4.0,1.0,1.0,0.0,1.0,10.0,4.0,10.0,6.0,9.0,13.0,59.7,40.3,4.0,2.0,espn,1.91,0.86
2024-07-27 03:00:00,Los Angeles FC,Club Tijuana,3.0,0.0,"Los Angeles, California",USA,BMO Stadium,leagues_cup,,,,Leagues Cup,,20240727_Los-Angeles-FC_Club-Tijuana,36.81977641645972,6.0,3.0,4.0,2.0,0.0,0.0,10.0,4.0,10.0,14.0,14.0,13.0,31.1,68.9,2.0,0.0,espn,1.39,0.8
2024-07-28 00:00:00,Houston Dynamo,Atlas,0.0,1.0,"Houston, Texas",USA,Shell Energy Stadium,leagues_cup,,,,Leagues Cup,,20240728_Houston-Dynamo_Atlas,-34.73475000643748,6.0,1.0,1.0,1.0,0.0,0.0,7.0,7.0,6.0,4.0,16.0,11.0,60.3,39.7,3.0,0.0,espn,0.58,0.09
2024-07-28 00:00:00,New England Revolution,Mazatlan FC,1.0,0.0,"Foxborough, Massachusetts",USA,Gillette Stadium,leagues_cup,,,,Leagues Cup,,20240728_New-England-Revolution_Mazatlan-FC,12.787203883552138,4.0,5.0,1.0,3.0,0.0,0.0,3.0,2.0,8.0,14.0,13.0,11.0,52.9,47.1,0.0,0.0,espn,1.1,0.88
2024-07-28 00:00:00,New York Red Bulls,Toronto FC,0.0,0.0,"Harrison, New Jersey",USA,Sports Illustrated Stadium,leagues_cup,,,,Leagues Cup,,20240728_New-York-Red-Bulls_Toronto-FC,46.756695616709976,7.0,3.0,0.0,1.0,0.0,0.0,4.0,4.0,7.0,5.0,12.0,6.0,39.8,60.2,2.0,1.0,espn,0.61,0.89
2024-07-28 00:00:00,Philadelphia Union,Charlotte,1.0,0.0,"Chester, Pennsylvania",USA,Subaru Park,leagues_cup,,,,Leagues Cup,,20240728_Philadelphia-Union_Charlotte,23.6655483420152,5.0,5.0,3.0,1.0,0.0,0.0,5.0,0.0,5.0,7.0,9.0,11.0,48.8,51.2,7.0,3.0,espn,1.43,0.55
2024-07-28 00:00:00,Puebla,Inter Miami,0.0,2.0,"Fort Lauderdale, Florida",USA,Chase Stadium,leagues_cup,,,,Leagues Cup,,20240728_Puebla_Inter-Miami,-69.09440437962212,6.0,3.0,2.0,3.0,0.0,0.0,2.0,9.0,10.0,7.0,18.0,18.0,41.5,58.5,1.0,4.0,espn,0.94,1.11
2024-07-28 01:00:00,St. Louis City,FC Dallas,2.0,1.0,"St. Louis, Missouri",USA,Energizer Park,leagues_cup,,,,Leagues Cup,,20240728_St.-Louis-City_FC-Dallas,-47.969443296115514,4.0,3.0,3.0,2.0,0.0,0.0,6.0,3.0,14.0,9.0,12.0,11.0,45.8,54.2,2.0,3.0,espn,1.04,0.77
2024-07-28 02:00:00,Guadalajara Chivas,San Jose Earthquakes,1.0,1.0,"Santa Clara, California",USA,Levi's Stadium,leagues_cup,,,,Leagues Cup,,20240728_Guadalajara-Chivas_San-Jose-Earthquakes,-0.44235468078204576,4.0,3.0,4.0,6.0,0.0,0.0,6.0,2.0,16.0,5.0,6.0,8.0,63.2,36.8,0.0,0.0,espn,0.83,1.01
2024-07-29 00:00:00,New York City,Queretaro,0.0,0.0,New York City,USA,Yankee Stadium,leagues_cup,,,,Leagues Cup,,20240729_New-York-City_Queretaro,-11.996273154368964,9.0,2.0,3.0,1.0,0.0,0.0,5.0,5.0,14.0,5.0,11.0,16.0,65.6,34.4,2.0,3.0,espn,0.81,0.93
2024-07-29 01:00:00,Sporting Kansas City,Chicago Fire,2.0,1.0,"Kansas City, Kansas",USA,Children's Mercy Park,leagues_cup,,,,Leagues Cup,,20240729_Sporting-Kansas-City_Chicago-Fire,0.8276776647164752,4.0,2.0,0.0,1.0,0.0,0.0,7.0,5.0,10.0,4.0,12.0,10.0,53.1,46.9,1.0,1.0,espn,2.19,1.12
2024-07-29 02:30:00,Club Leon,Portland Timbers,1.0,2.0,"Portland, Oregon",USA,Providence Park,leagues_cup,,,,Leagues Cup,,20240729_Club-Leon_Portland-Timbers,42.86481048933888,5.0,3.0,1.0,3.0,0.0,0.0,4.0,3.0,9.0,11.0,21.0,17.0,48.1,51.9,0.0,2.0,espn,1.19,0.62
2024-07-30 23:00:00,Atl. San Luis,CF Montreal,2.0,3.0,Montreal,Canada,Stade Saputo,leagues_cup,,,,Leagues Cup,,20240730_Atl.-San-Luis_CF-Montreal,0.7305320082737126,1.0,4.0,1.0,2.0,0.0,0.0,6.0,7.0,12.0,8.0,11.0,16.0,57.0,43.0,0.0,0.0,espn,1.03,1.68
2024-07-31 00:00:00,Pachuca,New York Red Bulls,1.0,1.0,"Harrison, New Jersey",USA,Sports Illustrated Stadium,leagues_cup,,,,Leagues Cup,,20240731_Pachuca_New-York-Red-Bulls,-21.592825118957762,3.0,2.0,2.0,4.0,0.0,0.0,2.0,5.0,5.0,12.0,8.0,9.0,64.7,35.3,2.0,0.0,espn,1.17,1.52
2024-07-31 01:00:00,Minnesota United,Necaxa,1.0,0.0,"Saint Paul, Minnesota",USA,Allianz Field,leagues_cup,,,,Leagues Cup,,20240731_Minnesota-United_Necaxa,0.7271778227266168,0.0,20.0,2.0,2.0,1.0,0.0,2.0,14.0,5.0,16.0,12.0,11.0,36.5,63.5,1.0,1.0,espn,1.85,1.17
2024-07-31 01:00:00,Monterrey,Austin FC,0.0,2.0,"Austin, Texas",USA,Q2 Stadium,leagues_cup,,,,Leagues Cup,,20240731_Monterrey_Austin-FC,42.07721835452844,11.0,1.0,2.0,1.0,0.0,0.0,6.0,5.0,15.0,0.0,9.0,5.0,74.7,25.3,1.0,0.0,espn,0.08,1.24
2024-07-31 02:30:00,Los Angeles FC,Vancouver Whitecaps,2.0,2.0,"Los Angeles, California",USA,BMO Stadium,leagues_cup,,,,Leagues Cup,,20240731_Los-Angeles-FC_Vancouver-Whitecaps,11.144414545385416,6.0,2.0,2.0,3.0,0.0,0.0,10.0,4.0,10.0,10.0,11.0,13.0,65.6,34.4,1.0,1.0,espn,1.59,1.3
2024-08-01 00:00:00,Charlotte,Cruz Azul,0.0,0.0,"Charlotte, North Carolina",USA,Bank of America Stadium,leagues_cup,,,,Leagues Cup,,20240801_Charlotte_Cruz-Azul,-19.777199854473565,5.0,4.0,2.0,2.0,0.0,0.0,2.0,4.0,4.0,16.0,5.0,10.0,30.9,69.1,6.0,2.0,espn,0.34,0.87
2024-08-01 00:00:00,Santos Laguna,DC United,0.0,3.0,"Chester, Pennsylvania",USA,Subaru Park,leagues_cup,,,,Leagues Cup,,20240801_Santos-Laguna_DC-United,-12.082441204955785,3.0,5.0,1.0,1.0,0.0,0.0,3.0,5.0,7.0,8.0,12.0,20.0,43.5,56.5,1.0,0.0,espn,1.41,0.86
2024-08-01 01:00:00,FC Dallas,Juarez,0.0,2.0,Toyota Stadium,USA,Toyota Stadium,leagues_cup,,,,Leagues Cup,,20240801_FC-Dallas_Juarez,11.17977711101048,7.0,9.0,2.0,3.0,0.0,0.0,4.0,9.0,6.0,11.0,15.0,7.0,53.6,46.4,1.0,3.0,espn,1.75,1.15
2024-08-01 01:00:00,Nashville SC,Mazatlan FC,0.0,2.0,"Nashville, Tennessee",USA,GEODIS Park,leagues_cup,,,,Leagues Cup,,20240801_Nashville-SC_Mazatlan-FC,39.064677825122544,4.0,4.0,2.0,5.0,0.0,0.0,1.0,6.0,5.0,10.0,11.0,16.0,66.5,33.5,1.0,2.0,espn,0.07,1.37
2024-08-01 01:30:00,Tigres UANL,Puebla,2.0,1.0,"Houston, Texas",USA,Shell Energy Stadium,leagues_cup,,,,Leagues Cup,,20240801_Tigres-UANL_Puebla,22.358905886100956,11.0,3.0,3.0,6.0,0.0,1.0,7.0,3.0,10.0,6.0,15.0,19.0,68.5,31.5,1.0,0.0,espn,1.06,0.57
2024-08-01 02:30:00,San Jose Earthquakes,Los Angeles Galaxy,1.0,2.0,"San Jose, California",USA,PayPal Park,leagues_cup,,,,Leagues Cup,,20240801_San-Jose-Earthquakes_Los-Angeles-Galaxy,9.633811008568728,2.0,6.0,1.0,3.0,0.0,0.0,4.0,9.0,10.0,11.0,8.0,13.0,38.9,61.1,3.0,1.0,espn,0.05,1.72
2024-08-02 00:00:00,FC Cincinnati,Queretaro,1.0,0.0,"Cincinnati, Ohio",USA,TQL Stadium,leagues_cup,,,,Leagues Cup,,20240802_FC-Cincinnati_Queretaro,10.803099364553646,7.0,1.0,2.0,3.0,0.0,0.0,5.0,3.0,17.0,6.0,9.0,13.0,53.6,46.4,1.0,1.0,espn,1.8,0.52
2024-08-02 01:00:00,Real Salt Lake,Atlas,2.0,1.0,"Sandy, Utah",USA,America First Field,leagues_cup,,,,Leagues Cup,,20240802_Real-Salt-Lake_Atlas,-42.526233635694325,3.0,5.0,1.0,1.0,0.0,0.0,6.0,5.0,6.0,8.0,14.0,13.0,64.6,35.4,1.0,0.0,espn,1.52,0.73
2024-08-02 01:00:00,Toluca,Chicago Fire,3.0,1.0,"Bridgeview, Illinois",USA,SeatGeek Stadium,leagues_cup,,,,Leagues Cup,,20240802_Toluca_Chicago-Fire,57.17761865901184,11.0,7.0,1.0,2.0,0.0,0.0,9.0,5.0,10.0,6.0,5.0,10.0,53.5,46.5,1.0,1.0,espn,1.38,1.03
2024-08-02 02:30:00,Portland Timbers,Colorado Rapids,4.0,0.0,"Portland, Oregon",USA,Providence Park,leagues_cup,,,,Leagues Cup,,20240802_Portland-Timbers_Colorado-Rapids,24.645333677273584,3.0,3.0,2.0,1.0,0.0,0.0,5.0,4.0,10.0,7.0,4.0,11.0,54.9,45.1,1.0,5.0,espn,2.07,0.05
2024-08-04 00:00:00,Tigres UANL,Inter Miami,2.0,1.0,"Houston, Texas",USA,NRG Stadium,leagues_cup,,,,Leagues Cup,,20240804_Tigres-UANL_Inter-Miami,-54.79575237343306,2.0,7.0,3.0,2.0,0.0,0.0,3.0,5.0,6.0,5.0,14.0,14.0,44.1,55.9,1.0,3.0,espn,1.88,0.76
2024-08-04 02:00:00,Monterrey,UNAM Pumas,1.0,1.0,"Austin, Texas",USA,Q2 Stadium,leagues_cup,,,,Leagues Cup,,20240804_Monterrey_UNAM-Pumas,40.39548813249053,4.0,4.0,2.0,1.0,0.0,0.0,8.0,2.0,9.0,4.0,7.0,14.0,63.0,37.0,1.0,2.0,espn,2.0,0.69
2024-08-04 02:00:00,Vancouver Whitecaps,Club Tijuana,3.0,1.0,Vancouver,Canada,BC Place,leagues_cup,,,,Leagues Cup,,20240804_Vancouver-Whitecaps_Club-Tijuana,47.52620333997106,5.0,5.0,0.0,2.0,0.0,1.0,7.0,4.0,6.0,9.0,10.0,13.0,39.2,60.8,2.0,1.0,espn,1.22,0.36
2024-08-04 20:00:00,Atlanta Utd,Santos Laguna,0.0,0.0,"Atlanta, Georgia",USA,Mercedes-Benz Stadium,leagues_cup,,,,Leagues Cup,,20240804_Atlanta-Utd_Santos-Laguna,13.966115749972005,7.0,6.0,3.0,4.0,0.0,0.0,3.0,6.0,6.0,6.0,13.0,18.0,48.2,51.8,1.0,2.0,espn,0.86,0.16
2024-08-05 00:00:00,Orlando City,Atl. San Luis,1.0,1.0,"Orlando, Florida",USA,Inter&Co Stadium,leagues_cup,,,,Leagues Cup,,20240805_Orlando-City_Atl.-San-Luis,37.180363806591686,5.0,10.0,2.0,1.0,1.0,0.0,2.0,6.0,7.0,17.0,9.0,16.0,45.3,54.7,1.0,0.0,espn,0.84,0.56
2024-08-05 00:00:00,Pachuca,Toronto FC,1.0,2.0,Toronto,Canada,BMO Field,leagues_cup,,,,Leagues Cup,,20240805_Pachuca_Toronto-FC,22.698221574117497,5.0,4.0,2.0,3.0,0.0,0.0,3.0,6.0,5.0,11.0,16.0,21.0,45.8,54.2,0.0,2.0,espn,0.81,1.64
2024-08-05 00:00:00,Philadelphia Union,Cruz Azul,1.0,1.0,"Chester, Pennsylvania",USA,Subaru Park,leagues_cup,,,,Leagues Cup,,20240805_Philadelphia-Union_Cruz-Azul,26.938457321359465,2.0,3.0,4.0,3.0,0.0,0.0,1.0,6.0,3.0,11.0,13.0,10.0,38.8,61.2,2.0,2.0,espn,0.14,0.29
2024-08-05 01:00:00,St. Louis City,Juarez,1.0,1.0,"St. Louis, Missouri",USA,Energizer Park,leagues_cup,,,,Leagues Cup,,20240805_St.-Louis-City_Juarez,-21.882953006710295,2.0,8.0,0.0,1.0,0.0,0.0,4.0,9.0,7.0,14.0,9.0,10.0,38.7,61.3,0.0,0.0,espn,0.97,0.82
2024-08-05 02:30:00,Guadalajara Chivas,Los Angeles Galaxy,2.0,2.0,"Carson, California",USA,Dignity Health Sports Park,leagues_cup,,,,Leagues Cup,,20240805_Guadalajara-Chivas_Los-Angeles-Galaxy,-3.110641703473675,11.0,4.0,5.0,1.0,0.0,0.0,8.0,3.0,12.0,6.0,15.0,7.0,49.3,50.7,0.0,0.0,espn,1.87,0.37
2024-08-05 02:30:00,Seattle Sounders,Necaxa,1.0,3.0,"Seattle, Washington",USA,Lumen Field,leagues_cup,,,,Leagues Cup,,20240805_Seattle-Sounders_Necaxa,35.218504296230776,6.0,4.0,0.0,2.0,0.0,0.0,2.0,4.0,6.0,8.0,7.0,20.0,71.1,28.9,1.0,1.0,espn,1.31,2.41
2024-08-06 00:00:00,FC Cincinnati,New York City,4.0,2.0,"Cincinnati, Ohio",USA,TQL Stadium,leagues_cup,,,,Leagues Cup,,20240806_FC-Cincinnati_New-York-City,33.598022850168036,4.0,3.0,1.0,2.0,0.0,0.0,8.0,9.0,11.0,6.0,10.0,6.0,47.1,52.9,3.0,4.0,espn,1.8,0.92
2024-08-06 01:00:00,Club Leon,Colorado Rapids,1.0,1.0,"Commerce City, Colorado",USA,Dick's Sporting Goods Park,leagues_cup,,,,Leagues Cup,,20240806_Club-Leon_Colorado-Rapids,51.71428567840735,4.0,9.0,2.0,3.0,0.0,0.0,7.0,3.0,6.0,7.0,14.0,11.0,41.8,58.2,2.0,5.0,espn,1.24,1.72
2024-08-06 01:00:00,Houston Dynamo,Real Salt Lake,3.0,0.0,"Houston, Texas",USA,Shell Energy Stadium,leagues_cup,,,,Leagues Cup,,20240806_Houston-Dynamo_Real-Salt-Lake,-27.278599565943978,1.0,9.0,1.0,0.0,0.0,0.0,7.0,5.0,6.0,9.0,21.0,20.0,47.7,52.3,0.0,0.0,espn,1.67,0.81
2024-08-06 01:00:00,Toluca,Sporting Kansas City,2.0,1.0,"Kansas City, Kansas",USA,Children's Mercy Park,leagues_cup,,,,Leagues Cup,,20240806_Toluca_Sporting-Kansas-City,42.449907319257136,4.0,3.0,1.0,2.0,0.0,0.0,5.0,6.0,6.0,10.0,13.0,12.0,52.6,47.4,4.0,0.0,espn,0.05,0.23
2024-08-06 23:30:00,New England Revolution,Nashville SC,1.0,1.0,"Foxborough, Massachusetts",USA,Gillette Stadium,leagues_cup,,,,Leagues Cup,,20240806_New-England-Revolution_Nashville-SC,10.183204927576526,0.0,15.0,3.0,1.0,0.0,0.0,3.0,6.0,4.0,12.0,9.0,10.0,42.0,58.0,2.0,1.0,espn,1.45,1.63
2024-08-08 02:30:00,Los Angeles FC,Austin FC,2.0,0.0,"Los Angeles, California",USA,BMO Stadium,leagues_cup,,,,Leagues Cup,,20240808_Los-Angeles-FC_Austin-FC,20.853783689160082,3.0,7.0,1.0,2.0,0.0,0.0,3.0,4.0,6.0,16.0,7.0,6.0,34.5,65.5,1.0,2.0,espn,1.01,0.82
2024-08-08 02:30:00,Vancouver Whitecaps,UNAM Pumas,0.0,2.0,Vancouver,Canada,BC Place,leagues_cup,,,,Leagues Cup,,20240808_Vancouver-Whitecaps_UNAM-Pumas,44.6693754651601,5.0,3.0,1.0,0.0,0.0,0.0,5.0,5.0,4.0,4.0,9.0,11.0,60.2,39.8,2.0,1.0,espn,0.12,0.67
2024-08-08 23:30:00,Inter Miami,Toronto FC,4.0,3.0,"Fort Lauderdale, Florida",USA,Chase Stadium,leagues_cup,,,,Leagues Cup,,20240808_Inter-Miami_Toronto-FC,62.48909732665061,0.0,4.0,1.0,2.0,1.0,0.0,8.0,6.0,5.0,5.0,15.0,13.0,42.9,57.1,2.0,2.0,espn,1.58,1.74
2024-08-09 01:00:00,Tigres UANL,Pachuca,1.0,0.0,"Austin, Texas",USA,Q2 Stadium,leagues_cup,,,,Leagues Cup,,20240809_Tigres-UANL_Pachuca,38.314915732533564,5.0,6.0,2.0,4.0,0.0,0.0,4.0,3.0,8.0,6.0,9.0,23.0,42.0,58.0,1.0,0.0,espn,1.44,0.44
2024-08-09 02:30:00,Seattle Sounders,Los Angeles Galaxy,3.0,1.0,"Seattle, Washington",USA,Lumen Field,leagues_cup,,,,Leagues Cup,,20240809_Seattle-Sounders_Los-Angeles-Galaxy,7.4266864470055225,13.0,6.0,5.0,3.0,0.0,0.0,12.0,2.0,9.0,6.0,13.0,8.0,37.3,62.7,0.0,1.0,espn,1.01,0.63
2024-08-09 03:00:00,San Jose Earthquakes,Necaxa,5.0,0.0,"San Jose, California",USA,PayPal Park,leagues_cup,,,,Leagues Cup,,20240809_San-Jose-Earthquakes_Necaxa,-13.556755451163326,3.0,3.0,3.0,4.0,0.0,1.0,9.0,4.0,7.0,9.0,10.0,14.0,56.9,43.1,1.0,1.0,espn,1.25,1.06
2024-08-09 23:30:00,Columbus Crew,Sporting Kansas City,4.0,0.0,"Columbus, Ohio",USA,ScottsMiracle-Gro Field,leagues_cup,,,,Leagues Cup,,20240809_Columbus-Crew_Sporting-Kansas-City,32.51445850488244,4.0,1.0,0.0,0.0,0.0,0.0,10.0,1.0,9.0,2.0,4.0,3.0,63.5,36.5,0.0,2.0,espn,0.87,0.05
2024-08-09 23:30:00,DC United,Mazatlan FC,1.0,2.0,"Washington, District of Columbia",USA,Audi Field,leagues_cup,,,,Leagues Cup,,20240809_DC-United_Mazatlan-FC,9.866420335931934,6.0,8.0,2.0,4.0,1.0,0.0,2.0,14.0,8.0,1.0,13.0,18.0,44.1,55.9,1.0,1.0,espn,0.74,1.82
2024-08-09 23:30:00,FC Cincinnati,Santos Laguna,1.0,1.0,"Cincinnati, Ohio",USA,TQL Stadium,leagues_cup,,,,Leagues Cup,,20240809_FC-Cincinnati_Santos-Laguna,57.169944038078484,8.0,1.0,0.0,2.0,0.0,0.0,6.0,2.0,13.0,6.0,17.0,13.0,60.1,39.9,3.0,1.0,espn,1.03,1.73
2024-08-09 23:30:00,New England Revolution,New York City,1.0,1.0,"Foxborough, Massachusetts",USA,Gillette Stadium,leagues_cup,,,,Leagues Cup,,20240809_New-England-Revolution_New-York-City,45.22312593644142,2.0,1.0,0.0,3.0,0.0,0.0,3.0,5.0,4.0,8.0,11.0,12.0,42.7,57.3,4.0,1.0,espn,1.4,0.82
2024-08-09 23:30:00,Orlando City,Cruz Azul,0.0,0.0,"Orlando, Florida",USA,Inter&Co Stadium,leagues_cup,,,,Leagues Cup,,20240809_Orlando-City_Cruz-Azul,-20.44476515240467,4.0,0.0,1.0,1.0,0.0,0.0,4.0,5.0,8.0,9.0,10.0,9.0,45.4,54.6,0.0,2.0,espn,0.88,1.51
2024-08-09 23:30:00,Philadelphia Union,CF Montreal,2.0,0.0,"Chester, Pennsylvania",USA,Subaru Park,leagues_cup,,,,Leagues Cup,,20240809_Philadelphia-Union_CF-Montreal,58.10724771522655,3.0,2.0,2.0,0.0,0.0,0.0,7.0,2.0,5.0,6.0,11.0,6.0,45.6,54.4,3.0,0.0,espn,1.2,0.92
2024-08-10 00:30:00,St. Louis City,Portland Timbers,3.0,1.0,"St. Louis, Missouri",USA,Energizer Park,leagues_cup,,,,Leagues Cup,,20240810_St.-Louis-City_Portland-Timbers,-21.80763089108973,10.0,4.0,0.0,0.0,0.0,0.0,5.0,5.0,13.0,6.0,14.0,8.0,45.6,54.4,0.0,2.0,espn,1.33,0.98
2024-08-10 00:30:00,Toluca,Houston Dynamo,2.0,2.0,"Houston, Texas",USA,Shell Energy Stadium,leagues_cup,,,,Leagues Cup,,20240810_Toluca_Houston-Dynamo,63.986990636131395,4.0,3.0,1.0,1.0,0.0,0.0,4.0,8.0,4.0,6.0,11.0,4.0,49.4,50.6,2.0,6.0,espn,1.82,0.89
2024-08-10 01:30:00,Juarez,Colorado Rapids,2.0,3.0,"Commerce City, Colorado",USA,Dick's Sporting Goods Park,leagues_cup,,,,Leagues Cup,,20240810_Juarez_Colorado-Rapids,43.73836772917616,7.0,5.0,2.0,2.0,0.0,0.0,10.0,5.0,11.0,9.0,12.0,8.0,64.5,35.5,0.0,2.0,espn,0.13,2.36
2024-08-10 02:00:00,Club America,Atlas,2.0,1.0,"San Diego, California",USA,Snapdragon Stadium,leagues_cup,,,,Leagues Cup,,20240810_Club-America_Atlas,-8.52997624363843,6.0,2.0,1.0,4.0,0.0,0.0,4.0,1.0,8.0,5.0,10.0,19.0,60.3,39.7,1.0,1.0,espn,0.92,1.12
2024-08-13 02:30:00,Seattle Sounders,UNAM Pumas,4.0,0.0,"Seattle, Washington",USA,Lumen Field,leagues_cup,,,,Leagues Cup,,20240813_Seattle-Sounders_UNAM-Pumas,6.148042454338793,5.0,5.0,4.0,4.0,0.0,1.0,5.0,6.0,6.0,5.0,11.0,20.0,41.8,58.2,0.0,1.0,espn,0.25,0.18
2024-08-13 23:30:00,Columbus Crew,Inter Miami,3.0,2.0,"Columbus, Ohio",USA,ScottsMiracle-Gro Field,leagues_cup,,,,Leagues Cup,,20240813_Columbus-Crew_Inter-Miami,-29.145703646248876,4.0,2.0,1.0,1.0,0.0,0.0,8.0,3.0,11.0,9.0,8.0,15.0,54.4,45.6,1.0,3.0,espn,1.44,0.83
2024-08-13 23:30:00,FC Cincinnati,Philadelphia Union,2.0,4.0,"Cincinnati, Ohio",USA,TQL Stadium,leagues_cup,,,,Leagues Cup,,20240813_FC-Cincinnati_Philadelphia-Union,-24.129371357437776,5.0,1.0,1.0,1.0,0.0,0.0,8.0,6.0,12.0,11.0,9.0,7.0,56.1,43.9,2.0,3.0,espn,0.97,1.31
2024-08-14 00:00:00,Cruz Azul,Mazatlan FC,2.0,2.0,"Washington, District of Columbia",USA,Audi Field,leagues_cup,,,,Leagues Cup,,20240814_Cruz-Azul_Mazatlan-FC,6.303854659727222,7.0,1.0,1.0,3.0,1.0,0.0,4.0,5.0,11.0,4.0,13.0,19.0,65.4,34.6,4.0,1.0,espn,1.17,1.2
2024-08-14 00:00:00,Tigres UANL,New York City,1.0,2.0,"Harrison, New Jersey",USA,Sports Illustrated Stadium,leagues_cup,,,,Leagues Cup,,20240814_Tigres-UANL_New-York-City,57.02085783236498,4.0,2.0,1.0,4.0,0.0,0.0,5.0,5.0,13.0,6.0,9.0,14.0,49.9,50.1,1.0,4.0,espn,1.64,1.39
2024-08-14 02:00:00,Toluca,Colorado Rapids,1.0,2.0,"Commerce City, Colorado",USA,Dick's Sporting Goods Park,leagues_cup,,,,Leagues Cup,,20240814_Toluca_Colorado-Rapids,71.00824004191963,5.0,2.0,1.0,1.0,0.0,0.0,6.0,3.0,16.0,1.0,11.0,9.0,65.6,34.4,1.0,3.0,espn,1.19,1.67
2024-08-14 02:30:00,Club America,St. Louis City,4.0,2.0,"Carson, California",USA,Dignity Health Sports Park,leagues_cup,,,,Leagues Cup,,20240814_Club-America_St.-Louis-City,20.298256936434427,6.0,4.0,2.0,0.0,0.0,0.0,10.0,7.0,6.0,9.0,9.0,13.0,54.6,45.4,0.0,0.0,espn,2.34,1.24
2024-08-14 02:30:00,Los Angeles FC,San Jose Earthquakes,4.0,1.0,"Los Angeles, California",USA,BMO Stadium,leagues_cup,,,,Leagues Cup,,20240814_Los-Angeles-FC_San-Jose-Earthquakes,57.90002039217916,2.0,0.0,0.0,1.0,0.0,0.0,6.0,3.0,9.0,4.0,10.0,11.0,46.0,54.0,1.0,0.0,espn,1.94,1.18
2024-08-17 22:00:00,Columbus Crew,New York City,1.0,1.0,"Columbus, Ohio",USA,ScottsMiracle-Gro Field,leagues_cup,,,,Leagues Cup,,20240817_Columbus-Crew_New-York-City,53.15188057686214,7.0,5.0,0.0,2.0,0.0,0.0,6.0,3.0,12.0,2.0,3.0,16.0,52.8,47.2,3.0,1.0,espn,0.58,0.7
2024-08-17 23:30:00,Philadelphia Union,Mazatlan FC,1.0,1.0,"Chester, Pennsylvania",USA,Subaru Park,leagues_cup,,,,Leagues Cup,,20240817_Philadelphia-Union_Mazatlan-FC,53.052299428112974,8.0,4.0,1.0,4.0,1.0,0.0,5.0,5.0,4.0,12.0,8.0,19.0,35.5,64.5,0.0,1.0,espn,0.95,0.66
2024-08-18 00:00:00,Seattle Sounders,Los Angeles FC,0.0,3.0,"Seattle, Washington",USA,Lumen Field,leagues_cup,,,,Leagues Cup,,20240818_Seattle-Sounders_Los-Angeles-FC,-34.5045734369628,12.0,1.0,1.0,0.0,0.0,0.0,2.0,7.0,14.0,2.0,11.0,10.0,63.3,36.7,0.0,0.0,espn,0.06,1.63
2024-08-18 02:00:00,Club America,Colorado Rapids,0.0,0.0,"Carson, California",USA,Dignity Health Sports Park,leagues_cup,,,,Leagues Cup,,20240818_Club-America_Colorado-Rapids,39.7935471884407,6.0,1.0,0.0,2.0,0.0,0.0,4.0,1.0,16.0,6.0,4.0,6.0,60.9,39.1,0.0,1.0,espn,0.2,0.73
2024-08-21 23:30:00,Columbus Crew,Philadelphia Union,3.0,1.0,"Columbus, Ohio",USA,ScottsMiracle-Gro Field,leagues_cup,,,,Leagues Cup,,20240821_Columbus-Crew_Philadelphia-Union,-19.971074527549263,2.0,7.0,1.0,1.0,0.0,0.0,7.0,4.0,8.0,5.0,7.0,10.0,55.7,44.3,0.0,4.0,espn,0.66,2.44
2024-08-22 02:00:00,Los Angeles FC,Colorado Rapids,4.0,0.0,"Los Angeles, California",USA,BMO Stadium,leagues_cup,,,,Leagues Cup,,20240822_Los-Angeles-FC_Colorado-Rapids,58.53874762047462,5.0,6.0,1.0,1.0,0.0,0.0,10.0,3.0,14.0,5.0,10.0,5.0,44.2,55.8,3.0,1.0,espn,2.11,0.58
2024-08-25 20:30:00,Philadelphia Union,Colorado Rapids,2.0,2.0,"Chester, Pennsylvania",USA,Subaru Park,leagues_cup,,,,Leagues Cup,,20240825_Philadelphia-Union_Colorado-Rapids,65.73067436157066,9.0,7.0,1.0,1.0,0.0,0.0,6.0,3.0,11.0,7.0,9.0,8.0,58.0,42.0,2.0,0.0,espn,1.21,0.83
2024-08-25 23:15:00,Columbus Crew,Los Angeles FC,3.0,1.0,"Columbus, Ohio",USA,ScottsMiracle-Gro Field,leagues_cup,,,,Leagues Cup,,20240825_Columbus-Crew_Los-Angeles-FC,-7.395233841754589,4.0,3.0,1.0,2.0,0.0,0.0,5.0,4.0,7.0,5.0,8.0,20.0,62.1,37.9,2.0,1.0,espn,1.66,1.73
2025-07-29 23:00:00,CF Montreal,Club Leon,1.0,1.0,Montreal,Canada,Stade Saputo,leagues_cup,,,,Leagues Cup,,20250729_CF-Montreal_Club-Leon,-37.93541394560316,6.0,1.0,1.0,2.0,0.0,0.0,7.0,2.0,10.0,1.0,11.0,10.0,49.1,50.9,0.0,4.0,espn,0.51,1.52
2025-07-29 23:00:00,Toluca,Columbus Crew,2.0,2.0,"Columbus, Ohio",USA,ScottsMiracle-Gro Field,leagues_cup,,,,Leagues Cup,,20250729_Toluca_Columbus-Crew,-32.59406197532212,7.0,2.0,6.0,2.0,0.0,0.0,8.0,3.0,13.0,5.0,18.0,11.0,55.9,44.1,4.0,2.0,espn,0.69,1.08
2025-07-30 00:00:00,New York City,Puebla,0.0,3.0,"Harrison, New Jersey",USA,Sports Illustrated Stadium,leagues_cup,,,,Leagues Cup,,20250730_New-York-City_Puebla,28.12825629198369,12.0,8.0,3.0,3.0,0.0,0.0,5.0,5.0,12.0,7.0,9.0,16.0,59.7,40.3,1.0,2.0,espn,0.17,1.0
2025-07-30 01:00:00,Tigres UANL,Houston Dynamo,4.0,1.0,"Houston, Texas",USA,Shell Energy Stadium,leagues_cup,,,,Leagues Cup,,20250730_Tigres-UANL_Houston-Dynamo,30.63365602999761,3.0,5.0,1.0,2.0,0.0,0.0,8.0,4.0,7.0,5.0,11.0,15.0,52.2,47.8,1.0,1.0,espn,1.18,0.78
2025-07-30 02:30:00,Los Angeles FC,Mazatlan FC,1.0,1.0,"Los Angeles, California",USA,BMO Stadium,leagues_cup,,,,Leagues Cup,,20250730_Los-Angeles-FC_Mazatlan-FC,37.2735891944651,7.0,0.0,1.0,0.0,0.0,0.0,4.0,4.0,11.0,4.0,11.0,12.0,61.3,38.7,1.0,0.0,espn,0.92,0.63
2025-07-30 03:00:00,Pachuca,San Diego FC,3.0,2.0,"San Diego, California",USA,Snapdragon Stadium,leagues_cup,,,,Leagues Cup,,20250730_Pachuca_San-Diego-FC,-22.733827880098488,3.0,5.0,4.0,3.0,0.0,1.0,7.0,6.0,5.0,7.0,19.0,11.0,36.0,64.0,2.0,3.0,espn,1.9,0.32
2025-07-30 23:30:00,Inter Miami,Atlas,2.0,1.0,"Fort Lauderdale, Florida",USA,Chase Stadium,leagues_cup,,,,Leagues Cup,,20250730_Inter-Miami_Atlas,42.34401759190928,11.0,6.0,1.0,3.0,0.0,0.0,5.0,7.0,14.0,8.0,12.0,13.0,54.6,45.4,2.0,0.0,espn,0.51,1.38
2025-07-30 23:30:00,Necaxa,Atlanta Utd,3.0,1.0,"Atlanta, Georgia",USA,Mercedes-Benz Stadium,leagues_cup,,,,Leagues Cup,,20250730_Necaxa_Atlanta-Utd,-24.303649133957606,5.0,6.0,1.0,2.0,0.0,0.0,5.0,4.0,11.0,13.0,17.0,9.0,42.8,57.2,1.0,2.0,espn,1.11,0.82
2025-07-31 00:00:00,UNAM Pumas,Orlando City,1.0,1.0,"Orlando, Florida",USA,Inter&Co Stadium,leagues_cup,,,,Leagues Cup,,20250731_UNAM-Pumas_Orlando-City,-20.74199390901822,6.0,6.0,2.0,5.0,0.0,0.0,4.0,1.0,13.0,6.0,12.0,7.0,52.8,47.2,4.0,3.0,espn,0.93,1.25
2025-07-31 00:30:00,Minnesota United,Queretaro,4.0,1.0,"Saint Paul, Minnesota",USA,Allianz Field,leagues_cup,,,,Leagues Cup,,20250731_Minnesota-United_Queretaro,0.36124173206758314,2.0,1.0,0.0,2.0,0.0,1.0,7.0,2.0,11.0,8.0,10.0,19.0,52.3,47.7,3.0,2.0,espn,0.34,0.85
2025-07-31 01:30:00,Club America,Real Salt Lake,2.0,2.0,"Sandy, Utah",USA,America First Field,leagues_cup,,,,Leagues Cup,,20250731_Club-America_Real-Salt-Lake,42.239303919952135,5.0,0.0,4.0,1.0,0.0,0.0,6.0,8.0,11.0,3.0,16.0,12.0,52.2,47.8,0.0,3.0,espn,1.16,0.66
2025-07-31 02:30:00,Portland Timbers,Atl. San Luis,4.0,0.0,"Portland, Oregon",USA,Providence Park,leagues_cup,,,,Leagues Cup,,20250731_Portland-Timbers_Atl.-San-Luis,34.21681891677531,0.0,6.0,2.0,3.0,0.0,0.0,4.0,6.0,0.0,9.0,18.0,16.0,44.1,55.9,1.0,2.0,espn,2.2,0.98
2025-07-31 23:00:00,Monterrey,FC Cincinnati,2.0,3.0,"Cincinnati, Ohio",USA,TQL Stadium,leagues_cup,,,,Leagues Cup,,20250731_Monterrey_FC-Cincinnati,-4.406144123503736,2.0,4.0,2.0,1.0,0.0,0.0,6.0,6.0,5.0,6.0,11.0,7.0,59.6,40.4,0.0,3.0,espn,1.46,1.33
2025-07-31 23:30:00,Charlotte,Juarez,1.0,4.0,"Charlotte, North Carolina",USA,Bank of America Stadium,leagues_cup,,,,Leagues Cup,,20250731_Charlotte_Juarez,3.6934878871750243,10.0,3.0,3.0,4.0,1.0,0.0,1.0,10.0,8.0,6.0,7.0,15.0,51.4,48.6,0.0,3.0,espn,0.6,1.25
2025-07-31 23:30:00,Guadalajara Chivas,New York Red Bulls,0.0,1.0,"Harrison, New Jersey",USA,Sports Illustrated Stadium,leagues_cup,,,,Leagues Cup,,20250731_Guadalajara-Chivas_New-York-Red-Bulls,-44.710971390351006,7.0,5.0,2.0,1.0,0.0,0.0,3.0,4.0,5.0,6.0,13.0,10.0,64.1,35.9,4.0,3.0,espn,1.18,1.06
2025-08-01 01:30:00,Colorado Rapids,Santos Laguna,2.0,1.0,"Commerce City, Colorado",USA,Dick's Sporting Goods Park,leagues_cup,,,,Leagues Cup,,20250801_Colorado-Rapids_Santos-Laguna,10.558964377844859,9.0,6.0,2.0,5.0,0.0,1.0,7.0,3.0,3.0,13.0,10.0,16.0,45.4,54.6,5.0,0.0,espn,0.97,1.84
2025-08-01 02:30:00,Cruz Azul,Seattle Sounders,0.0,7.0,"Seattle, Washington",USA,Lumen Field,leagues_cup,,,,Leagues Cup,,20250801_Cruz-Azul_Seattle-Sounders,20.647170854344267,2.0,3.0,3.0,2.0,0.0,0.0,2.0,10.0,7.0,6.0,14.0,9.0,42.0,58.0,0.0,5.0,espn,1.14,2.52
2025-08-01 03:00:00,Los Angeles Galaxy,Club Tijuana,5.0,2.0,"Carson, California",USA,Dignity Health Sports Park,leagues_cup,,,,Leagues Cup,,20250801_Los-Angeles-Galaxy_Club-Tijuana,12.362834627332404,4.0,16.0,0.0,0.0,0.0,0.0,10.0,10.0,4.0,20.0,5.0,5.0,56.4,43.6,2.0,2.0,espn,1.58,0.05
2025-08-01 22:00:00,New York City,Club Leon,2.0,0.0,"Harrison, New Jersey",USA,Sports Illustrated Stadium,leagues_cup,,,,Leagues Cup,,20250801_New-York-City_Club-Leon,-31.599444255486333,6.0,8.0,0.0,2.0,0.0,0.0,8.0,5.0,2.0,5.0,17.0,19.0,46.7,53.3,4.0,0.0,espn,0.69,0.56
2025-08-01 23:00:00,Columbus Crew,Puebla,3.0,1.0,"Columbus, Ohio",USA,ScottsMiracle-Gro Field,leagues_cup,,,,Leagues Cup,,20250801_Columbus-Crew_Puebla,88.489447694629,6.0,2.0,1.0,3.0,0.0,0.0,3.0,4.0,10.0,5.0,9.0,20.0,56.3,43.7,2.0,0.0,espn,1.15,1.06
2025-08-02 00:30:00,Houston Dynamo,Mazatlan FC,0.0,2.0,"Houston, Texas",USA,Shell Energy Stadium,leagues_cup,,,,Leagues Cup,,20250802_Houston-Dynamo_Mazatlan-FC,-35.62937108561209,8.0,2.0,3.0,2.0,0.0,0.0,6.0,4.0,11.0,1.0,17.0,12.0,62.9,37.1,2.0,0.0,espn,0.76,0.29
2025-08-02 01:00:00,Toluca,CF Montreal,2.0,1.0,"Harrison, New Jersey",USA,Sports Illustrated Stadium,leagues_cup,,,,Leagues Cup,,20250802_Toluca_CF-Montreal,59.67671084719109,2.0,7.0,0.0,2.0,0.0,1.0,9.0,3.0,8.0,5.0,10.0,15.0,51.5,48.5,0.0,0.0,espn,2.55,0.05
2025-08-02 02:30:00,Los Angeles FC,Pachuca,1.0,1.0,"Los Angeles, California",USA,BMO Stadium,leagues_cup,,,,Leagues Cup,,20250802_Los-Angeles-FC_Pachuca,61.70256013741164,8.0,2.0,2.0,1.0,1.0,1.0,2.0,4.0,9.0,8.0,5.0,13.0,35.7,64.3,1.0,0.0,espn,1.19,0.31
2025-08-02 03:00:00,Tigres UANL,San Diego FC,2.0,1.0,"San Diego, California",USA,Snapdragon Stadium,leagues_cup,,,,Leagues Cup,,20250802_Tigres-UANL_San-Diego-FC,46.72189194698217,2.0,1.0,1.0,3.0,0.0,0.0,7.0,3.0,5.0,7.0,7.0,14.0,45.5,54.5,1.0,1.0,espn,1.07,0.89
2025-08-02 22:00:00,Orlando City,Atlas,3.0,1.0,"Orlando, Florida",USA,Inter&Co Stadium,leagues_cup,,,,Leagues Cup,,20250802_Orlando-City_Atlas,3.003500388160546,7.0,3.0,2.0,0.0,0.0,1.0,10.0,1.0,11.0,10.0,16.0,16.0,38.9,61.1,3.0,1.0,espn,1.4,0.27
2025-08-02 23:00:00,Inter Miami,Necaxa,2.0,2.0,"Fort Lauderdale, Florida",USA,Chase Stadium,leagues_cup,,,,Leagues Cup,,20250802_Inter-Miami_Necaxa,82.68808454006603,4.0,0.0,1.0,0.0,1.0,1.0,4.0,9.0,7.0,5.0,10.0,21.0,46.9,53.1,1.0,2.0,espn,1.58,0.88
2025-08-03 01:00:00,Club America,Minnesota United,3.0,3.0,"Houston, Texas",USA,Shell Energy Stadium,leagues_cup,,,,Leagues Cup,,20250803_Club-America_Minnesota-United,31.25588464759585,8.0,7.0,1.0,0.0,1.0,0.0,7.0,7.0,11.0,11.0,13.0,9.0,63.7,36.3,0.0,3.0,espn,2.05,1.0
2025-08-03 01:00:00,UNAM Pumas,Atlanta Utd,3.0,2.0,"Orlando, Florida",USA,Inter&Co Stadium,leagues_cup,,,,Leagues Cup,,20250803_UNAM-Pumas_Atlanta-Utd,4.319758468807777,3.0,3.0,2.0,4.0,1.0,0.0,6.0,3.0,6.0,4.0,12.0,10.0,44.7,55.3,5.0,4.0,espn,1.22,0.05
2025-08-03 01:30:00,Real Salt Lake,Atl. San Luis,2.0,2.0,"Sandy, Utah",USA,America First Field,leagues_cup,,,,Leagues Cup,,20250803_Real-Salt-Lake_Atl.-San-Luis,38.17760889342844,9.0,2.0,0.0,2.0,0.0,0.0,5.0,8.0,8.0,8.0,9.0,15.0,62.4,37.6,3.0,2.0,espn,1.5,0.39
2025-08-03 03:00:00,Portland Timbers,Queretaro,1.0,0.0,"Portland, Oregon",USA,Providence Park,leagues_cup,,,,Leagues Cup,,20250803_Portland-Timbers_Queretaro,33.939573696562775,5.0,4.0,2.0,0.0,0.0,1.0,2.0,1.0,6.0,5.0,8.0,15.0,70.4,29.6,0.0,1.0,espn,1.68,1.37
2025-08-03 21:30:00,FC Cincinnati,Juarez,2.0,2.0,"Cincinnati, Ohio",USA,TQL Stadium,leagues_cup,,,,Leagues Cup,,20250803_FC-Cincinnati_Juarez,22.550400746517198,5.0,3.0,2.0,2.0,0.0,0.0,2.0,5.0,13.0,7.0,10.0,15.0,57.4,42.6,0.0,1.0,espn,0.95,0.78
2025-08-03 23:50:00,Guadalajara Chivas,Charlotte,2.0,2.0,"Charlotte, North Carolina",USA,Bank of America Stadium,leagues_cup,,,,Leagues Cup,,20250803_Guadalajara-Chivas_Charlotte,-23.607274143831546,6.0,3.0,3.0,2.0,0.0,0.0,6.0,4.0,14.0,2.0,15.0,10.0,60.7,39.3,3.0,0.0,espn,0.87,1.48
2025-08-04 00:50:00,Monterrey,New York Red Bulls,1.0,1.0,"Cincinnati, Ohio",USA,TQL Stadium,leagues_cup,,,,Leagues Cup,,20250804_Monterrey_New-York-Red-Bulls,-27.021864416997914,5.0,3.0,1.0,3.0,0.0,0.0,7.0,3.0,11.0,10.0,12.0,16.0,57.8,42.2,3.0,5.0,espn,2.39,1.95
2025-08-04 01:30:00,Colorado Rapids,Club Tijuana,1.0,2.0,"Commerce City, Colorado",USA,Dick's Sporting Goods Park,leagues_cup,,,,Leagues Cup,,20250804_Colorado-Rapids_Club-Tijuana,57.29733505822014,8.0,7.0,1.0,2.0,0.0,0.0,4.0,9.0,9.0,11.0,3.0,13.0,63.3,36.7,3.0,2.0,espn,0.52,1.26
2025-08-04 02:30:00,Los Angeles Galaxy,Cruz Azul,1.0,1.0,"Carson, California",USA,Dignity Health Sports Park,leagues_cup,,,,Leagues Cup,,20250804_Los-Angeles-Galaxy_Cruz-Azul,-28.25096486574489,0.0,5.0,5.0,3.0,0.0,0.0,3.0,6.0,1.0,14.0,14.0,13.0,44.5,55.5,2.0,3.0,espn,1.18,0.87
2025-08-04 02:30:00,Seattle Sounders,Santos Laguna,2.0,1.0,"Seattle, Washington",USA,Lumen Field,leagues_cup,,,,Leagues Cup,,20250804_Seattle-Sounders_Santos-Laguna,45.07004031236943,6.0,2.0,0.0,3.0,1.0,0.0,5.0,3.0,8.0,1.0,8.0,22.0,42.4,57.6,4.0,0.0,espn,2.51,1.54
2025-08-05 23:30:00,Columbus Crew,Club Leon,1.0,0.0,"Columbus, Ohio",USA,ScottsMiracle-Gro Field,leagues_cup,,,,Leagues Cup,,20250805_Columbus-Crew_Club-Leon,76.79704904694381,1.0,3.0,2.0,5.0,0.0,0.0,5.0,3.0,8.0,4.0,12.0,17.0,54.1,45.9,6.0,1.0,espn,0.33,0.42
2025-08-05 23:30:00,Toluca,New York City,2.0,1.0,New York City,USA,Yankee Stadium,leagues_cup,,,,Leagues Cup,,20250805_Toluca_New-York-City,52.82132877683216,2.0,4.0,4.0,3.0,0.0,0.0,6.0,3.0,7.0,6.0,10.0,13.0,43.1,56.9,4.0,2.0,espn,1.45,1.1
2025-08-06 00:00:00,CF Montreal,Puebla,1.0,2.0,Montreal,Canada,Stade Saputo,leagues_cup,,,,Leagues Cup,,20250806_CF-Montreal_Puebla,-2.487163849267972,5.0,7.0,4.0,2.0,2.0,1.0,5.0,13.0,7.0,12.0,11.0,14.0,43.4,56.6,2.0,1.0,espn,0.55,0.4
2025-08-06 00:30:00,Houston Dynamo,Pachuca,1.0,2.0,"Houston, Texas",USA,Shell Energy Stadium,leagues_cup,,,,Leagues Cup,,20250806_Houston-Dynamo_Pachuca,-21.518170393046375,3.0,4.0,0.0,2.0,0.0,0.0,4.0,5.0,4.0,7.0,8.0,15.0,53.2,46.8,3.0,0.0,espn,1.11,2.1
2025-08-06 02:00:00,Mazatlan FC,San Diego FC,0.0,2.0,"San Diego, California",USA,Snapdragon Stadium,leagues_cup,,,,Leagues Cup,,20250806_Mazatlan-FC_San-Diego-FC,50.99787988918888,1.0,10.0,2.0,2.0,1.0,0.0,1.0,6.0,2.0,11.0,10.0,6.0,25.2,74.8,2.0,3.0,espn,0.31,0.89
2025-08-06 02:30:00,Tigres UANL,Los Angeles FC,1.0,2.0,"Los Angeles, California",USA,BMO Stadium,leagues_cup,,,,Leagues Cup,,20250806_Tigres-UANL_Los-Angeles-FC,-5.310054574901642,12.0,2.0,3.0,3.0,0.0,0.0,5.0,5.0,13.0,4.0,19.0,16.0,62.8,37.2,1.0,1.0,espn,0.62,1.45
2025-08-06 23:00:00,Orlando City,Necaxa,5.0,1.0,"Orlando, Florida",USA,Inter&Co Stadium,leagues_cup,,,,Leagues Cup,,20250806_Orlando-City_Necaxa,31.351239254448956,7.0,8.0,2.0,1.0,0.0,0.0,10.0,3.0,4.0,13.0,8.0,17.0,45.1,54.9,1.0,2.0,espn,1.76,0.97
2025-08-06 23:30:00,Atlanta Utd,Atlas,4.0,1.0,"Atlanta, Georgia",USA,Mercedes-Benz Stadium,leagues_cup,,,,Leagues Cup,,20250806_Atlanta-Utd_Atlas,-20.581688778518128,1.0,4.0,5.0,4.0,0.0,0.0,4.0,10.0,5.0,6.0,14.0,13.0,46.5,53.5,1.0,0.0,espn,1.18,0.5
2025-08-06 23:30:00,Inter Miami,UNAM Pumas,3.0,1.0,"Fort Lauderdale, Florida",USA,Chase Stadium,leagues_cup,,,,Leagues Cup,,20250806_Inter-Miami_UNAM-Pumas,65.08675448309509,5.0,3.0,1.0,2.0,0.0,0.0,7.0,5.0,11.0,7.0,10.0,16.0,55.9,44.1,3.0,1.0,espn,2.05,2.25
2025-08-07 00:30:00,Minnesota United,Atl. San Luis,0.0,2.0,"Saint Paul, Minnesota",USA,Allianz Field,leagues_cup,,,,Leagues Cup,,20250807_Minnesota-United_Atl.-San-Luis,46.02084215099603,7.0,3.0,2.0,3.0,0.0,0.0,3.0,4.0,16.0,5.0,8.0,10.0,65.8,34.2,3.0,0.0,espn,0.24,0.82
2025-08-07 01:30:00,Club America,Portland Timbers,1.0,1.0,"Austin, Texas",USA,Q2 Stadium,leagues_cup,,,,Leagues Cup,,20250807_Club-America_Portland-Timbers,9.744478699965157,9.0,1.0,3.0,1.0,0.0,1.0,5.0,2.0,16.0,4.0,13.0,10.0,67.4,32.6,4.0,0.0,espn,0.46,1.82
2025-08-07 01:30:00,Real Salt Lake,Queretaro,1.0,0.0,"Sandy, Utah",USA,America First Field,leagues_cup,,,,Leagues Cup,,20250807_Real-Salt-Lake_Queretaro,25.774522623074517,5.0,6.0,2.0,3.0,0.0,0.0,1.0,1.0,9.0,5.0,8.0,18.0,69.1,30.9,0.0,2.0,espn,0.83,0.24
2025-08-07 03:00:00,Seattle Sounders,Club Tijuana,2.0,1.0,"Seattle, Washington",USA,Lumen Field,leagues_cup,,,,Leagues Cup,,20250807_Seattle-Sounders_Club-Tijuana,65.02835110582578,10.0,1.0,2.0,5.0,0.0,1.0,10.0,5.0,17.0,5.0,8.0,17.0,67.1,32.9,1.0,3.0,espn,1.85,0.8
2025-08-07 23:00:00,FC Cincinnati,Guadalajara Chivas,1.0,2.0,"Cincinnati, Ohio",USA,TQL Stadium,leagues_cup,,,,Leagues Cup,,20250807_FC-Cincinnati_Guadalajara-Chivas,65.12742923674386,6.0,2.0,1.0,2.0,0.0,0.0,3.0,5.0,12.0,3.0,9.0,17.0,53.2,46.8,0.0,0.0,espn,1.1,0.93
2025-08-07 23:30:00,Monterrey,Charlotte,0.0,2.0,"Charlotte, North Carolina",USA,Bank of America Stadium,leagues_cup,,,,Leagues Cup,,20250807_Monterrey_Charlotte,16.75578427598225,9.0,4.0,2.0,2.0,0.0,0.0,4.0,2.0,15.0,2.0,9.0,13.0,70.4,29.6,0.0,1.0,espn,0.05,2.38
2025-08-07 23:30:00,New York Red Bulls,Juarez,1.0,1.0,"Harrison, New Jersey",USA,Sports Illustrated Stadium,leagues_cup,,,,Leagues Cup,,20250807_New-York-Red-Bulls_Juarez,19.761274159030336,2.0,2.0,1.0,0.0,0.0,0.0,1.0,6.0,5.0,11.0,11.0,13.0,51.3,48.7,2.0,3.0,espn,1.73,1.27
2025-08-08 00:30:00,Cruz Azul,Colorado Rapids,2.0,2.0,"Carson, California",USA,Dignity Health Sports Park,leagues_cup,,,,Leagues Cup,,20250808_Cruz-Azul_Colorado-Rapids,19.450453529394053,5.0,2.0,2.0,1.0,0.0,0.0,11.0,4.0,18.0,9.0,15.0,11.0,67.8,32.2,2.0,1.0,espn,0.78,0.83
2025-08-08 03:15:00,Los Angeles Galaxy,Santos Laguna,4.0,0.0,"Carson, California",USA,Dignity Health Sports Park,leagues_cup,,,,Leagues Cup,,20250808_Los-Angeles-Galaxy_Santos-Laguna,23.467285154958745,9.0,2.0,1.0,1.0,0.0,2.0,10.0,0.0,13.0,4.0,10.0,8.0,72.7,27.3,5.0,0.0,espn,1.4,1.18
2025-08-21 00:00:00,Inter Miami,Tigres UANL,2.0,1.0,"Fort Lauderdale, Florida",USA,Chase Stadium,leagues_cup,,,,Leagues Cup,,20250821_Inter-Miami_Tigres-UANL,35.167369229967335,4.0,3.0,2.0,1.0,0.0,0.0,4.0,2.0,10.0,11.0,8.0,15.0,40.3,59.7,0.0,0.0,espn,1.09,1.06
2025-08-21 00:50:00,Toluca,Orlando City,0.0,0.0,"Carson, California",USA,Dignity Health Sports Park,leagues_cup,,,,Leagues Cup,,20250821_Toluca_Orlando-City,35.73135628654609,10.0,5.0,1.0,3.0,0.0,0.0,1.0,1.0,14.0,3.0,17.0,9.0,51.4,48.6,1.0,4.0,espn,0.05,0.05
2025-08-21 03:00:00,Seattle Sounders,Puebla,0.0,0.0,"Seattle, Washington",USA,Lumen Field,leagues_cup,,,,Leagues Cup,,20250821_Seattle-Sounders_Puebla,48.66398187771506,10.0,0.0,1.0,3.0,1.0,0.0,1.0,2.0,10.0,3.0,12.0,16.0,79.9,20.1,0.0,0.0,espn,0.58,0.05
2025-08-21 03:45:00,Los Angeles Galaxy,Pachuca,2.0,1.0,"Carson, California",USA,Dignity Health Sports Park,leagues_cup,,,,Leagues Cup,,20250821_Los-Angeles-Galaxy_Pachuca,-12.404054547382884,4.0,3.0,3.0,3.0,0.0,0.0,2.0,5.0,3.0,13.0,17.0,9.0,46.6,53.4,2.0,0.0,espn,1.51,0.94
2025-08-28 00:30:00,Inter Miami,Orlando City,3.0,1.0,"Fort Lauderdale, Florida",USA,Chase Stadium,leagues_cup,,,,Leagues Cup,,20250828_Inter-Miami_Orlando-City,54.147939410774825,4.0,3.0,4.0,3.0,0.0,1.0,6.0,4.0,8.0,7.0,10.0,13.0,58.8,41.2,1.0,2.0,espn,1.69,1.31
2025-08-28 02:45:00,Los Angeles Galaxy,Seattle Sounders,0.0,2.0,"Carson, California",USA,Dignity Health Sports Park,leagues_cup,,,,Leagues Cup,,20250828_Los-Angeles-Galaxy_Seattle-Sounders,-26.99781218478938,6.0,4.0,5.0,2.0,0.0,1.0,4.0,7.0,5.0,6.0,11.0,15.0,63.5,36.5,1.0,0.0,espn,0.21,1.49
2025-08-31 21:00:00,Los Angeles Galaxy,Orlando City,2.0,1.0,"Carson, California",USA,Dignity Health Sports Park,leagues_cup,,,,Leagues Cup,,20250831_Los-Angeles-Galaxy_Orlando-City,-21.809493583677522,5.0,7.0,1.0,1.0,0.0,0.0,4.0,5.0,7.0,11.0,9.0,9.0,55.9,44.1,2.0,4.0,espn,0.65,0.05
2025-09-01 00:00:00,Seattle Sounders,Inter Miami,3.0,0.0,"Seattle, Washington",USA,Lumen Field,leagues_cup,,,,Leagues Cup,,20250901_Seattle-Sounders_Inter-Miami,-47.110404475139376,4.0,8.0,0.0,2.0,0.0,0.0,6.0,0.0,5.0,9.0,11.0,12.0,32.3,67.7,1.0,0.0,espn,0.33,1.32
2026-08-04 23:45:00,Columbus Crew,Atlas,3.0,1.0,"Columbus, Ohio",USA,ScottsMiracle-Gro Field,leagues_cup,,,,Leagues Cup,,20260804_Columbus-Crew_Atlas,114.75622195421465,3.0,5.0,2.0,1.0,0.0,0.0,5.0,2.0,0.0,13.0,10.0,11.0,43.6,56.4,1.0,2.0,espn,1.87,0.81
2026-08-04 23:45:00,FC Cincinnati,Pachuca,3.0,1.0,"Cincinnati, Ohio",USA,TQL Stadium,leagues_cup,,,,Leagues Cup,,20260804_FC-Cincinnati_Pachuca,26.38834869301354,3.0,6.0,3.0,2.0,0.0,0.0,3.0,7.0,7.0,16.0,8.0,10.0,58.0,42.0,2.0,1.0,espn,1.05,1.16
2026-08-05 00:30:00,Minnesota United,Juarez,1.0,2.0,"Saint Paul, Minnesota",USA,Allianz Field,leagues_cup,,,,Leagues Cup,,20260805_Minnesota-United_Juarez,-22.68723079316851,8.0,2.0,2.0,2.0,0.0,0.0,4.0,3.0,7.0,8.0,12.0,16.0,57.7,42.3,3.0,1.0,espn,0.89,1.63
2026-08-05 01:22:00,Charlotte,UNAM Pumas,3.0,0.0,"Charlotte, North Carolina",USA,Bank of America Stadium,leagues_cup,,,,Leagues Cup,,20260805_Charlotte_UNAM-Pumas,17.9885148883086,6.0,5.0,1.0,2.0,0.0,0.0,7.0,6.0,8.0,7.0,10.0,12.0,52.6,47.4,3.0,1.0,espn,1.26,0.05
2026-08-05 02:00:00,Tigres UANL,Real Salt Lake,1.0,1.0,"Sandy, Utah",USA,America First Field,leagues_cup,,,,Leagues Cup,,20260805_Tigres-UANL_Real-Salt-Lake,18.905601609649466,4.0,6.0,2.0,1.0,0.0,0.0,3.0,6.0,9.0,10.0,11.0,18.0,56.4,43.6,0.0,1.0,espn,1.03,1.64
2026-08-05 02:30:00,Vancouver Whitecaps,Atlante,0.0,1.0,Vancouver,Canada,BC Place,leagues_cup,,,,Leagues Cup,,20260805_Vancouver-Whitecaps_Atlante,9.641768343737112,8.0,2.0,0.0,1.0,0.0,0.0,4.0,5.0,9.0,4.0,14.0,16.0,68.6,31.4,5.0,2.0,espn,1.04,0.51
2026-08-05 23:30:00,Inter Miami,Atl. San Luis,4.0,2.0,"Miami, Florida",USA,Nu Stadium,leagues_cup,,,,Leagues Cup,,20260805_Inter-Miami_Atl.-San-Luis,105.26160705001143,1.0,7.0,1.0,0.0,0.0,0.0,5.0,7.0,3.0,11.0,13.0,3.0,44.6,55.4,2.0,2.0,espn,1.62,1.51
2026-08-06 00:30:00,FC Dallas,Queretaro,2.0,0.0,Mansfield,USA,Texas Health Mansfield Stadium,leagues_cup,,,,Leagues Cup,,20260806_FC-Dallas_Queretaro,43.54096963427719,6.0,7.0,3.0,3.0,0.0,0.0,8.0,9.0,4.0,11.0,15.0,10.0,52.9,47.1,1.0,2.0,espn,1.61,0.77
2026-08-06 00:30:00,Nashville SC,Club Leon,0.0,1.0,"Nashville, Tennessee",USA,GEODIS Park,leagues_cup,,,,Leagues Cup,,20260806_Nashville-SC_Club-Leon,22.26466749876704,4.0,5.0,3.0,2.0,0.0,0.0,2.0,2.0,4.0,5.0,12.0,16.0,56.1,43.9,0.0,0.0,espn,0.62,0.94
2026-08-06 00:55:00,Monterrey,Orlando City,1.0,2.0,"Orlando, Florida",USA,Inter&Co Stadium,leagues_cup,,,,Leagues Cup,,20260806_Monterrey_Orlando-City,-8.79931656309418,2.0,5.0,5.0,3.0,1.0,0.0,3.0,3.0,10.0,8.0,8.0,8.0,53.6,46.4,8.0,2.0,espn,0.86,1.58
2026-08-06 02:00:00,Toluca,Seattle Sounders,3.0,0.0,Toluca,Mexico,Estadio Nemesio Díez Riega,leagues_cup,,,,Leagues Cup,,20260806_Toluca_Seattle-Sounders,2.4722228388600342,12.0,1.0,0.0,0.0,0.0,0.0,19.0,2.0,21.0,2.0,10.0,6.0,67.6,32.4,1.0,1.0,espn,1.06,0.6
2026-08-06 02:30:00,Los Angeles FC,Guadalajara Chivas,1.0,1.0,"Los Angeles, California",USA,BMO Stadium,leagues_cup,,,,Leagues Cup,,20260806_Los-Angeles-FC_Guadalajara-Chivas,80.76386373661808,2.0,5.0,1.0,2.0,0.0,0.0,5.0,8.0,4.0,11.0,8.0,16.0,44.2,55.8,1.0,2.0,espn,1.77,0.49
2026-08-06 23:30:00,New York City,Santos Laguna,2.0,0.0,"Harrison, New Jersey",USA,Red Bull Arena,leagues_cup,,,,Leagues Cup,,20260806_New-York-City_Santos-Laguna,40.46296384230368,3.0,5.0,0.0,2.0,0.0,0.0,5.0,6.0,3.0,6.0,11.0,12.0,54.7,45.3,3.0,5.0,espn,1.16,1.1
2026-08-07 00:00:00,Cruz Azul,Philadelphia Union,1.0,0.0,"Chester, Pennsylvania",USA,Subaru Park,leagues_cup,,,,Leagues Cup,,20260807_Cruz-Azul_Philadelphia-Union,-44.790021320481856,1.0,7.0,2.0,1.0,0.0,0.0,3.0,4.0,7.0,10.0,8.0,6.0,52.2,47.8,1.0,1.0,espn,1.19,0.81
2026-08-07 00:30:00,Chicago Fire,Necaxa,2.0,0.0,"Bridgeview, Illinois",USA,SeatGeek Stadium,leagues_cup,,,,Leagues Cup,,20260807_Chicago-Fire_Necaxa,-3.5480540237176683,6.0,3.0,0.0,3.0,0.0,0.0,8.0,6.0,12.0,8.0,13.0,9.0,49.4,50.6,2.0,0.0,espn,0.05,1.04
2026-08-07 01:00:00,Austin FC,Club Tijuana,2.0,0.0,"Austin, Texas",USA,Q2 Stadium,leagues_cup,,,,Leagues Cup,,20260807_Austin-FC_Club-Tijuana,43.52715077473135,6.0,8.0,3.0,2.0,1.0,1.0,6.0,3.0,12.0,17.0,6.0,7.0,57.7,42.3,5.0,2.0,espn,1.62,0.42
2026-08-07 02:00:00,Club America,San Diego FC,3.0,1.0,Mexico City,Mexico,Estadio Banorte,leagues_cup,,,,Leagues Cup,,20260807_Club-America_San-Diego-FC,40.37781728112395,7.0,3.0,0.0,2.0,0.0,0.0,11.0,4.0,12.0,6.0,8.0,7.0,43.0,57.0,1.0,2.0,espn,1.03,1.42
2026-08-07 02:30:00,Portland Timbers,Puebla,5.0,2.0,"Portland, Oregon",USA,Providence Park,leagues_cup,,,,Leagues Cup,,20260807_Portland-Timbers_Puebla,36.76034275421057,5.0,6.0,0.0,2.0,0.0,0.0,7.0,5.0,5.0,4.0,11.0,12.0,38.5,61.5,1.0,3.0,espn,1.79,1.33
2026-08-07 23:30:00,Charlotte,Atlas,2.0,0.0,"Charlotte, North Carolina",USA,Bank of America Stadium,leagues_cup,,,,Leagues Cup,,20260807_Charlotte_Atlas,47.91414477016019,1.0,8.0,3.0,3.0,0.0,0.0,4.0,4.0,5.0,5.0,14.0,19.0,37.3,62.7,0.0,2.0,espn,1.23,0.05
2026-08-07 23:30:00,Columbus Crew,Pachuca,2.0,1.0,"Columbus, Ohio",USA,ScottsMiracle-Gro Field,leagues_cup,,,,Leagues Cup,,20260807_Columbus-Crew_Pachuca,115.70248074010533,3.0,7.0,3.0,1.0,0.0,1.0,5.0,11.0,6.0,6.0,13.0,19.0,49.2,50.8,1.0,2.0,espn,0.36,1.23
2026-08-08 00:27:00,FC Cincinnati,UNAM Pumas,2.0,0.0,"Cincinnati, Ohio",USA,TQL Stadium,leagues_cup,,,,Leagues Cup,,20260808_FC-Cincinnati_UNAM-Pumas,56.80476226281576,4.0,6.0,1.0,0.0,0.0,0.0,4.0,4.0,11.0,11.0,5.0,11.0,50.0,50.0,1.0,2.0,espn,0.32,1.08
2026-08-08 01:00:00,Tigres UANL,Minnesota United,0.0,0.0,"Saint Paul, Minnesota",USA,Allianz Field,leagues_cup,,,,Leagues Cup,,20260808_Tigres-UANL_Minnesota-United,43.692587188324524,11.0,7.0,1.0,3.0,0.0,0.0,2.0,3.0,18.0,6.0,6.0,18.0,58.8,41.2,0.0,1.0,espn,0.7,0.98
2026-08-08 02:30:00,Vancouver Whitecaps,Juarez,1.0,3.0,Vancouver,Canada,BC Place,leagues_cup,,,,Leagues Cup,,20260808_Vancouver-Whitecaps_Juarez,-25.196165159840803,8.0,1.0,1.0,3.0,0.0,0.0,9.0,4.0,18.0,2.0,9.0,9.0,71.5,28.5,1.0,1.0,espn,0.87,1.86
2026-08-08 22:30:00,Orlando City,Club Leon,1.0,2.0,"Orlando, Florida",USA,Inter&Co Stadium,leagues_cup,,,,Leagues Cup,,20260808_Orlando-City_Club-Leon,8.507690108508086,7.0,5.0,2.0,3.0,0.0,0.0,3.0,10.0,9.0,8.0,10.0,10.0,53.8,46.2,0.0,3.0,espn,0.31,1.2
2026-08-09 00:00:00,Inter Miami,Monterrey,1.0,2.0,"Miami, Florida",USA,Nu Stadium,leagues_cup,,,,Leagues Cup,,20260809_Inter-Miami_Monterrey,102.5397292585476,6.0,4.0,4.0,2.0,0.0,1.0,4.0,6.0,9.0,9.0,11.0,16.0,41.9,58.1,0.0,0.0,espn,0.71,1.15
2026-08-09 01:00:00,Guadalajara Chivas,FC Dallas,0.0,1.0,"San Jose, California",USA,PayPal Park,leagues_cup,,,,Leagues Cup,,20260809_Guadalajara-Chivas_FC-Dallas,-25.432788753531895,9.0,1.0,0.0,1.0,0.0,0.0,5.0,1.0,14.0,9.0,9.0,12.0,71.7,28.3,2.0,0.0,espn,0.63,1.22
2026-08-09 02:00:00,Real Salt Lake,Atlante,4.0,0.0,"Sandy, Utah",USA,America First Field,leagues_cup,,,,Leagues Cup,,20260809_Real-Salt-Lake_Atlante,-8.858550581089048,1.0,6.0,2.0,2.0,0.0,0.0,8.0,4.0,6.0,8.0,9.0,14.0,54.0,46.0,6.0,1.0,espn,1.91,1.44
2026-08-09 03:10:00,Toluca,Los Angeles FC,0.0,1.0,"Los Angeles, California",USA,BMO Stadium,leagues_cup,,,,Leagues Cup,,20260809_Toluca_Los-Angeles-FC,10.792349715654609,5.0,2.0,2.0,1.0,0.0,0.0,4.0,3.0,11.0,7.0,16.0,12.0,50.5,49.5,1.0,3.0,espn,0.05,0.65
2026-08-09 19:30:00,Seattle Sounders,Queretaro,3.0,0.0,"Seattle, Washington",USA,Lumen Field,leagues_cup,,,,Leagues Cup,,20260809_Seattle-Sounders_Queretaro,98.89028084148481,2.0,4.0,1.0,1.0,0.0,0.0,5.0,4.0,3.0,6.0,5.0,12.0,59.7,40.3,1.0,0.0,espn,0.89,1.19
2026-08-09 23:30:00,Cruz Azul,New York City,2.0,1.0,"Harrison, New Jersey",USA,Red Bull Arena,leagues_cup,,,,Leagues Cup,,20260809_Cruz-Azul_New-York-City,22.757409447874352,4.0,0.0,1.0,5.0,0.0,0.0,6.0,3.0,14.0,5.0,12.0,8.0,58.6,41.4,1.0,0.0,espn,1.45,1.11
2026-08-09 23:30:00,Philadelphia Union,Necaxa,3.0,1.0,"Chester, Pennsylvania",USA,Subaru Park,leagues_cup,,,,Leagues Cup,,20260809_Philadelphia-Union_Necaxa,78.924129039224,4.0,7.0,3.0,2.0,0.0,0.0,3.0,9.0,9.0,7.0,20.0,9.0,45.1,54.9,2.0,1.0,espn,1.12,1.49
2026-08-10 00:00:00,Chicago Fire,Santos Laguna,3.0,1.0,"Bridgeview, Illinois",USA,SeatGeek Stadium,leagues_cup,,,,Leagues Cup,,20260810_Chicago-Fire_Santos-Laguna,43.92382186025543,7.0,2.0,2.0,3.0,0.0,0.0,6.0,3.0,19.0,5.0,12.0,11.0,65.8,34.2,2.0,5.0,espn,2.16,1.11
2026-08-10 00:00:00,Nashville SC,Atl. San Luis,4.0,1.0,"Nashville, Tennessee",USA,GEODIS Park,leagues_cup,,,,Leagues Cup,,20260810_Nashville-SC_Atl.-San-Luis,40.07796254395271,3.0,3.0,2.0,2.0,0.0,0.0,6.0,3.0,12.0,6.0,20.0,16.0,52.3,47.7,4.0,0.0,espn,1.33,0.4
2026-08-10 01:00:00,Austin FC,Puebla,3.0,0.0,"Austin, Texas",USA,Q2 Stadium,leagues_cup,,,,Leagues Cup,,20260810_Austin-FC_Puebla,27.172664807070078,7.0,8.0,1.0,4.0,0.0,0.0,5.0,1.0,6.0,9.0,10.0,15.0,53.2,46.8,1.0,1.0,espn,0.39,0.36
2026-08-10 02:00:00,San Diego FC,Club Tijuana,1.0,0.0,"San Diego, California",USA,Snapdragon Stadium,leagues_cup,,,,Leagues Cup,,20260810_San-Diego-FC_Club-Tijuana,42.94084025182974,5.0,2.0,2.0,3.0,0.0,0.0,3.0,2.0,8.0,13.0,14.0,17.0,61.5,38.5,2.0,0.0,espn,1.29,0.28
2026-08-10 02:15:00,Club America,Portland Timbers,3.0,1.0,"Portland, Oregon",USA,Providence Park,leagues_cup,,,,Leagues Cup,,20260810_Club-America_Portland-Timbers,8.948115492485385,5.0,5.0,4.0,4.0,0.0,0.0,5.0,4.0,10.0,6.0,24.0,14.0,53.9,46.1,1.0,3.0,espn,0.81,0.76
2026-08-11 23:30:00,Columbus Crew,UNAM Pumas,1.0,1.0,"Columbus, Ohio",USA,ScottsMiracle-Gro Field,leagues_cup,,,,Leagues Cup,,20260811_Columbus-Crew_UNAM-Pumas,142.13880476248164,10.0,3.0,1.0,5.0,0.0,1.0,3.0,3.0,8.0,5.0,7.0,14.0,60.7,39.3,4.0,2.0,espn,0.72,1.29
2026-08-12 00:00:00,FC Cincinnati,Atlas,1.0,2.0,"Cincinnati, Ohio",USA,TQL Stadium,leagues_cup,,,,Leagues Cup,,20260812_FC-Cincinnati_Atlas,84.38273183066144,10.0,0.0,1.0,1.0,0.0,0.0,7.0,6.0,10.0,3.0,13.0,10.0,55.1,44.9,0.0,0.0,espn,0.47,1.02
2026-08-12 00:30:00,Minnesota United,Atlante,3.0,1.0,"Saint Paul, Minnesota",USA,Allianz Field,leagues_cup,,,,Leagues Cup,,20260812_Minnesota-United_Atlante,-21.14312107273372,3.0,5.0,3.0,2.0,0.0,0.0,6.0,4.0,9.0,6.0,11.0,16.0,54.8,45.2,2.0,3.0,espn,1.79,0.77
2026-08-12 00:52:00,Charlotte,Pachuca,0.0,1.0,"Charlotte, North Carolina",USA,Bank of America Stadium,leagues_cup,,,,Leagues Cup,,20260812_Charlotte_Pachuca,51.01201338400642,5.0,6.0,1.0,2.0,0.0,0.0,4.0,8.0,8.0,12.0,4.0,12.0,52.9,47.1,1.0,0.0,espn,1.27,0.87
2026-08-12 01:30:00,Real Salt Lake,Juarez,3.0,0.0,"Sandy, Utah",USA,America First Field,leagues_cup,,,,Leagues Cup,,20260812_Real-Salt-Lake_Juarez,-17.85600571600139,3.0,4.0,3.0,3.0,0.0,0.0,4.0,2.0,9.0,12.0,12.0,15.0,53.6,46.4,1.0,0.0,espn,0.29,0.75
2026-08-12 02:00:00,Tigres UANL,Vancouver Whitecaps,1.0,1.0,San Nicolás de los Garza,Mexico,Estadio Universitario,leagues_cup,,,,Leagues Cup,,20260812_Tigres-UANL_Vancouver-Whitecaps,33.396570809680725,2.0,5.0,2.0,2.0,2.0,0.0,5.0,3.0,6.0,9.0,15.0,13.0,46.4,53.6,1.0,1.0,espn,1.01,0.65
2026-08-12 23:30:00,Inter Miami,Club Leon,2.0,3.0,"Miami, Florida",USA,Nu Stadium,leagues_cup,,,,Leagues Cup,,20260812_Inter-Miami_Club-Leon,51.119792698616266,11.0,4.0,3.0,2.0,0.0,0.0,9.0,7.0,15.0,8.0,10.0,13.0,58.5,41.5,1.0,1.0,espn,1.73,0.96
2026-08-12 23:30:00,Orlando City,Atl. San Luis,2.0,2.0,"Orlando, Florida",USA,Inter&Co Stadium,leagues_cup,,,,Leagues Cup,,20260812_Orlando-City_Atl.-San-Luis,50.184949059182145,3.0,6.0,3.0,3.0,0.0,0.0,7.0,5.0,6.0,13.0,12.0,9.0,38.8,61.2,0.0,4.0,espn,1.17,1.1
2026-08-13 00:00:00,Monterrey,Nashville SC,2.0,1.0,"Nashville, Tennessee",USA,GEODIS Park,leagues_cup,,,,Leagues Cup,,20260813_Monterrey_Nashville-SC,-15.592336300870329,11.0,3.0,1.0,2.0,0.0,0.0,5.0,1.0,11.0,6.0,9.0,19.0,58.1,41.9,0.0,2.0,espn,1.48,0.64
2026-08-13 02:00:00,Toluca,FC Dallas,3.0,1.0,Toluca,Mexico,Estadio Nemesio Díez Riega,leagues_cup,,,,Leagues Cup,,20260813_Toluca_FC-Dallas,37.14703513051518,5.0,4.0,1.0,4.0,0.0,0.0,5.0,3.0,14.0,7.0,11.0,20.0,71.5,28.5,2.0,1.0,espn,2.37,0.36
2026-08-13 02:15:00,San Diego FC,Puebla,3.0,2.0,"San Diego, California",USA,Snapdragon Stadium,leagues_cup,,,,Leagues Cup,,20260813_San-Diego-FC_Puebla,27.165250874479625,6.0,5.0,0.0,0.0,0.0,0.0,7.0,4.0,10.0,12.0,12.0,10.0,62.8,37.2,2.0,0.0,espn,1.15,0.68
2026-08-13 02:30:00,Los Angeles FC,Queretaro,1.0,1.0,"Los Angeles, California",USA,BMO Stadium,leagues_cup,,,,Leagues Cup,,20260813_Los-Angeles-FC_Queretaro,135.4458085769852,11.0,1.0,2.0,2.0,0.0,0.0,5.0,6.0,12.0,5.0,8.0,16.0,68.6,31.4,4.0,3.0,espn,1.03,0.85
2026-08-13 02:30:00,Seattle Sounders,Guadalajara Chivas,1.0,2.0,"Seattle, Washington",USA,Lumen Field,leagues_cup,,,,Leagues Cup,,20260813_Seattle-Sounders_Guadalajara-Chivas,79.57109655326894,5.0,13.0,0.0,1.0,0.0,0.0,2.0,11.0,8.0,14.0,6.0,7.0,26.2,73.8,1.0,2.0,espn,1.45,1.9
2026-08-13 23:00:00,Philadelphia Union,Santos Laguna,0.0,2.0,"Chester, Pennsylvania",USA,Subaru Park,leagues_cup,,,,Leagues Cup,,20260813_Philadelphia-Union_Santos-Laguna,121.96187614480482,6.0,6.0,2.0,3.0,0.0,0.0,4.0,3.0,8.0,3.0,13.0,13.0,50.9,49.1,1.0,3.0,espn,0.94,0.67
2026-08-13 23:30:00,New York City,Necaxa,1.0,2.0,"Harrison, New Jersey",USA,Red Bull Arena,leagues_cup,,,,Leagues Cup,,20260813_New-York-City_Necaxa,36.55854505668958,2.0,5.0,1.0,4.0,0.0,0.0,1.0,4.0,8.0,6.0,15.0,16.0,56.8,43.2,1.0,2.0,espn,0.52,0.31
2026-08-14 00:30:00,Club America,Austin FC,1.0,1.0,"Austin, Texas",USA,Q2 Stadium,leagues_cup,,,,Leagues Cup,,20260814_Club-America_Austin-FC,40.63352535784952,6.0,3.0,2.0,2.0,0.0,0.0,2.0,2.0,14.0,4.0,20.0,14.0,64.1,35.9,0.0,2.0,espn,0.41,0.63
2026-08-14 01:00:00,Cruz Azul,Chicago Fire,1.0,2.0,"Bridgeview, Illinois",USA,SeatGeek Stadium,leagues_cup,,,,Leagues Cup,,20260814_Cruz-Azul_Chicago-Fire,41.23819076676841,5.0,4.0,1.0,2.0,0.0,0.0,5.0,5.0,12.0,6.0,13.0,16.0,50.2,49.8,3.0,2.0,espn,2.14,1.46
2026-08-14 02:30:00,Portland Timbers,Club Tijuana,3.0,1.0,"Portland, Oregon",USA,Providence Park,leagues_cup,,,,Leagues Cup,,20260814_Portland-Timbers_Club-Tijuana,94.42720152000766,5.0,1.0,3.0,1.0,0.0,0.0,8.0,3.0,8.0,5.0,14.0,11.0,66.8,33.2,2.0,2.0,espn,2.01,0.99
2026-08-26 00:30:00,Monterrey,Chicago Fire,2.0,1.0,"Bridgeview, Illinois",USA,SeatGeek Stadium,leagues_cup,,,,Leagues Cup,,20260826_Monterrey_Chicago-Fire,6.525973266351912,8.0,3.0,1.0,1.0,1.0,0.0,7.0,4.0,14.0,9.0,,,51.5,48.5,,,,1.34,1.08
2026-08-26 02:30:00,Club Leon,Real Salt Lake,3.0,0.0,"Commerce City, Colorado",USA,Dick's Sporting Goods Park,leagues_cup,,,,Leagues Cup,,20260826_Club-Leon_Real-Salt-Lake,2.2677551366725766,2.0,2.0,0.0,1.0,0.0,0.0,7.0,2.0,15.0,5.0,,,54.0,46.0,,,,1.9,0.05
2026-08-27 00:30:00,Toluca,Austin FC,2.0,0.0,"Harrison, New Jersey",USA,Red Bull Arena,leagues_cup,,,,Leagues Cup,,20260827_Toluca_Austin-FC,53.8488258798086,6.0,6.0,2.0,0.0,0.0,0.0,3.0,3.0,7.0,6.0,,,50.1,49.9,,,,1.29,0.27
2026-08-27 02:45:00,Club America,Columbus Crew,2.0,0.0,"Carson, California",USA,Dignity Health Sports Park,leagues_cup,,,,Leagues Cup,,20260827_Club-America_Columbus-Crew,-47.24131320682318,3.0,4.0,2.0,1.0,0.0,0.0,2.0,0.0,4.0,0.0,,,43.2,56.8,,,,0.69,0.92
2026-09-03 01:00:00,Toluca,Club Leon,2.0,0.0,"Houston, Texas",USA,Shell Energy Stadium,leagues_cup,,,,Leagues Cup,,20260903_Toluca_Club-Leon,35.43067307183833,6.0,5.0,1.0,3.0,0.0,1.0,4.0,4.0,8.0,7.0,,,51.2,48.8,,,,1.56,1.12
2026-09-03 03:30:00,Club America,Monterrey,2.0,2.0,"Carson, California",USA,Dignity Health Sports Park,leagues_cup,,,,Leagues Cup,,20260903_Club-America_Monterrey,44.78536451552145,5.0,2.0,0.0,2.0,0.0,0.0,2.0,2.0,7.0,5.0,,,55.1,44.9,,,,1.02,1.16
