snapshot_key,capturado_en,clave_liga,fecha_partido,home,away,casa,objetivo,familia,mercado,linea,cuota,dias_al_partido
argentina|Tigre|Central Córdoba (Santiago del Estero)|Central Cordoba Remates a Puerta totales|Más de 3.5|2026-08-24,2026-08-24T07:06:38.464921+00:00,argentina,2026-08-24,Tigre,Central Córdoba (Santiago del Estero),playdoit,on,Central Cordoba Remates a Puerta totales,Más de 3.5,3.5,1.96,0
argentina|Tigre|Central Córdoba (Santiago del Estero)|Central Cordoba Remates a Puerta totales|Menos de 3.5|2026-08-24,2026-08-24T07:06:38.464921+00:00,argentina,2026-08-24,Tigre,Central Córdoba (Santiago del Estero),playdoit,on,Central Cordoba Remates a Puerta totales,Menos de 3.5,3.5,1.667,0
argentina|Tigre|Central Córdoba (Santiago del Estero)|Tigre Remates a Puerta totales|Más de 4.5|2026-08-24,2026-08-24T07:06:38.464921+00:00,argentina,2026-08-24,Tigre,Central Córdoba (Santiago del Estero),playdoit,on,Tigre Remates a Puerta totales,Más de 4.5,4.5,1.583,0
argentina|Tigre|Central Córdoba (Santiago del Estero)|Tigre Remates a Puerta totales|Menos de 4.5|2026-08-24,2026-08-24T07:06:38.464921+00:00,argentina,2026-08-24,Tigre,Central Córdoba (Santiago del Estero),playdoit,on,Tigre Remates a Puerta totales,Menos de 4.5,4.5,2.083,0
argentina|Tigre|Central Córdoba (Santiago del Estero)|1X2 Remates Totales a portería|Tigre|2026-08-24,2026-08-24T07:06:38.464921+00:00,argentina,2026-08-24,Tigre,Central Córdoba (Santiago del Estero),playdoit,on,1X2 Remates Totales a portería,Tigre,,1.48,0
argentina|Tigre|Central Córdoba (Santiago del Estero)|1X2 Remates Totales a portería|Empate|2026-08-24,2026-08-24T07:06:38.464921+00:00,argentina,2026-08-24,Tigre,Central Córdoba (Santiago del Estero),playdoit,on,1X2 Remates Totales a portería,Empate,,8.0,0
argentina|Tigre|Central Córdoba (Santiago del Estero)|1X2 Remates Totales a portería|Central Cordoba|2026-08-24,2026-08-24T07:06:38.464921+00:00,argentina,2026-08-24,Tigre,Central Córdoba (Santiago del Estero),playdoit,on,1X2 Remates Totales a portería,Central Cordoba,,3.143,0
argentina|Tigre|Central Córdoba (Santiago del Estero)|1X2 Remates Totales|Tigre|2026-08-24,2026-08-24T07:06:38.464921+00:00,argentina,2026-08-24,Tigre,Central Córdoba (Santiago del Estero),playdoit,tot,1X2 Remates Totales,Tigre,,1.222,0
argentina|Tigre|Central Córdoba (Santiago del Estero)|1X2 Remates Totales|Empate|2026-08-24,2026-08-24T07:06:38.464921+00:00,argentina,2026-08-24,Tigre,Central Córdoba (Santiago del Estero),playdoit,tot,1X2 Remates Totales,Empate,,16.0,0
argentina|Tigre|Central Córdoba (Santiago del Estero)|1X2 Remates Totales|Central Cordoba|2026-08-24,2026-08-24T07:06:38.464921+00:00,argentina,2026-08-24,Tigre,Central Córdoba (Santiago del Estero),playdoit,tot,1X2 Remates Totales,Central Cordoba,,4.25,0
argentina|Tigre|Central Córdoba (Santiago del Estero)|Remates a Puerta totales|Más de 8.5|2026-08-24,2026-08-24T07:06:38.464921+00:00,argentina,2026-08-24,Tigre,Central Córdoba (Santiago del Estero),playdoit,on,Remates a Puerta totales,Más de 8.5,8.5,1.786,0
argentina|Tigre|Central Córdoba (Santiago del Estero)|Remates a Puerta totales|Menos de 8.5|2026-08-24,2026-08-24T07:06:38.464921+00:00,argentina,2026-08-24,Tigre,Central Córdoba (Santiago del Estero),playdoit,on,Remates a Puerta totales,Menos de 8.5,8.5,1.85,0
argentina|Tigre|Central Córdoba (Santiago del Estero)|Remates Totales|Más de 25.5|2026-08-24,2026-08-24T07:06:38.464921+00:00,argentina,2026-08-24,Tigre,Central Córdoba (Santiago del Estero),playdoit,tot,Remates Totales,Más de 25.5,25.5,1.889,0
argentina|Tigre|Central Córdoba (Santiago del Estero)|Remates Totales|Menos de 25.5|2026-08-24,2026-08-24T07:06:38.464921+00:00,argentina,2026-08-24,Tigre,Central Córdoba (Santiago del Estero),playdoit,tot,Remates Totales,Menos de 25.5,25.5,1.75,0
argentina|Tigre|Central Córdoba (Santiago del Estero)|Tigre Remates Totales|Más de 15.5|2026-08-24,2026-08-24T07:06:38.464921+00:00,argentina,2026-08-24,Tigre,Central Córdoba (Santiago del Estero),playdoit,tot,Tigre Remates Totales,Más de 15.5,15.5,1.8,0
argentina|Tigre|Central Córdoba (Santiago del Estero)|Tigre Remates Totales|Menos de 15.5|2026-08-24,2026-08-24T07:06:38.464921+00:00,argentina,2026-08-24,Tigre,Central Córdoba (Santiago del Estero),playdoit,tot,Tigre Remates Totales,Menos de 15.5,15.5,1.8,0
argentina|Tigre|Central Córdoba (Santiago del Estero)|Central Cordoba Remates Totales|Más de 9.5|2026-08-24,2026-08-24T07:06:38.464921+00:00,argentina,2026-08-24,Tigre,Central Córdoba (Santiago del Estero),playdoit,tot,Central Cordoba Remates Totales,Más de 9.5,9.5,1.96,0
argentina|Tigre|Central Córdoba (Santiago del Estero)|Central Cordoba Remates Totales|Menos de 9.5|2026-08-24,2026-08-24T07:06:38.464921+00:00,argentina,2026-08-24,Tigre,Central Córdoba (Santiago del Estero),playdoit,tot,Central Cordoba Remates Totales,Menos de 9.5,9.5,1.667,0
argentina|Lanús|Argentinos Juniors|Argentinos Juniors Remates a Puerta totales|Más de 3.5|2026-08-24,2026-08-24T07:06:38.464921+00:00,argentina,2026-08-25,Lanús,Argentinos Juniors,playdoit,on,Argentinos Juniors Remates a Puerta totales,Más de 3.5,3.5,2.0,1
argentina|Lanús|Argentinos Juniors|Argentinos Juniors Remates a Puerta totales|Menos de 3.5|2026-08-24,2026-08-24T07:06:38.464921+00:00,argentina,2026-08-25,Lanús,Argentinos Juniors,playdoit,on,Argentinos Juniors Remates a Puerta totales,Menos de 3.5,3.5,1.636,1
argentina|Lanús|Argentinos Juniors|Lanus Remates a Puerta totales|Más de 3.5|2026-08-24,2026-08-24T07:06:38.464921+00:00,argentina,2026-08-25,Lanús,Argentinos Juniors,playdoit,on,Lanus Remates a Puerta totales,Más de 3.5,3.5,1.692,1
argentina|Lanús|Argentinos Juniors|Lanus Remates a Puerta totales|Menos de 3.5|2026-08-24,2026-08-24T07:06:38.464921+00:00,argentina,2026-08-25,Lanús,Argentinos Juniors,playdoit,on,Lanus Remates a Puerta totales,Menos de 3.5,3.5,1.923,1
argentina|Lanús|Argentinos Juniors|1X2 Remates Totales a portería|Lanus|2026-08-24,2026-08-24T07:06:38.464921+00:00,argentina,2026-08-25,Lanús,Argentinos Juniors,playdoit,on,1X2 Remates Totales a portería,Lanus,,1.846,1
argentina|Lanús|Argentinos Juniors|1X2 Remates Totales a portería|Empate|2026-08-24,2026-08-24T07:06:38.464921+00:00,argentina,2026-08-25,Lanús,Argentinos Juniors,playdoit,on,1X2 Remates Totales a portería,Empate,,7.0,1
argentina|Lanús|Argentinos Juniors|1X2 Remates Totales a portería|Argentinos Juniors|2026-08-24,2026-08-24T07:06:38.464921+00:00,argentina,2026-08-25,Lanús,Argentinos Juniors,playdoit,on,1X2 Remates Totales a portería,Argentinos Juniors,,2.3,1
argentina|Lanús|Argentinos Juniors|1X2 Remates Totales|Lanus|2026-08-24,2026-08-24T07:06:38.464921+00:00,argentina,2026-08-25,Lanús,Argentinos Juniors,playdoit,tot,1X2 Remates Totales,Lanus,,1.833,1
argentina|Lanús|Argentinos Juniors|1X2 Remates Totales|Empate|2026-08-24,2026-08-24T07:06:38.464921+00:00,argentina,2026-08-25,Lanús,Argentinos Juniors,playdoit,tot,1X2 Remates Totales,Empate,,16.0,1
argentina|Lanús|Argentinos Juniors|1X2 Remates Totales|Argentinos Juniors|2026-08-24,2026-08-24T07:06:38.464921+00:00,argentina,2026-08-25,Lanús,Argentinos Juniors,playdoit,tot,1X2 Remates Totales,Argentinos Juniors,,1.96,1
argentina|Lanús|Argentinos Juniors|Remates a Puerta totales|Más de 7.5|2026-08-24,2026-08-24T07:06:38.464921+00:00,argentina,2026-08-25,Lanús,Argentinos Juniors,playdoit,on,Remates a Puerta totales,Más de 7.5,7.5,1.933,1
argentina|Lanús|Argentinos Juniors|Remates a Puerta totales|Menos de 7.5|2026-08-24,2026-08-24T07:06:38.464921+00:00,argentina,2026-08-25,Lanús,Argentinos Juniors,playdoit,on,Remates a Puerta totales,Menos de 7.5,7.5,1.714,1
argentina|Lanús|Argentinos Juniors|Remates Totales|Más de 24.5|2026-08-24,2026-08-24T07:06:38.464921+00:00,argentina,2026-08-25,Lanús,Argentinos Juniors,playdoit,tot,Remates Totales,Más de 24.5,24.5,1.889,1
argentina|Lanús|Argentinos Juniors|Remates Totales|Menos de 24.5|2026-08-24,2026-08-24T07:06:38.464921+00:00,argentina,2026-08-25,Lanús,Argentinos Juniors,playdoit,tot,Remates Totales,Menos de 24.5,24.5,1.75,1
argentina|Lanús|Argentinos Juniors|Lanus Remates Totales|Más de 11.5|2026-08-24,2026-08-24T07:06:38.464921+00:00,argentina,2026-08-25,Lanús,Argentinos Juniors,playdoit,tot,Lanus Remates Totales,Más de 11.5,11.5,1.692,1
argentina|Lanús|Argentinos Juniors|Lanus Remates Totales|Menos de 11.5|2026-08-24,2026-08-24T07:06:38.464921+00:00,argentina,2026-08-25,Lanús,Argentinos Juniors,playdoit,tot,Lanus Remates Totales,Menos de 11.5,11.5,1.923,1
argentina|Lanús|Argentinos Juniors|Argentinos Juniors Remates Totales|Más de 11.5|2026-08-24,2026-08-24T07:06:38.464921+00:00,argentina,2026-08-25,Lanús,Argentinos Juniors,playdoit,tot,Argentinos Juniors Remates Totales,Más de 11.5,11.5,1.818,1
argentina|Lanús|Argentinos Juniors|Argentinos Juniors Remates Totales|Menos de 11.5|2026-08-24,2026-08-24T07:06:38.464921+00:00,argentina,2026-08-25,Lanús,Argentinos Juniors,playdoit,tot,Argentinos Juniors Remates Totales,Menos de 11.5,11.5,1.786,1
argentina|Talleres (Córdoba)|Rosario Central|Rosario Central Remates a Puerta totales|Más de 3.5|2026-08-24,2026-08-24T07:06:38.464921+00:00,argentina,2026-08-25,Talleres (Córdoba),Rosario Central,playdoit,on,Rosario Central Remates a Puerta totales,Más de 3.5,3.5,1.818,1
argentina|Talleres (Córdoba)|Rosario Central|Rosario Central Remates a Puerta totales|Menos de 3.5|2026-08-24,2026-08-24T07:06:38.464921+00:00,argentina,2026-08-25,Talleres (Córdoba),Rosario Central,playdoit,on,Rosario Central Remates a Puerta totales,Menos de 3.5,3.5,1.786,1
argentina|Talleres (Córdoba)|Rosario Central|Talleres Remates a Puerta totales|Más de 4.5|2026-08-24,2026-08-24T07:06:38.464921+00:00,argentina,2026-08-25,Talleres (Córdoba),Rosario Central,playdoit,on,Talleres Remates a Puerta totales,Más de 4.5,4.5,1.889,1
argentina|Talleres (Córdoba)|Rosario Central|Talleres Remates a Puerta totales|Menos de 4.5|2026-08-24,2026-08-24T07:06:38.464921+00:00,argentina,2026-08-25,Talleres (Córdoba),Rosario Central,playdoit,on,Talleres Remates a Puerta totales,Menos de 4.5,4.5,1.727,1
argentina|Talleres (Córdoba)|Rosario Central|1X2 Remates Totales a portería|Talleres|2026-08-24,2026-08-24T07:06:38.464921+00:00,argentina,2026-08-25,Talleres (Córdoba),Rosario Central,playdoit,on,1X2 Remates Totales a portería,Talleres,,1.7,1
argentina|Talleres (Córdoba)|Rosario Central|1X2 Remates Totales a portería|Empate|2026-08-24,2026-08-24T07:06:38.464921+00:00,argentina,2026-08-25,Talleres (Córdoba),Rosario Central,playdoit,on,1X2 Remates Totales a portería,Empate,,7.5,1
argentina|Talleres (Córdoba)|Rosario Central|1X2 Remates Totales a portería|Rosario Central|2026-08-24,2026-08-24T07:06:38.464921+00:00,argentina,2026-08-25,Talleres (Córdoba),Rosario Central,playdoit,on,1X2 Remates Totales a portería,Rosario Central,,2.5,1
argentina|Talleres (Córdoba)|Rosario Central|1X2 Remates Totales|Talleres|2026-08-24,2026-08-24T07:06:38.464921+00:00,argentina,2026-08-25,Talleres (Córdoba),Rosario Central,playdoit,tot,1X2 Remates Totales,Talleres,,1.615,1
argentina|Talleres (Córdoba)|Rosario Central|1X2 Remates Totales|Empate|2026-08-24,2026-08-24T07:06:38.464921+00:00,argentina,2026-08-25,Talleres (Córdoba),Rosario Central,playdoit,tot,1X2 Remates Totales,Empate,,16.0,1
argentina|Talleres (Córdoba)|Rosario Central|1X2 Remates Totales|Rosario Central|2026-08-24,2026-08-24T07:06:38.464921+00:00,argentina,2026-08-25,Talleres (Córdoba),Rosario Central,playdoit,tot,1X2 Remates Totales,Rosario Central,,2.286,1
argentina|Talleres (Córdoba)|Rosario Central|Remates a Puerta totales|Más de 8.5|2026-08-24,2026-08-24T07:06:38.464921+00:00,argentina,2026-08-25,Talleres (Córdoba),Rosario Central,playdoit,on,Remates a Puerta totales,Más de 8.5,8.5,1.95,1
argentina|Talleres (Córdoba)|Rosario Central|Remates a Puerta totales|Menos de 8.5|2026-08-24,2026-08-24T07:06:38.464921+00:00,argentina,2026-08-25,Talleres (Córdoba),Rosario Central,playdoit,on,Remates a Puerta totales,Menos de 8.5,8.5,1.7,1
argentina|Talleres (Córdoba)|Rosario Central|Remates Totales|Más de 25.5|2026-08-24,2026-08-24T07:06:38.464921+00:00,argentina,2026-08-25,Talleres (Córdoba),Rosario Central,playdoit,tot,Remates Totales,Más de 25.5,25.5,1.833,1
argentina|Talleres (Córdoba)|Rosario Central|Remates Totales|Menos de 25.5|2026-08-24,2026-08-24T07:06:38.464921+00:00,argentina,2026-08-25,Talleres (Córdoba),Rosario Central,playdoit,tot,Remates Totales,Menos de 25.5,25.5,1.8,1
argentina|Talleres (Córdoba)|Rosario Central|Talleres Remates Totales|Más de 13.5|2026-08-24,2026-08-24T07:06:38.464921+00:00,argentina,2026-08-25,Talleres (Córdoba),Rosario Central,playdoit,tot,Talleres Remates Totales,Más de 13.5,13.5,1.857,1
argentina|Talleres (Córdoba)|Rosario Central|Talleres Remates Totales|Menos de 13.5|2026-08-24,2026-08-24T07:06:38.464921+00:00,argentina,2026-08-25,Talleres (Córdoba),Rosario Central,playdoit,tot,Talleres Remates Totales,Menos de 13.5,13.5,1.75,1
argentina|Talleres (Córdoba)|Rosario Central|Rosario Central Remates Totales|Más de 11.5|2026-08-24,2026-08-24T07:06:38.464921+00:00,argentina,2026-08-25,Talleres (Córdoba),Rosario Central,playdoit,tot,Rosario Central Remates Totales,Más de 11.5,11.5,1.857,1
argentina|Talleres (Córdoba)|Rosario Central|Rosario Central Remates Totales|Menos de 11.5|2026-08-24,2026-08-24T07:06:38.464921+00:00,argentina,2026-08-25,Talleres (Córdoba),Rosario Central,playdoit,tot,Rosario Central Remates Totales,Menos de 11.5,11.5,1.75,1
suecia|Malmö FF|Djurgården|Djurgården Remates a Puerta totales|Más de 3.5|2026-08-24,2026-08-24T07:06:38.464921+00:00,suecia,2026-08-24,Malmö FF,Djurgården,playdoit,on,Djurgården Remates a Puerta totales,Más de 3.5,3.5,1.462,0
suecia|Malmö FF|Djurgården|Djurgården Remates a Puerta totales|Más de 4.5|2026-08-24,2026-08-24T07:06:38.464921+00:00,suecia,2026-08-24,Malmö FF,Djurgården,playdoit,on,Djurgården Remates a Puerta totales,Más de 4.5,4.5,1.933,0
suecia|Malmö FF|Djurgården|Djurgården Remates a Puerta totales|Más de 5.5|2026-08-24,2026-08-24T07:06:38.464921+00:00,suecia,2026-08-24,Malmö FF,Djurgården,playdoit,on,Djurgården Remates a Puerta totales,Más de 5.5,5.5,2.714,0
suecia|Malmö FF|Djurgården|Djurgården Remates a Puerta totales|Menos de 3.5|2026-08-24,2026-08-24T07:06:38.464921+00:00,suecia,2026-08-24,Malmö FF,Djurgården,playdoit,on,Djurgården Remates a Puerta totales,Menos de 3.5,3.5,2.4,0
suecia|Malmö FF|Djurgården|Djurgården Remates a Puerta totales|Menos de 4.5|2026-08-24,2026-08-24T07:06:38.464921+00:00,suecia,2026-08-24,Malmö FF,Djurgården,playdoit,on,Djurgården Remates a Puerta totales,Menos de 4.5,4.5,1.714,0
suecia|Malmö FF|Djurgården|Djurgården Remates a Puerta totales|Menos de 5.5|2026-08-24,2026-08-24T07:06:38.464921+00:00,suecia,2026-08-24,Malmö FF,Djurgården,playdoit,on,Djurgården Remates a Puerta totales,Menos de 5.5,5.5,1.364,0
suecia|Malmö FF|Djurgården|Malmö Remates a Puerta totales|Más de 3.5|2026-08-24,2026-08-24T07:06:38.464921+00:00,suecia,2026-08-24,Malmö FF,Djurgården,playdoit,on,Malmö Remates a Puerta totales,Más de 3.5,3.5,1.429,0
suecia|Malmö FF|Djurgården|Malmö Remates a Puerta totales|Más de 4.5|2026-08-24,2026-08-24T07:06:38.464921+00:00,suecia,2026-08-24,Malmö FF,Djurgården,playdoit,on,Malmö Remates a Puerta totales,Más de 4.5,4.5,1.85,0
suecia|Malmö FF|Djurgården|Malmö Remates a Puerta totales|Más de 5.5|2026-08-24,2026-08-24T07:06:38.464921+00:00,suecia,2026-08-24,Malmö FF,Djurgården,playdoit,on,Malmö Remates a Puerta totales,Más de 5.5,5.5,2.546,0
suecia|Malmö FF|Djurgården|Malmö Remates a Puerta totales|Menos de 3.5|2026-08-24,2026-08-24T07:06:38.464921+00:00,suecia,2026-08-24,Malmö FF,Djurgården,playdoit,on,Malmö Remates a Puerta totales,Menos de 3.5,3.5,2.5,0
suecia|Malmö FF|Djurgården|Malmö Remates a Puerta totales|Menos de 4.5|2026-08-24,2026-08-24T07:06:38.464921+00:00,suecia,2026-08-24,Malmö FF,Djurgården,playdoit,on,Malmö Remates a Puerta totales,Menos de 4.5,4.5,1.786,0
suecia|Malmö FF|Djurgården|Malmö Remates a Puerta totales|Menos de 5.5|2026-08-24,2026-08-24T07:06:38.464921+00:00,suecia,2026-08-24,Malmö FF,Djurgården,playdoit,on,Malmö Remates a Puerta totales,Menos de 5.5,5.5,1.417,0
suecia|Malmö FF|Djurgården|1X2 Remates Totales a portería|Malmö|2026-08-24,2026-08-24T07:06:38.464921+00:00,suecia,2026-08-24,Malmö FF,Djurgården,playdoit,on,1X2 Remates Totales a portería,Malmö,,1.941,0
suecia|Malmö FF|Djurgården|1X2 Remates Totales a portería|Empate|2026-08-24,2026-08-24T07:06:38.464921+00:00,suecia,2026-08-24,Malmö FF,Djurgården,playdoit,on,1X2 Remates Totales a portería,Empate,,7.5,0
suecia|Malmö FF|Djurgården|1X2 Remates Totales a portería|Djurgården|2026-08-24,2026-08-24T07:06:38.464921+00:00,suecia,2026-08-24,Malmö FF,Djurgården,playdoit,on,1X2 Remates Totales a portería,Djurgården,,2.083,0
suecia|Malmö FF|Djurgården|1X2 Remates Totales|Malmö|2026-08-24,2026-08-24T07:06:38.464921+00:00,suecia,2026-08-24,Malmö FF,Djurgården,playdoit,tot,1X2 Remates Totales,Malmö,,1.76,0
suecia|Malmö FF|Djurgården|1X2 Remates Totales|Empate|2026-08-24,2026-08-24T07:06:38.464921+00:00,suecia,2026-08-24,Malmö FF,Djurgården,playdoit,tot,1X2 Remates Totales,Empate,,16.0,0
suecia|Malmö FF|Djurgården|1X2 Remates Totales|Djurgården|2026-08-24,2026-08-24T07:06:38.464921+00:00,suecia,2026-08-24,Malmö FF,Djurgården,playdoit,tot,1X2 Remates Totales,Djurgården,,2.0,0
suecia|Malmö FF|Djurgården|Remates a Puerta totales|Más de 8.5|2026-08-24,2026-08-24T07:06:38.464921+00:00,suecia,2026-08-24,Malmö FF,Djurgården,playdoit,on,Remates a Puerta totales,Más de 8.5,8.5,1.615,0
suecia|Malmö FF|Djurgården|Remates a Puerta totales|Más de 9.5|2026-08-24,2026-08-24T07:06:38.464921+00:00,suecia,2026-08-24,Malmö FF,Djurgården,playdoit,on,Remates a Puerta totales,Más de 9.5,9.5,2.0,0
suecia|Malmö FF|Djurgården|Remates a Puerta totales|Más de 10.5|2026-08-24,2026-08-24T07:06:38.464921+00:00,suecia,2026-08-24,Malmö FF,Djurgården,playdoit,on,Remates a Puerta totales,Más de 10.5,10.5,2.546,0
suecia|Malmö FF|Djurgården|Remates a Puerta totales|Menos de 8.5|2026-08-24,2026-08-24T07:06:38.464921+00:00,suecia,2026-08-24,Malmö FF,Djurgården,playdoit,on,Remates a Puerta totales,Menos de 8.5,8.5,2.083,0
suecia|Malmö FF|Djurgården|Remates a Puerta totales|Menos de 9.5|2026-08-24,2026-08-24T07:06:38.464921+00:00,suecia,2026-08-24,Malmö FF,Djurgården,playdoit,on,Remates a Puerta totales,Menos de 9.5,9.5,1.667,0
suecia|Malmö FF|Djurgården|Remates a Puerta totales|Menos de 10.5|2026-08-24,2026-08-24T07:06:38.464921+00:00,suecia,2026-08-24,Malmö FF,Djurgården,playdoit,on,Remates a Puerta totales,Menos de 10.5,10.5,1.417,0
suecia|Malmö FF|Djurgården|Remates Totales|Más de 25.5|2026-08-24,2026-08-24T07:06:38.464921+00:00,suecia,2026-08-24,Malmö FF,Djurgården,playdoit,tot,Remates Totales,Más de 25.5,25.5,1.546,0
suecia|Malmö FF|Djurgården|Remates Totales|Más de 26.5|2026-08-24,2026-08-24T07:06:38.464921+00:00,suecia,2026-08-24,Malmö FF,Djurgården,playdoit,tot,Remates Totales,Más de 26.5,26.5,1.75,0
suecia|Malmö FF|Djurgården|Remates Totales|Más de 27.5|2026-08-24,2026-08-24T07:06:38.464921+00:00,suecia,2026-08-24,Malmö FF,Djurgården,playdoit,tot,Remates Totales,Más de 27.5,27.5,2.0,0
suecia|Malmö FF|Djurgården|Remates Totales|Menos de 25.5|2026-08-24,2026-08-24T07:06:38.464921+00:00,suecia,2026-08-24,Malmö FF,Djurgården,playdoit,tot,Remates Totales,Menos de 25.5,25.5,2.2,0
suecia|Malmö FF|Djurgården|Remates Totales|Menos de 26.5|2026-08-24,2026-08-24T07:06:38.464921+00:00,suecia,2026-08-24,Malmö FF,Djurgården,playdoit,tot,Remates Totales,Menos de 26.5,26.5,1.889,0
suecia|Malmö FF|Djurgården|Remates Totales|Menos de 27.5|2026-08-24,2026-08-24T07:06:38.464921+00:00,suecia,2026-08-24,Malmö FF,Djurgården,playdoit,tot,Remates Totales,Menos de 27.5,27.5,1.667,0
suecia|Malmö FF|Djurgården|Malmö Remates Totales|Más de 12.5|2026-08-24,2026-08-24T07:06:38.464921+00:00,suecia,2026-08-24,Malmö FF,Djurgården,playdoit,tot,Malmö Remates Totales,Más de 12.5,12.5,1.636,0
suecia|Malmö FF|Djurgården|Malmö Remates Totales|Más de 13.5|2026-08-24,2026-08-24T07:06:38.464921+00:00,suecia,2026-08-24,Malmö FF,Djurgården,playdoit,tot,Malmö Remates Totales,Más de 13.5,13.5,1.875,0
suecia|Malmö FF|Djurgården|Malmö Remates Totales|Más de 14.5|2026-08-24,2026-08-24T07:06:38.464921+00:00,suecia,2026-08-24,Malmö FF,Djurgården,playdoit,tot,Malmö Remates Totales,Más de 14.5,14.5,2.2,0
suecia|Malmö FF|Djurgården|Malmö Remates Totales|Menos de 12.5|2026-08-24,2026-08-24T07:06:38.464921+00:00,suecia,2026-08-24,Malmö FF,Djurgården,playdoit,tot,Malmö Remates Totales,Menos de 12.5,12.5,2.05,0
suecia|Malmö FF|Djurgården|Malmö Remates Totales|Menos de 13.5|2026-08-24,2026-08-24T07:06:38.464921+00:00,suecia,2026-08-24,Malmö FF,Djurgården,playdoit,tot,Malmö Remates Totales,Menos de 13.5,13.5,1.76,0
suecia|Malmö FF|Djurgården|Malmö Remates Totales|Menos de 14.5|2026-08-24,2026-08-24T07:06:38.464921+00:00,suecia,2026-08-24,Malmö FF,Djurgården,playdoit,tot,Malmö Remates Totales,Menos de 14.5,14.5,1.546,0
suecia|Malmö FF|Djurgården|Djurgården Remates Totales|Más de 11.5|2026-08-24,2026-08-24T07:06:38.464921+00:00,suecia,2026-08-24,Malmö FF,Djurgården,playdoit,tot,Djurgården Remates Totales,Más de 11.5,11.5,1.538,0
suecia|Malmö FF|Djurgården|Djurgården Remates Totales|Más de 12.5|2026-08-24,2026-08-24T07:06:38.464921+00:00,suecia,2026-08-24,Malmö FF,Djurgården,playdoit,tot,Djurgården Remates Totales,Más de 12.5,12.5,1.76,0
suecia|Malmö FF|Djurgården|Djurgården Remates Totales|Más de 13.5|2026-08-24,2026-08-24T07:06:38.464921+00:00,suecia,2026-08-24,Malmö FF,Djurgården,playdoit,tot,Djurgården Remates Totales,Más de 13.5,13.5,2.05,0
suecia|Malmö FF|Djurgården|Djurgården Remates Totales|Menos de 11.5|2026-08-24,2026-08-24T07:06:38.464921+00:00,suecia,2026-08-24,Malmö FF,Djurgården,playdoit,tot,Djurgården Remates Totales,Menos de 11.5,11.5,2.222,0
suecia|Malmö FF|Djurgården|Djurgården Remates Totales|Menos de 12.5|2026-08-24,2026-08-24T07:06:38.464921+00:00,suecia,2026-08-24,Malmö FF,Djurgården,playdoit,tot,Djurgården Remates Totales,Menos de 12.5,12.5,1.875,0
suecia|Malmö FF|Djurgården|Djurgården Remates Totales|Menos de 13.5|2026-08-24,2026-08-24T07:06:38.464921+00:00,suecia,2026-08-24,Malmö FF,Djurgården,playdoit,tot,Djurgården Remates Totales,Menos de 13.5,13.5,1.636,0
dinamarca|Brøndby IF|Silkeborg IF|Silkeborg IF Remates a Puerta totales|Más de 2.5|2026-08-24,2026-08-24T07:06:38.464921+00:00,dinamarca,2026-08-24,Brøndby IF,Silkeborg IF,playdoit,on,Silkeborg IF Remates a Puerta totales,Más de 2.5,2.5,1.52,0
dinamarca|Brøndby IF|Silkeborg IF|Silkeborg IF Remates a Puerta totales|Más de 3.5|2026-08-24,2026-08-24T07:06:38.464921+00:00,dinamarca,2026-08-24,Brøndby IF,Silkeborg IF,playdoit,on,Silkeborg IF Remates a Puerta totales,Más de 3.5,3.5,2.143,0
dinamarca|Brøndby IF|Silkeborg IF|Silkeborg IF Remates a Puerta totales|Más de 4.5|2026-08-24,2026-08-24T07:06:38.464921+00:00,dinamarca,2026-08-24,Brøndby IF,Silkeborg IF,playdoit,on,Silkeborg IF Remates a Puerta totales,Más de 4.5,4.5,3.2,0
dinamarca|Brøndby IF|Silkeborg IF|Silkeborg IF Remates a Puerta totales|Menos de 2.5|2026-08-24,2026-08-24T07:06:38.464921+00:00,dinamarca,2026-08-24,Brøndby IF,Silkeborg IF,playdoit,on,Silkeborg IF Remates a Puerta totales,Menos de 2.5,2.5,2.25,0
dinamarca|Brøndby IF|Silkeborg IF|Silkeborg IF Remates a Puerta totales|Menos de 3.5|2026-08-24,2026-08-24T07:06:38.464921+00:00,dinamarca,2026-08-24,Brøndby IF,Silkeborg IF,playdoit,on,Silkeborg IF Remates a Puerta totales,Menos de 3.5,3.5,1.583,0
dinamarca|Brøndby IF|Silkeborg IF|Silkeborg IF Remates a Puerta totales|Menos de 4.5|2026-08-24,2026-08-24T07:06:38.464921+00:00,dinamarca,2026-08-24,Brøndby IF,Silkeborg IF,playdoit,on,Silkeborg IF Remates a Puerta totales,Menos de 4.5,4.5,1.273,0
dinamarca|Brøndby IF|Silkeborg IF|Brøndby IF Remates a Puerta totales|Más de 5.5|2026-08-24,2026-08-24T07:06:38.464921+00:00,dinamarca,2026-08-24,Brøndby IF,Silkeborg IF,playdoit,on,Brøndby IF Remates a Puerta totales,Más de 5.5,5.5,1.53,0
dinamarca|Brøndby IF|Silkeborg IF|Brøndby IF Remates a Puerta totales|Más de 6.5|2026-08-24,2026-08-24T07:06:38.464921+00:00,dinamarca,2026-08-24,Brøndby IF,Silkeborg IF,playdoit,on,Brøndby IF Remates a Puerta totales,Más de 6.5,6.5,1.933,0
dinamarca|Brøndby IF|Silkeborg IF|Brøndby IF Remates a Puerta totales|Más de 7.5|2026-08-24,2026-08-24T07:06:38.464921+00:00,dinamarca,2026-08-24,Brøndby IF,Silkeborg IF,playdoit,on,Brøndby IF Remates a Puerta totales,Más de 7.5,7.5,2.5,0
dinamarca|Brøndby IF|Silkeborg IF|Brøndby IF Remates a Puerta totales|Menos de 5.5|2026-08-24,2026-08-24T07:06:38.464921+00:00,dinamarca,2026-08-24,Brøndby IF,Silkeborg IF,playdoit,on,Brøndby IF Remates a Puerta totales,Menos de 5.5,5.5,2.25,0
dinamarca|Brøndby IF|Silkeborg IF|Brøndby IF Remates a Puerta totales|Menos de 6.5|2026-08-24,2026-08-24T07:06:38.464921+00:00,dinamarca,2026-08-24,Brøndby IF,Silkeborg IF,playdoit,on,Brøndby IF Remates a Puerta totales,Menos de 6.5,6.5,1.714,0
dinamarca|Brøndby IF|Silkeborg IF|Brøndby IF Remates a Puerta totales|Menos de 7.5|2026-08-24,2026-08-24T07:06:38.464921+00:00,dinamarca,2026-08-24,Brøndby IF,Silkeborg IF,playdoit,on,Brøndby IF Remates a Puerta totales,Menos de 7.5,7.5,1.429,0
dinamarca|Brøndby IF|Silkeborg IF|1X2 Remates Totales a portería|Brøndby IF|2026-08-24,2026-08-24T07:06:38.464921+00:00,dinamarca,2026-08-24,Brøndby IF,Silkeborg IF,playdoit,on,1X2 Remates Totales a portería,Brøndby IF,,1.231,0
dinamarca|Brøndby IF|Silkeborg IF|1X2 Remates Totales a portería|Empate|2026-08-24,2026-08-24T07:06:38.464921+00:00,dinamarca,2026-08-24,Brøndby IF,Silkeborg IF,playdoit,on,1X2 Remates Totales a portería,Empate,,9.5,0
dinamarca|Brøndby IF|Silkeborg IF|1X2 Remates Totales a portería|Silkeborg IF|2026-08-24,2026-08-24T07:06:38.464921+00:00,dinamarca,2026-08-24,Brøndby IF,Silkeborg IF,playdoit,on,1X2 Remates Totales a portería,Silkeborg IF,,4.75,0
dinamarca|Brøndby IF|Silkeborg IF|1X2 Remates Totales|Brøndby IF|2026-08-24,2026-08-24T07:06:38.464921+00:00,dinamarca,2026-08-24,Brøndby IF,Silkeborg IF,playdoit,tot,1X2 Remates Totales,Brøndby IF,,1.154,0
dinamarca|Brøndby IF|Silkeborg IF|1X2 Remates Totales|Empate|2026-08-24,2026-08-24T07:06:38.464921+00:00,dinamarca,2026-08-24,Brøndby IF,Silkeborg IF,playdoit,tot,1X2 Remates Totales,Empate,,16.0,0
dinamarca|Brøndby IF|Silkeborg IF|1X2 Remates Totales|Silkeborg IF|2026-08-24,2026-08-24T07:06:38.464921+00:00,dinamarca,2026-08-24,Brøndby IF,Silkeborg IF,playdoit,tot,1X2 Remates Totales,Silkeborg IF,,5.0,0
dinamarca|Brøndby IF|Silkeborg IF|Remates a Puerta totales|Más de 8.5|2026-08-24,2026-08-24T07:06:38.464921+00:00,dinamarca,2026-08-24,Brøndby IF,Silkeborg IF,playdoit,on,Remates a Puerta totales,Más de 8.5,8.5,1.429,0
dinamarca|Brøndby IF|Silkeborg IF|Remates a Puerta totales|Más de 9.5|2026-08-24,2026-08-24T07:06:38.464921+00:00,dinamarca,2026-08-24,Brøndby IF,Silkeborg IF,playdoit,on,Remates a Puerta totales,Más de 9.5,9.5,1.714,0
dinamarca|Brøndby IF|Silkeborg IF|Remates a Puerta totales|Más de 10.5|2026-08-24,2026-08-24T07:06:38.464921+00:00,dinamarca,2026-08-24,Brøndby IF,Silkeborg IF,playdoit,on,Remates a Puerta totales,Más de 10.5,10.5,2.143,0
dinamarca|Brøndby IF|Silkeborg IF|Remates a Puerta totales|Menos de 8.5|2026-08-24,2026-08-24T07:06:38.464921+00:00,dinamarca,2026-08-24,Brøndby IF,Silkeborg IF,playdoit,on,Remates a Puerta totales,Menos de 8.5,8.5,2.5,0
dinamarca|Brøndby IF|Silkeborg IF|Remates a Puerta totales|Menos de 9.5|2026-08-24,2026-08-24T07:06:38.464921+00:00,dinamarca,2026-08-24,Brøndby IF,Silkeborg IF,playdoit,on,Remates a Puerta totales,Menos de 9.5,9.5,1.933,0
dinamarca|Brøndby IF|Silkeborg IF|Remates a Puerta totales|Menos de 10.5|2026-08-24,2026-08-24T07:06:38.464921+00:00,dinamarca,2026-08-24,Brøndby IF,Silkeborg IF,playdoit,on,Remates a Puerta totales,Menos de 10.5,10.5,1.583,0
dinamarca|Brøndby IF|Silkeborg IF|Remates Totales|Más de 26.5|2026-08-24,2026-08-24T07:06:38.464921+00:00,dinamarca,2026-08-24,Brøndby IF,Silkeborg IF,playdoit,tot,Remates Totales,Más de 26.5,26.5,1.6,0
dinamarca|Brøndby IF|Silkeborg IF|Remates Totales|Más de 27.5|2026-08-24,2026-08-24T07:06:38.464921+00:00,dinamarca,2026-08-24,Brøndby IF,Silkeborg IF,playdoit,tot,Remates Totales,Más de 27.5,27.5,1.8,0
dinamarca|Brøndby IF|Silkeborg IF|Remates Totales|Más de 28.5|2026-08-24,2026-08-24T07:06:38.464921+00:00,dinamarca,2026-08-24,Brøndby IF,Silkeborg IF,playdoit,tot,Remates Totales,Más de 28.5,28.5,2.05,0
dinamarca|Brøndby IF|Silkeborg IF|Remates Totales|Menos de 26.5|2026-08-24,2026-08-24T07:06:38.464921+00:00,dinamarca,2026-08-24,Brøndby IF,Silkeborg IF,playdoit,tot,Remates Totales,Menos de 26.5,26.5,2.1,0
dinamarca|Brøndby IF|Silkeborg IF|Remates Totales|Menos de 27.5|2026-08-24,2026-08-24T07:06:38.464921+00:00,dinamarca,2026-08-24,Brøndby IF,Silkeborg IF,playdoit,tot,Remates Totales,Menos de 27.5,27.5,1.833,0
dinamarca|Brøndby IF|Silkeborg IF|Remates Totales|Menos de 28.5|2026-08-24,2026-08-24T07:06:38.464921+00:00,dinamarca,2026-08-24,Brøndby IF,Silkeborg IF,playdoit,tot,Remates Totales,Menos de 28.5,28.5,1.636,0
dinamarca|Brøndby IF|Silkeborg IF|Brøndby IF Remates Totales|Más de 16.5|2026-08-24,2026-08-24T07:06:38.464921+00:00,dinamarca,2026-08-24,Brøndby IF,Silkeborg IF,playdoit,tot,Brøndby IF Remates Totales,Más de 16.5,16.5,1.625,0
dinamarca|Brøndby IF|Silkeborg IF|Brøndby IF Remates Totales|Más de 17.5|2026-08-24,2026-08-24T07:06:38.464921+00:00,dinamarca,2026-08-24,Brøndby IF,Silkeborg IF,playdoit,tot,Brøndby IF Remates Totales,Más de 17.5,17.5,1.833,0
dinamarca|Brøndby IF|Silkeborg IF|Brøndby IF Remates Totales|Más de 18.5|2026-08-24,2026-08-24T07:06:38.464921+00:00,dinamarca,2026-08-24,Brøndby IF,Silkeborg IF,playdoit,tot,Brøndby IF Remates Totales,Más de 18.5,18.5,2.1,0
dinamarca|Brøndby IF|Silkeborg IF|Brøndby IF Remates Totales|Menos de 16.5|2026-08-24,2026-08-24T07:06:38.464921+00:00,dinamarca,2026-08-24,Brøndby IF,Silkeborg IF,playdoit,tot,Brøndby IF Remates Totales,Menos de 16.5,16.5,2.05,0
dinamarca|Brøndby IF|Silkeborg IF|Brøndby IF Remates Totales|Menos de 17.5|2026-08-24,2026-08-24T07:06:38.464921+00:00,dinamarca,2026-08-24,Brøndby IF,Silkeborg IF,playdoit,tot,Brøndby IF Remates Totales,Menos de 17.5,17.5,1.8,0
dinamarca|Brøndby IF|Silkeborg IF|Brøndby IF Remates Totales|Menos de 18.5|2026-08-24,2026-08-24T07:06:38.464921+00:00,dinamarca,2026-08-24,Brøndby IF,Silkeborg IF,playdoit,tot,Brøndby IF Remates Totales,Menos de 18.5,18.5,1.6,0
dinamarca|Brøndby IF|Silkeborg IF|Silkeborg IF Remates Totales|Más de 8.5|2026-08-24,2026-08-24T07:06:38.464921+00:00,dinamarca,2026-08-24,Brøndby IF,Silkeborg IF,playdoit,tot,Silkeborg IF Remates Totales,Más de 8.5,8.5,1.538,0
dinamarca|Brøndby IF|Silkeborg IF|Silkeborg IF Remates Totales|Más de 9.5|2026-08-24,2026-08-24T07:06:38.464921+00:00,dinamarca,2026-08-24,Brøndby IF,Silkeborg IF,playdoit,tot,Silkeborg IF Remates Totales,Más de 9.5,9.5,1.818,0
dinamarca|Brøndby IF|Silkeborg IF|Silkeborg IF Remates Totales|Más de 10.5|2026-08-24,2026-08-24T07:06:38.464921+00:00,dinamarca,2026-08-24,Brøndby IF,Silkeborg IF,playdoit,tot,Silkeborg IF Remates Totales,Más de 10.5,10.5,2.167,0
dinamarca|Brøndby IF|Silkeborg IF|Silkeborg IF Remates Totales|Menos de 8.5|2026-08-24,2026-08-24T07:06:38.464921+00:00,dinamarca,2026-08-24,Brøndby IF,Silkeborg IF,playdoit,tot,Silkeborg IF Remates Totales,Menos de 8.5,8.5,2.222,0
dinamarca|Brøndby IF|Silkeborg IF|Silkeborg IF Remates Totales|Menos de 9.5|2026-08-24,2026-08-24T07:06:38.464921+00:00,dinamarca,2026-08-24,Brøndby IF,Silkeborg IF,playdoit,tot,Silkeborg IF Remates Totales,Menos de 9.5,9.5,1.818,0
dinamarca|Brøndby IF|Silkeborg IF|Silkeborg IF Remates Totales|Menos de 10.5|2026-08-24,2026-08-24T07:06:38.464921+00:00,dinamarca,2026-08-24,Brøndby IF,Silkeborg IF,playdoit,tot,Silkeborg IF Remates Totales,Menos de 10.5,10.5,1.571,0
premier|Fulham|Chelsea|Chelsea Remates a Puerta totales|Más de 3.5|2026-08-24,2026-08-24T07:06:38.464921+00:00,premier,2026-08-24,Fulham,Chelsea,playdoit,on,Chelsea Remates a Puerta totales,Más de 3.5,3.5,1.35,0
premier|Fulham|Chelsea|Chelsea Remates a Puerta totales|Más de 4.5|2026-08-24,2026-08-24T07:06:38.464921+00:00,premier,2026-08-24,Fulham,Chelsea,playdoit,on,Chelsea Remates a Puerta totales,Más de 4.5,4.5,1.733,0
premier|Fulham|Chelsea|Chelsea Remates a Puerta totales|Más de 5.5|2026-08-24,2026-08-24T07:06:38.464921+00:00,premier,2026-08-24,Fulham,Chelsea,playdoit,on,Chelsea Remates a Puerta totales,Más de 5.5,5.5,2.3,0
premier|Fulham|Chelsea|Chelsea Remates a Puerta totales|Menos de 3.5|2026-08-24,2026-08-24T07:06:38.464921+00:00,premier,2026-08-24,Fulham,Chelsea,playdoit,on,Chelsea Remates a Puerta totales,Menos de 3.5,3.5,2.8,0
premier|Fulham|Chelsea|Chelsea Remates a Puerta totales|Menos de 4.5|2026-08-24,2026-08-24T07:06:38.464921+00:00,premier,2026-08-24,Fulham,Chelsea,playdoit,on,Chelsea Remates a Puerta totales,Menos de 4.5,4.5,1.941,0
premier|Fulham|Chelsea|Chelsea Remates a Puerta totales|Menos de 5.5|2026-08-24,2026-08-24T07:06:38.464921+00:00,premier,2026-08-24,Fulham,Chelsea,playdoit,on,Chelsea Remates a Puerta totales,Menos de 5.5,5.5,1.5,0
premier|Fulham|Chelsea|Fulham Remates a Puerta totales|Más de 3.5|2026-08-24,2026-08-24T07:06:38.464921+00:00,premier,2026-08-24,Fulham,Chelsea,playdoit,on,Fulham Remates a Puerta totales,Más de 3.5,3.5,1.571,0
premier|Fulham|Chelsea|Fulham Remates a Puerta totales|Más de 4.5|2026-08-24,2026-08-24T07:06:38.464921+00:00,premier,2026-08-24,Fulham,Chelsea,playdoit,on,Fulham Remates a Puerta totales,Más de 4.5,4.5,2.125,0
premier|Fulham|Chelsea|Fulham Remates a Puerta totales|Más de 5.5|2026-08-24,2026-08-24T07:06:38.464921+00:00,premier,2026-08-24,Fulham,Chelsea,playdoit,on,Fulham Remates a Puerta totales,Más de 5.5,5.5,3.0,0
premier|Fulham|Chelsea|Fulham Remates a Puerta totales|Menos de 3.5|2026-08-24,2026-08-24T07:06:38.464921+00:00,premier,2026-08-24,Fulham,Chelsea,playdoit,on,Fulham Remates a Puerta totales,Menos de 3.5,3.5,2.167,0
premier|Fulham|Chelsea|Fulham Remates a Puerta totales|Menos de 4.5|2026-08-24,2026-08-24T07:06:38.464921+00:00,premier,2026-08-24,Fulham,Chelsea,playdoit,on,Fulham Remates a Puerta totales,Menos de 4.5,4.5,1.615,0
premier|Fulham|Chelsea|Fulham Remates a Puerta totales|Menos de 5.5|2026-08-24,2026-08-24T07:06:38.464921+00:00,premier,2026-08-24,Fulham,Chelsea,playdoit,on,Fulham Remates a Puerta totales,Menos de 5.5,5.5,1.308,0
premier|Fulham|Chelsea|1X2 Remates Totales a portería|Fulham|2026-08-24,2026-08-24T07:06:38.464921+00:00,premier,2026-08-24,Fulham,Chelsea,playdoit,on,1X2 Remates Totales a portería,Fulham,,2.364,0
premier|Fulham|Chelsea|1X2 Remates Totales a portería|Empate|2026-08-24,2026-08-24T07:06:38.464921+00:00,premier,2026-08-24,Fulham,Chelsea,playdoit,on,1X2 Remates Totales a portería,Empate,,7.5,0
premier|Fulham|Chelsea|1X2 Remates Totales a portería|Chelsea|2026-08-24,2026-08-24T07:06:38.464921+00:00,premier,2026-08-24,Fulham,Chelsea,playdoit,on,1X2 Remates Totales a portería,Chelsea,,1.778,0
premier|Fulham|Chelsea|1X2 Remates Totales|Fulham|2026-08-24,2026-08-24T07:06:38.464921+00:00,premier,2026-08-24,Fulham,Chelsea,playdoit,tot,1X2 Remates Totales,Fulham,,2.167,0
premier|Fulham|Chelsea|1X2 Remates Totales|Empate|2026-08-24,2026-08-24T07:06:38.464921+00:00,premier,2026-08-24,Fulham,Chelsea,playdoit,tot,1X2 Remates Totales,Empate,,16.0,0
premier|Fulham|Chelsea|1X2 Remates Totales|Chelsea|2026-08-24,2026-08-24T07:06:38.464921+00:00,premier,2026-08-24,Fulham,Chelsea,playdoit,tot,1X2 Remates Totales,Chelsea,,1.68,0
premier|Fulham|Chelsea|Remates a Puerta totales|Más de 8.5|2026-08-24,2026-08-24T07:06:38.464921+00:00,premier,2026-08-24,Fulham,Chelsea,playdoit,on,Remates a Puerta totales,Más de 8.5,8.5,1.6,0
premier|Fulham|Chelsea|Remates a Puerta totales|Más de 9.5|2026-08-24,2026-08-24T07:06:38.464921+00:00,premier,2026-08-24,Fulham,Chelsea,playdoit,on,Remates a Puerta totales,Más de 9.5,9.5,2.0,0
premier|Fulham|Chelsea|Remates a Puerta totales|Más de 10.5|2026-08-24,2026-08-24T07:06:38.464921+00:00,premier,2026-08-24,Fulham,Chelsea,playdoit,on,Remates a Puerta totales,Más de 10.5,10.5,2.5,0
premier|Fulham|Chelsea|Remates a Puerta totales|Menos de 8.5|2026-08-24,2026-08-24T07:06:38.464921+00:00,premier,2026-08-24,Fulham,Chelsea,playdoit,on,Remates a Puerta totales,Menos de 8.5,8.5,2.1,0
premier|Fulham|Chelsea|Remates a Puerta totales|Menos de 9.5|2026-08-24,2026-08-24T07:06:38.464921+00:00,premier,2026-08-24,Fulham,Chelsea,playdoit,on,Remates a Puerta totales,Menos de 9.5,9.5,1.692,0
premier|Fulham|Chelsea|Remates a Puerta totales|Menos de 10.5|2026-08-24,2026-08-24T07:06:38.464921+00:00,premier,2026-08-24,Fulham,Chelsea,playdoit,on,Remates a Puerta totales,Menos de 10.5,10.5,1.429,0
premier|Fulham|Chelsea|Remates Totales|Más de 24.5|2026-08-24,2026-08-24T07:06:38.464921+00:00,premier,2026-08-24,Fulham,Chelsea,playdoit,tot,Remates Totales,Más de 24.5,24.5,1.6,0
premier|Fulham|Chelsea|Remates Totales|Más de 25.5|2026-08-24,2026-08-24T07:06:38.464921+00:00,premier,2026-08-24,Fulham,Chelsea,playdoit,tot,Remates Totales,Más de 25.5,25.5,1.818,0
premier|Fulham|Chelsea|Remates Totales|Más de 26.5|2026-08-24,2026-08-24T07:06:38.464921+00:00,premier,2026-08-24,Fulham,Chelsea,playdoit,tot,Remates Totales,Más de 26.5,26.5,2.05,0
premier|Fulham|Chelsea|Remates Totales|Menos de 24.5|2026-08-24,2026-08-24T07:06:38.464921+00:00,premier,2026-08-24,Fulham,Chelsea,playdoit,tot,Remates Totales,Menos de 24.5,24.5,2.1,0
premier|Fulham|Chelsea|Remates Totales|Menos de 25.5|2026-08-24,2026-08-24T07:06:38.464921+00:00,premier,2026-08-24,Fulham,Chelsea,playdoit,tot,Remates Totales,Menos de 25.5,25.5,1.85,0
premier|Fulham|Chelsea|Remates Totales|Menos de 26.5|2026-08-24,2026-08-24T07:06:38.464921+00:00,premier,2026-08-24,Fulham,Chelsea,playdoit,tot,Remates Totales,Menos de 26.5,26.5,1.636,0
premier|Fulham|Chelsea|Fulham Remates Totales|Más de 10.5|2026-08-24,2026-08-24T07:06:38.464921+00:00,premier,2026-08-24,Fulham,Chelsea,playdoit,tot,Fulham Remates Totales,Más de 10.5,10.5,1.53,0
premier|Fulham|Chelsea|Fulham Remates Totales|Más de 11.5|2026-08-24,2026-08-24T07:06:38.464921+00:00,premier,2026-08-24,Fulham,Chelsea,playdoit,tot,Fulham Remates Totales,Más de 11.5,11.5,1.778,0
premier|Fulham|Chelsea|Fulham Remates Totales|Más de 12.5|2026-08-24,2026-08-24T07:06:38.464921+00:00,premier,2026-08-24,Fulham,Chelsea,playdoit,tot,Fulham Remates Totales,Más de 12.5,12.5,2.083,0
premier|Fulham|Chelsea|Fulham Remates Totales|Menos de 10.5|2026-08-24,2026-08-24T07:06:38.464921+00:00,premier,2026-08-24,Fulham,Chelsea,playdoit,tot,Fulham Remates Totales,Menos de 10.5,10.5,2.25,0
premier|Fulham|Chelsea|Fulham Remates Totales|Menos de 11.5|2026-08-24,2026-08-24T07:06:38.464921+00:00,premier,2026-08-24,Fulham,Chelsea,playdoit,tot,Fulham Remates Totales,Menos de 11.5,11.5,1.889,0
premier|Fulham|Chelsea|Fulham Remates Totales|Menos de 12.5|2026-08-24,2026-08-24T07:06:38.464921+00:00,premier,2026-08-24,Fulham,Chelsea,playdoit,tot,Fulham Remates Totales,Menos de 12.5,12.5,1.615,0
premier|Fulham|Chelsea|Chelsea Remates Totales|Más de 12.5|2026-08-24,2026-08-24T07:06:38.464921+00:00,premier,2026-08-24,Fulham,Chelsea,playdoit,tot,Chelsea Remates Totales,Más de 12.5,12.5,1.667,0
premier|Fulham|Chelsea|Chelsea Remates Totales|Más de 13.5|2026-08-24,2026-08-24T07:06:38.464921+00:00,premier,2026-08-24,Fulham,Chelsea,playdoit,tot,Chelsea Remates Totales,Más de 13.5,13.5,1.95,0
premier|Fulham|Chelsea|Chelsea Remates Totales|Más de 14.5|2026-08-24,2026-08-24T07:06:38.464921+00:00,premier,2026-08-24,Fulham,Chelsea,playdoit,tot,Chelsea Remates Totales,Más de 14.5,14.5,2.25,0
premier|Fulham|Chelsea|Chelsea Remates Totales|Menos de 12.5|2026-08-24,2026-08-24T07:06:38.464921+00:00,premier,2026-08-24,Fulham,Chelsea,playdoit,tot,Chelsea Remates Totales,Menos de 12.5,12.5,2.0,0
premier|Fulham|Chelsea|Chelsea Remates Totales|Menos de 13.5|2026-08-24,2026-08-24T07:06:38.464921+00:00,premier,2026-08-24,Fulham,Chelsea,playdoit,tot,Chelsea Remates Totales,Menos de 13.5,13.5,1.727,0
premier|Fulham|Chelsea|Chelsea Remates Totales|Menos de 14.5|2026-08-24,2026-08-24T07:06:38.464921+00:00,premier,2026-08-24,Fulham,Chelsea,playdoit,tot,Chelsea Remates Totales,Menos de 14.5,14.5,1.52,0
laliga|Osasuna|Levante|Levante Remates a Puerta totales|Más de 2.5|2026-08-24,2026-08-24T07:06:38.464921+00:00,laliga,2026-08-24,Osasuna,Levante,playdoit,on,Levante Remates a Puerta totales,Más de 2.5,2.5,1.462,0
laliga|Osasuna|Levante|Levante Remates a Puerta totales|Más de 3.5|2026-08-24,2026-08-24T07:06:38.464921+00:00,laliga,2026-08-24,Osasuna,Levante,playdoit,on,Levante Remates a Puerta totales,Más de 3.5,3.5,2.05,0
laliga|Osasuna|Levante|Levante Remates a Puerta totales|Más de 4.5|2026-08-24,2026-08-24T07:06:38.464921+00:00,laliga,2026-08-24,Osasuna,Levante,playdoit,on,Levante Remates a Puerta totales,Más de 4.5,4.5,3.0,0
laliga|Osasuna|Levante|Levante Remates a Puerta totales|Menos de 2.5|2026-08-24,2026-08-24T07:06:38.464921+00:00,laliga,2026-08-24,Osasuna,Levante,playdoit,on,Levante Remates a Puerta totales,Menos de 2.5,2.5,2.4,0
laliga|Osasuna|Levante|Levante Remates a Puerta totales|Menos de 3.5|2026-08-24,2026-08-24T07:06:38.464921+00:00,laliga,2026-08-24,Osasuna,Levante,playdoit,on,Levante Remates a Puerta totales,Menos de 3.5,3.5,1.647,0
laliga|Osasuna|Levante|Levante Remates a Puerta totales|Menos de 4.5|2026-08-24,2026-08-24T07:06:38.464921+00:00,laliga,2026-08-24,Osasuna,Levante,playdoit,on,Levante Remates a Puerta totales,Menos de 4.5,4.5,1.308,0
laliga|Osasuna|Levante|CA Osasuna Remates a Puerta totales|Más de 3.5|2026-08-24,2026-08-24T07:06:38.464921+00:00,laliga,2026-08-24,Osasuna,Levante,playdoit,on,CA Osasuna Remates a Puerta totales,Más de 3.5,3.5,1.35,0
laliga|Osasuna|Levante|CA Osasuna Remates a Puerta totales|Más de 4.5|2026-08-24,2026-08-24T07:06:38.464921+00:00,laliga,2026-08-24,Osasuna,Levante,playdoit,on,CA Osasuna Remates a Puerta totales,Más de 4.5,4.5,1.714,0
laliga|Osasuna|Levante|CA Osasuna Remates a Puerta totales|Más de 5.5|2026-08-24,2026-08-24T07:06:38.464921+00:00,laliga,2026-08-24,Osasuna,Levante,playdoit,on,CA Osasuna Remates a Puerta totales,Más de 5.5,5.5,2.25,0
laliga|Osasuna|Levante|CA Osasuna Remates a Puerta totales|Menos de 3.5|2026-08-24,2026-08-24T07:06:38.464921+00:00,laliga,2026-08-24,Osasuna,Levante,playdoit,on,CA Osasuna Remates a Puerta totales,Menos de 3.5,3.5,2.8,0
laliga|Osasuna|Levante|CA Osasuna Remates a Puerta totales|Menos de 4.5|2026-08-24,2026-08-24T07:06:38.464921+00:00,laliga,2026-08-24,Osasuna,Levante,playdoit,on,CA Osasuna Remates a Puerta totales,Menos de 4.5,4.5,1.96,0
laliga|Osasuna|Levante|CA Osasuna Remates a Puerta totales|Menos de 5.5|2026-08-24,2026-08-24T07:06:38.464921+00:00,laliga,2026-08-24,Osasuna,Levante,playdoit,on,CA Osasuna Remates a Puerta totales,Menos de 5.5,5.5,1.52,0
laliga|Osasuna|Levante|1X2 Remates Totales a portería|CA Osasuna|2026-08-24,2026-08-24T07:06:38.464921+00:00,laliga,2026-08-24,Osasuna,Levante,playdoit,on,1X2 Remates Totales a portería,CA Osasuna,,1.5,0
laliga|Osasuna|Levante|1X2 Remates Totales a portería|Empate|2026-08-24,2026-08-24T07:06:38.464921+00:00,laliga,2026-08-24,Osasuna,Levante,playdoit,on,1X2 Remates Totales a portería,Empate,,7.5,0
laliga|Osasuna|Levante|1X2 Remates Totales a portería|Levante|2026-08-24,2026-08-24T07:06:38.464921+00:00,laliga,2026-08-24,Osasuna,Levante,playdoit,on,1X2 Remates Totales a portería,Levante,,3.1,0
laliga|Osasuna|Levante|1X2 Remates Totales|CA Osasuna|2026-08-24,2026-08-24T07:06:38.464921+00:00,laliga,2026-08-24,Osasuna,Levante,playdoit,tot,1X2 Remates Totales,CA Osasuna,,1.32,0
laliga|Osasuna|Levante|1X2 Remates Totales|Empate|2026-08-24,2026-08-24T07:06:38.464921+00:00,laliga,2026-08-24,Osasuna,Levante,playdoit,tot,1X2 Remates Totales,Empate,,16.0,0
laliga|Osasuna|Levante|1X2 Remates Totales|Levante|2026-08-24,2026-08-24T07:06:38.464921+00:00,laliga,2026-08-24,Osasuna,Levante,playdoit,tot,1X2 Remates Totales,Levante,,3.333,0
laliga|Osasuna|Levante|Remates a Puerta totales|Más de 7.5|2026-08-24,2026-08-24T07:06:38.464921+00:00,laliga,2026-08-24,Osasuna,Levante,playdoit,on,Remates a Puerta totales,Más de 7.5,7.5,1.538,0
laliga|Osasuna|Levante|Remates a Puerta totales|Más de 8.5|2026-08-24,2026-08-24T07:06:38.464921+00:00,laliga,2026-08-24,Osasuna,Levante,playdoit,on,Remates a Puerta totales,Más de 8.5,8.5,1.909,0
laliga|Osasuna|Levante|Remates a Puerta totales|Más de 9.5|2026-08-24,2026-08-24T07:06:38.464921+00:00,laliga,2026-08-24,Osasuna,Levante,playdoit,on,Remates a Puerta totales,Más de 9.5,9.5,2.5,0
laliga|Osasuna|Levante|Remates a Puerta totales|Menos de 7.5|2026-08-24,2026-08-24T07:06:38.464921+00:00,laliga,2026-08-24,Osasuna,Levante,playdoit,on,Remates a Puerta totales,Menos de 7.5,7.5,2.222,0
laliga|Osasuna|Levante|Remates a Puerta totales|Menos de 8.5|2026-08-24,2026-08-24T07:06:38.464921+00:00,laliga,2026-08-24,Osasuna,Levante,playdoit,on,Remates a Puerta totales,Menos de 8.5,8.5,1.76,0
laliga|Osasuna|Levante|Remates a Puerta totales|Menos de 9.5|2026-08-24,2026-08-24T07:06:38.464921+00:00,laliga,2026-08-24,Osasuna,Levante,playdoit,on,Remates a Puerta totales,Menos de 9.5,9.5,1.429,0
laliga|Osasuna|Levante|Remates Totales|Más de 24.5|2026-08-24,2026-08-24T07:06:38.464921+00:00,laliga,2026-08-24,Osasuna,Levante,playdoit,tot,Remates Totales,Más de 24.5,24.5,1.615,0
laliga|Osasuna|Levante|Remates Totales|Más de 25.5|2026-08-24,2026-08-24T07:06:38.464921+00:00,laliga,2026-08-24,Osasuna,Levante,playdoit,tot,Remates Totales,Más de 25.5,25.5,1.833,0
laliga|Osasuna|Levante|Remates Totales|Más de 26.5|2026-08-24,2026-08-24T07:06:38.464921+00:00,laliga,2026-08-24,Osasuna,Levante,playdoit,tot,Remates Totales,Más de 26.5,26.5,2.083,0
laliga|Osasuna|Levante|Remates Totales|Menos de 24.5|2026-08-24,2026-08-24T07:06:38.464921+00:00,laliga,2026-08-24,Osasuna,Levante,playdoit,tot,Remates Totales,Menos de 24.5,24.5,2.083,0
laliga|Osasuna|Levante|Remates Totales|Menos de 25.5|2026-08-24,2026-08-24T07:06:38.464921+00:00,laliga,2026-08-24,Osasuna,Levante,playdoit,tot,Remates Totales,Menos de 25.5,25.5,1.833,0
laliga|Osasuna|Levante|Remates Totales|Menos de 26.5|2026-08-24,2026-08-24T07:06:38.464921+00:00,laliga,2026-08-24,Osasuna,Levante,playdoit,tot,Remates Totales,Menos de 26.5,26.5,1.615,0
laliga|Osasuna|Levante|CA Osasuna Remates Totales|Más de 13.5|2026-08-24,2026-08-24T07:06:38.464921+00:00,laliga,2026-08-24,Osasuna,Levante,playdoit,tot,CA Osasuna Remates Totales,Más de 13.5,13.5,1.53,0
laliga|Osasuna|Levante|CA Osasuna Remates Totales|Más de 14.5|2026-08-24,2026-08-24T07:06:38.464921+00:00,laliga,2026-08-24,Osasuna,Levante,playdoit,tot,CA Osasuna Remates Totales,Más de 14.5,14.5,1.75,0
laliga|Osasuna|Levante|CA Osasuna Remates Totales|Más de 15.5|2026-08-24,2026-08-24T07:06:38.464921+00:00,laliga,2026-08-24,Osasuna,Levante,playdoit,tot,CA Osasuna Remates Totales,Más de 15.5,15.5,2.0,0
laliga|Osasuna|Levante|CA Osasuna Remates Totales|Menos de 13.5|2026-08-24,2026-08-24T07:06:38.464921+00:00,laliga,2026-08-24,Osasuna,Levante,playdoit,tot,CA Osasuna Remates Totales,Menos de 13.5,13.5,2.25,0
laliga|Osasuna|Levante|CA Osasuna Remates Totales|Menos de 14.5|2026-08-24,2026-08-24T07:06:38.464921+00:00,laliga,2026-08-24,Osasuna,Levante,playdoit,tot,CA Osasuna Remates Totales,Menos de 14.5,14.5,1.923,0
laliga|Osasuna|Levante|CA Osasuna Remates Totales|Menos de 15.5|2026-08-24,2026-08-24T07:06:38.464921+00:00,laliga,2026-08-24,Osasuna,Levante,playdoit,tot,CA Osasuna Remates Totales,Menos de 15.5,15.5,1.667,0
laliga|Osasuna|Levante|Levante Remates Totales|Más de 8.5|2026-08-24,2026-08-24T07:06:38.464921+00:00,laliga,2026-08-24,Osasuna,Levante,playdoit,tot,Levante Remates Totales,Más de 8.5,8.5,1.462,0
laliga|Osasuna|Levante|Levante Remates Totales|Más de 9.5|2026-08-24,2026-08-24T07:06:38.464921+00:00,laliga,2026-08-24,Osasuna,Levante,playdoit,tot,Levante Remates Totales,Más de 9.5,9.5,1.714,0
laliga|Osasuna|Levante|Levante Remates Totales|Más de 10.5|2026-08-24,2026-08-24T07:06:38.464921+00:00,laliga,2026-08-24,Osasuna,Levante,playdoit,tot,Levante Remates Totales,Más de 10.5,10.5,2.0,0
laliga|Osasuna|Levante|Levante Remates Totales|Menos de 8.5|2026-08-24,2026-08-24T07:06:38.464921+00:00,laliga,2026-08-24,Osasuna,Levante,playdoit,tot,Levante Remates Totales,Menos de 8.5,8.5,2.4,0
laliga|Osasuna|Levante|Levante Remates Totales|Menos de 9.5|2026-08-24,2026-08-24T07:06:38.464921+00:00,laliga,2026-08-24,Osasuna,Levante,playdoit,tot,Levante Remates Totales,Menos de 9.5,9.5,1.96,0
laliga|Osasuna|Levante|Levante Remates Totales|Menos de 10.5|2026-08-24,2026-08-24T07:06:38.464921+00:00,laliga,2026-08-24,Osasuna,Levante,playdoit,tot,Levante Remates Totales,Menos de 10.5,10.5,1.667,0
laliga|Valencia|Real Betis|Real Betis Remates a Puerta totales|Más de 3.5|2026-08-24,2026-08-24T07:06:38.464921+00:00,laliga,2026-08-25,Valencia,Real Betis,playdoit,on,Real Betis Remates a Puerta totales,Más de 3.5,3.5,1.714,1
laliga|Valencia|Real Betis|Real Betis Remates a Puerta totales|Menos de 3.5|2026-08-24,2026-08-24T07:06:38.464921+00:00,laliga,2026-08-25,Valencia,Real Betis,playdoit,on,Real Betis Remates a Puerta totales,Menos de 3.5,3.5,1.96,1
laliga|Valencia|Real Betis|Valencia CF Remates a Puerta totales|Más de 3.5|2026-08-24,2026-08-24T07:06:38.464921+00:00,laliga,2026-08-25,Valencia,Real Betis,playdoit,on,Valencia CF Remates a Puerta totales,Más de 3.5,3.5,1.647,1
laliga|Valencia|Real Betis|Valencia CF Remates a Puerta totales|Menos de 3.5|2026-08-24,2026-08-24T07:06:38.464921+00:00,laliga,2026-08-25,Valencia,Real Betis,playdoit,on,Valencia CF Remates a Puerta totales,Menos de 3.5,3.5,2.05,1
laliga|Valencia|Real Betis|1X2 Remates Totales a portería|Valencia CF|2026-08-24,2026-08-24T07:06:38.464921+00:00,laliga,2026-08-25,Valencia,Real Betis,playdoit,on,1X2 Remates Totales a portería,Valencia CF,,2.0,1
laliga|Valencia|Real Betis|1X2 Remates Totales a portería|Empate|2026-08-24,2026-08-24T07:06:38.464921+00:00,laliga,2026-08-25,Valencia,Real Betis,playdoit,on,1X2 Remates Totales a portería,Empate,,7.0,1
laliga|Valencia|Real Betis|1X2 Remates Totales a portería|Real Betis|2026-08-24,2026-08-24T07:06:38.464921+00:00,laliga,2026-08-25,Valencia,Real Betis,playdoit,on,1X2 Remates Totales a portería,Real Betis,,2.083,1
laliga|Valencia|Real Betis|1X2 Remates Totales|Valencia CF|2026-08-24,2026-08-24T07:06:38.464921+00:00,laliga,2026-08-25,Valencia,Real Betis,playdoit,tot,1X2 Remates Totales,Valencia CF,,1.833,1
laliga|Valencia|Real Betis|1X2 Remates Totales|Empate|2026-08-24,2026-08-24T07:06:38.464921+00:00,laliga,2026-08-25,Valencia,Real Betis,playdoit,tot,1X2 Remates Totales,Empate,,16.0,1
laliga|Valencia|Real Betis|1X2 Remates Totales|Real Betis|2026-08-24,2026-08-24T07:06:38.464921+00:00,laliga,2026-08-25,Valencia,Real Betis,playdoit,tot,1X2 Remates Totales,Real Betis,,1.96,1
laliga|Valencia|Real Betis|Remates a Puerta totales|Más de 7.5|2026-08-24,2026-08-24T07:06:38.464921+00:00,laliga,2026-08-25,Valencia,Real Betis,playdoit,on,Remates a Puerta totales,Más de 7.5,7.5,1.68,1
laliga|Valencia|Real Betis|Remates a Puerta totales|Menos de 7.5|2026-08-24,2026-08-24T07:06:38.464921+00:00,laliga,2026-08-25,Valencia,Real Betis,playdoit,on,Remates a Puerta totales,Menos de 7.5,7.5,2.0,1
laliga|Valencia|Real Betis|Remates Totales|Más de 24.5|2026-08-24,2026-08-24T07:06:38.464921+00:00,laliga,2026-08-25,Valencia,Real Betis,playdoit,tot,Remates Totales,Más de 24.5,24.5,1.846,1
laliga|Valencia|Real Betis|Remates Totales|Menos de 24.5|2026-08-24,2026-08-24T07:06:38.464921+00:00,laliga,2026-08-25,Valencia,Real Betis,playdoit,tot,Remates Totales,Menos de 24.5,24.5,1.818,1
laliga|Valencia|Real Betis|Valencia CF Remates Totales|Más de 12.5|2026-08-24,2026-08-24T07:06:38.464921+00:00,laliga,2026-08-25,Valencia,Real Betis,playdoit,tot,Valencia CF Remates Totales,Más de 12.5,12.5,1.96,1
laliga|Valencia|Real Betis|Valencia CF Remates Totales|Menos de 12.5|2026-08-24,2026-08-24T07:06:38.464921+00:00,laliga,2026-08-25,Valencia,Real Betis,playdoit,tot,Valencia CF Remates Totales,Menos de 12.5,12.5,1.714,1
laliga|Valencia|Real Betis|Real Betis Remates Totales|Más de 11.5|2026-08-24,2026-08-24T07:06:38.464921+00:00,laliga,2026-08-25,Valencia,Real Betis,playdoit,tot,Real Betis Remates Totales,Más de 11.5,11.5,1.8,1
laliga|Valencia|Real Betis|Real Betis Remates Totales|Menos de 11.5|2026-08-24,2026-08-24T07:06:38.464921+00:00,laliga,2026-08-25,Valencia,Real Betis,playdoit,tot,Real Betis Remates Totales,Menos de 11.5,11.5,1.867,1
serie_a|Bologna|Lazio|SS Lazio Remates a Puerta totales|Más de 2.5|2026-08-24,2026-08-24T07:06:38.464921+00:00,serie_a,2026-08-24,Bologna,Lazio,playdoit,on,SS Lazio Remates a Puerta totales,Más de 2.5,2.5,1.444,0
serie_a|Bologna|Lazio|SS Lazio Remates a Puerta totales|Más de 3.5|2026-08-24,2026-08-24T07:06:38.464921+00:00,serie_a,2026-08-24,Bologna,Lazio,playdoit,on,SS Lazio Remates a Puerta totales,Más de 3.5,3.5,2.0,0
serie_a|Bologna|Lazio|SS Lazio Remates a Puerta totales|Más de 4.5|2026-08-24,2026-08-24T07:06:38.464921+00:00,serie_a,2026-08-24,Bologna,Lazio,playdoit,on,SS Lazio Remates a Puerta totales,Más de 4.5,4.5,3.0,0
serie_a|Bologna|Lazio|SS Lazio Remates a Puerta totales|Menos de 2.5|2026-08-24,2026-08-24T07:06:38.464921+00:00,serie_a,2026-08-24,Bologna,Lazio,playdoit,on,SS Lazio Remates a Puerta totales,Menos de 2.5,2.5,2.455,0
serie_a|Bologna|Lazio|SS Lazio Remates a Puerta totales|Menos de 3.5|2026-08-24,2026-08-24T07:06:38.464921+00:00,serie_a,2026-08-24,Bologna,Lazio,playdoit,on,SS Lazio Remates a Puerta totales,Menos de 3.5,3.5,1.68,0
serie_a|Bologna|Lazio|SS Lazio Remates a Puerta totales|Menos de 4.5|2026-08-24,2026-08-24T07:06:38.464921+00:00,serie_a,2026-08-24,Bologna,Lazio,playdoit,on,SS Lazio Remates a Puerta totales,Menos de 4.5,4.5,1.308,0
serie_a|Bologna|Lazio|Bologna FC Remates a Puerta totales|Más de 3.5|2026-08-24,2026-08-24T07:06:38.464921+00:00,serie_a,2026-08-24,Bologna,Lazio,playdoit,on,Bologna FC Remates a Puerta totales,Más de 3.5,3.5,1.5,0
serie_a|Bologna|Lazio|Bologna FC Remates a Puerta totales|Más de 4.5|2026-08-24,2026-08-24T07:06:38.464921+00:00,serie_a,2026-08-24,Bologna,Lazio,playdoit,on,Bologna FC Remates a Puerta totales,Más de 4.5,4.5,2.0,0
serie_a|Bologna|Lazio|Bologna FC Remates a Puerta totales|Más de 5.5|2026-08-24,2026-08-24T07:06:38.464921+00:00,serie_a,2026-08-24,Bologna,Lazio,playdoit,on,Bologna FC Remates a Puerta totales,Más de 5.5,5.5,2.8,0
serie_a|Bologna|Lazio|Bologna FC Remates a Puerta totales|Menos de 3.5|2026-08-24,2026-08-24T07:06:38.464921+00:00,serie_a,2026-08-24,Bologna,Lazio,playdoit,on,Bologna FC Remates a Puerta totales,Menos de 3.5,3.5,2.3,0
serie_a|Bologna|Lazio|Bologna FC Remates a Puerta totales|Menos de 4.5|2026-08-24,2026-08-24T07:06:38.464921+00:00,serie_a,2026-08-24,Bologna,Lazio,playdoit,on,Bologna FC Remates a Puerta totales,Menos de 4.5,4.5,1.692,0
serie_a|Bologna|Lazio|Bologna FC Remates a Puerta totales|Menos de 5.5|2026-08-24,2026-08-24T07:06:38.464921+00:00,serie_a,2026-08-24,Bologna,Lazio,playdoit,on,Bologna FC Remates a Puerta totales,Menos de 5.5,5.5,1.35,0
serie_a|Bologna|Lazio|1X2 Remates Totales a portería|Bologna FC|2026-08-24,2026-08-24T07:06:38.464921+00:00,serie_a,2026-08-24,Bologna,Lazio,playdoit,on,1X2 Remates Totales a portería,Bologna FC,,1.68,0
serie_a|Bologna|Lazio|1X2 Remates Totales a portería|Empate|2026-08-24,2026-08-24T07:06:38.464921+00:00,serie_a,2026-08-24,Bologna,Lazio,playdoit,on,1X2 Remates Totales a portería,Empate,,7.0,0
serie_a|Bologna|Lazio|1X2 Remates Totales a portería|SS Lazio|2026-08-24,2026-08-24T07:06:38.464921+00:00,serie_a,2026-08-24,Bologna,Lazio,playdoit,on,1X2 Remates Totales a portería,SS Lazio,,2.625,0
serie_a|Bologna|Lazio|1X2 Remates Totales|Bologna FC|2026-08-24,2026-08-24T07:06:38.464921+00:00,serie_a,2026-08-24,Bologna,Lazio,playdoit,tot,1X2 Remates Totales,Bologna FC,,1.429,0
serie_a|Bologna|Lazio|1X2 Remates Totales|Empate|2026-08-24,2026-08-24T07:06:38.464921+00:00,serie_a,2026-08-24,Bologna,Lazio,playdoit,tot,1X2 Remates Totales,Empate,,16.0,0
serie_a|Bologna|Lazio|1X2 Remates Totales|SS Lazio|2026-08-24,2026-08-24T07:06:38.464921+00:00,serie_a,2026-08-24,Bologna,Lazio,playdoit,tot,1X2 Remates Totales,SS Lazio,,2.8,0
serie_a|Bologna|Lazio|Remates a Puerta totales|Más de 6.5|2026-08-24,2026-08-24T07:06:38.464921+00:00,serie_a,2026-08-24,Bologna,Lazio,playdoit,on,Remates a Puerta totales,Más de 6.5,6.5,1.4,0
serie_a|Bologna|Lazio|Remates a Puerta totales|Más de 7.5|2026-08-24,2026-08-24T07:06:38.464921+00:00,serie_a,2026-08-24,Bologna,Lazio,playdoit,on,Remates a Puerta totales,Más de 7.5,7.5,1.714,0
serie_a|Bologna|Lazio|Remates a Puerta totales|Más de 8.5|2026-08-24,2026-08-24T07:06:38.464921+00:00,serie_a,2026-08-24,Bologna,Lazio,playdoit,on,Remates a Puerta totales,Más de 8.5,8.5,2.167,0
serie_a|Bologna|Lazio|Remates a Puerta totales|Menos de 6.5|2026-08-24,2026-08-24T07:06:38.464921+00:00,serie_a,2026-08-24,Bologna,Lazio,playdoit,on,Remates a Puerta totales,Menos de 6.5,6.5,2.6,0
serie_a|Bologna|Lazio|Remates a Puerta totales|Menos de 7.5|2026-08-24,2026-08-24T07:06:38.464921+00:00,serie_a,2026-08-24,Bologna,Lazio,playdoit,on,Remates a Puerta totales,Menos de 7.5,7.5,1.96,0
serie_a|Bologna|Lazio|Remates a Puerta totales|Menos de 8.5|2026-08-24,2026-08-24T07:06:38.464921+00:00,serie_a,2026-08-24,Bologna,Lazio,playdoit,on,Remates a Puerta totales,Menos de 8.5,8.5,1.571,0
serie_a|Bologna|Lazio|Remates Totales|Más de 23.5|2026-08-24,2026-08-24T07:06:38.464921+00:00,serie_a,2026-08-24,Bologna,Lazio,playdoit,tot,Remates Totales,Más de 23.5,23.5,1.667,0
serie_a|Bologna|Lazio|Remates Totales|Más de 24.5|2026-08-24,2026-08-24T07:06:38.464921+00:00,serie_a,2026-08-24,Bologna,Lazio,playdoit,tot,Remates Totales,Más de 24.5,24.5,1.909,0
serie_a|Bologna|Lazio|Remates Totales|Más de 25.5|2026-08-24,2026-08-24T07:06:38.464921+00:00,serie_a,2026-08-24,Bologna,Lazio,playdoit,tot,Remates Totales,Más de 25.5,25.5,2.2,0
serie_a|Bologna|Lazio|Remates Totales|Menos de 23.5|2026-08-24,2026-08-24T07:06:38.464921+00:00,serie_a,2026-08-24,Bologna,Lazio,playdoit,tot,Remates Totales,Menos de 23.5,23.5,2.0,0
serie_a|Bologna|Lazio|Remates Totales|Menos de 24.5|2026-08-24,2026-08-24T07:06:38.464921+00:00,serie_a,2026-08-24,Bologna,Lazio,playdoit,tot,Remates Totales,Menos de 24.5,24.5,1.76,0
serie_a|Bologna|Lazio|Remates Totales|Menos de 25.5|2026-08-24,2026-08-24T07:06:38.464921+00:00,serie_a,2026-08-24,Bologna,Lazio,playdoit,tot,Remates Totales,Menos de 25.5,25.5,1.546,0
serie_a|Bologna|Lazio|Bologna FC Remates Totales|Más de 12.5|2026-08-24,2026-08-24T07:06:38.464921+00:00,serie_a,2026-08-24,Bologna,Lazio,playdoit,tot,Bologna FC Remates Totales,Más de 12.5,12.5,1.6,0
serie_a|Bologna|Lazio|Bologna FC Remates Totales|Más de 13.5|2026-08-24,2026-08-24T07:06:38.464921+00:00,serie_a,2026-08-24,Bologna,Lazio,playdoit,tot,Bologna FC Remates Totales,Más de 13.5,13.5,1.846,0
serie_a|Bologna|Lazio|Bologna FC Remates Totales|Más de 14.5|2026-08-24,2026-08-24T07:06:38.464921+00:00,serie_a,2026-08-24,Bologna,Lazio,playdoit,tot,Bologna FC Remates Totales,Más de 14.5,14.5,2.143,0
serie_a|Bologna|Lazio|Bologna FC Remates Totales|Menos de 12.5|2026-08-24,2026-08-24T07:06:38.464921+00:00,serie_a,2026-08-24,Bologna,Lazio,playdoit,tot,Bologna FC Remates Totales,Menos de 12.5,12.5,2.1,0
serie_a|Bologna|Lazio|Bologna FC Remates Totales|Menos de 13.5|2026-08-24,2026-08-24T07:06:38.464921+00:00,serie_a,2026-08-24,Bologna,Lazio,playdoit,tot,Bologna FC Remates Totales,Menos de 13.5,13.5,1.818,0
serie_a|Bologna|Lazio|Bologna FC Remates Totales|Menos de 14.5|2026-08-24,2026-08-24T07:06:38.464921+00:00,serie_a,2026-08-24,Bologna,Lazio,playdoit,tot,Bologna FC Remates Totales,Menos de 14.5,14.5,1.583,0
serie_a|Bologna|Lazio|SS Lazio Remates Totales|Más de 8.5|2026-08-24,2026-08-24T07:06:38.464921+00:00,serie_a,2026-08-24,Bologna,Lazio,playdoit,tot,SS Lazio Remates Totales,Más de 8.5,8.5,1.455,0
serie_a|Bologna|Lazio|SS Lazio Remates Totales|Más de 9.5|2026-08-24,2026-08-24T07:06:38.464921+00:00,serie_a,2026-08-24,Bologna,Lazio,playdoit,tot,SS Lazio Remates Totales,Más de 9.5,9.5,1.714,0
serie_a|Bologna|Lazio|SS Lazio Remates Totales|Más de 10.5|2026-08-24,2026-08-24T07:06:38.464921+00:00,serie_a,2026-08-24,Bologna,Lazio,playdoit,tot,SS Lazio Remates Totales,Más de 10.5,10.5,2.0,0
serie_a|Bologna|Lazio|SS Lazio Remates Totales|Menos de 8.5|2026-08-24,2026-08-24T07:06:38.464921+00:00,serie_a,2026-08-24,Bologna,Lazio,playdoit,tot,SS Lazio Remates Totales,Menos de 8.5,8.5,2.429,0
serie_a|Bologna|Lazio|SS Lazio Remates Totales|Menos de 9.5|2026-08-24,2026-08-24T07:06:38.464921+00:00,serie_a,2026-08-24,Bologna,Lazio,playdoit,tot,SS Lazio Remates Totales,Menos de 9.5,9.5,1.96,0
serie_a|Bologna|Lazio|SS Lazio Remates Totales|Menos de 10.5|2026-08-24,2026-08-24T07:06:38.464921+00:00,serie_a,2026-08-24,Bologna,Lazio,playdoit,tot,SS Lazio Remates Totales,Menos de 10.5,10.5,1.667,0
serie_a|AS Roma|Fiorentina|Fiorentina Remates a Puerta totales|Más de 1.5|2026-08-24,2026-08-24T07:06:38.464921+00:00,serie_a,2026-08-24,AS Roma,Fiorentina,playdoit,on,Fiorentina Remates a Puerta totales,Más de 1.5,1.5,1.2,0
serie_a|AS Roma|Fiorentina|Fiorentina Remates a Puerta totales|Más de 2.5|2026-08-24,2026-08-24T07:06:38.464921+00:00,serie_a,2026-08-24,AS Roma,Fiorentina,playdoit,on,Fiorentina Remates a Puerta totales,Más de 2.5,2.5,1.556,0
serie_a|AS Roma|Fiorentina|Fiorentina Remates a Puerta totales|Más de 3.5|2026-08-24,2026-08-24T07:06:38.464921+00:00,serie_a,2026-08-24,AS Roma,Fiorentina,playdoit,on,Fiorentina Remates a Puerta totales,Más de 3.5,3.5,2.222,0
serie_a|AS Roma|Fiorentina|Fiorentina Remates a Puerta totales|Menos de 1.5|2026-08-24,2026-08-24T07:06:38.464921+00:00,serie_a,2026-08-24,AS Roma,Fiorentina,playdoit,on,Fiorentina Remates a Puerta totales,Menos de 1.5,1.5,3.8,0
serie_a|AS Roma|Fiorentina|Fiorentina Remates a Puerta totales|Menos de 2.5|2026-08-24,2026-08-24T07:06:38.464921+00:00,serie_a,2026-08-24,AS Roma,Fiorentina,playdoit,on,Fiorentina Remates a Puerta totales,Menos de 2.5,2.5,2.222,0
serie_a|AS Roma|Fiorentina|Fiorentina Remates a Puerta totales|Menos de 3.5|2026-08-24,2026-08-24T07:06:38.464921+00:00,serie_a,2026-08-24,AS Roma,Fiorentina,playdoit,on,Fiorentina Remates a Puerta totales,Menos de 3.5,3.5,1.538,0
serie_a|AS Roma|Fiorentina|AS Roma Remates a Puerta totales|Más de 3.5|2026-08-24,2026-08-24T07:06:38.464921+00:00,serie_a,2026-08-24,AS Roma,Fiorentina,playdoit,on,AS Roma Remates a Puerta totales,Más de 3.5,3.5,1.286,0
serie_a|AS Roma|Fiorentina|AS Roma Remates a Puerta totales|Más de 4.5|2026-08-24,2026-08-24T07:06:38.464921+00:00,serie_a,2026-08-24,AS Roma,Fiorentina,playdoit,on,AS Roma Remates a Puerta totales,Más de 4.5,4.5,1.625,0
serie_a|AS Roma|Fiorentina|AS Roma Remates a Puerta totales|Más de 5.5|2026-08-24,2026-08-24T07:06:38.464921+00:00,serie_a,2026-08-24,AS Roma,Fiorentina,playdoit,on,AS Roma Remates a Puerta totales,Más de 5.5,5.5,2.143,0
serie_a|AS Roma|Fiorentina|AS Roma Remates a Puerta totales|Menos de 3.5|2026-08-24,2026-08-24T07:06:38.464921+00:00,serie_a,2026-08-24,AS Roma,Fiorentina,playdoit,on,AS Roma Remates a Puerta totales,Menos de 3.5,3.5,3.1,0
serie_a|AS Roma|Fiorentina|AS Roma Remates a Puerta totales|Menos de 4.5|2026-08-24,2026-08-24T07:06:38.464921+00:00,serie_a,2026-08-24,AS Roma,Fiorentina,playdoit,on,AS Roma Remates a Puerta totales,Menos de 4.5,4.5,2.1,0
serie_a|AS Roma|Fiorentina|AS Roma Remates a Puerta totales|Menos de 5.5|2026-08-24,2026-08-24T07:06:38.464921+00:00,serie_a,2026-08-24,AS Roma,Fiorentina,playdoit,on,AS Roma Remates a Puerta totales,Menos de 5.5,5.5,1.583,0
serie_a|AS Roma|Fiorentina|1X2 Remates Totales a portería|AS Roma|2026-08-24,2026-08-24T07:06:38.464921+00:00,serie_a,2026-08-24,AS Roma,Fiorentina,playdoit,on,1X2 Remates Totales a portería,AS Roma,,1.429,0
serie_a|AS Roma|Fiorentina|1X2 Remates Totales a portería|Empate|2026-08-24,2026-08-24T07:06:38.464921+00:00,serie_a,2026-08-24,AS Roma,Fiorentina,playdoit,on,1X2 Remates Totales a portería,Empate,,8.0,0
serie_a|AS Roma|Fiorentina|1X2 Remates Totales a portería|Fiorentina|2026-08-24,2026-08-24T07:06:38.464921+00:00,serie_a,2026-08-24,AS Roma,Fiorentina,playdoit,on,1X2 Remates Totales a portería,Fiorentina,,3.4,0
serie_a|AS Roma|Fiorentina|1X2 Remates Totales|AS Roma|2026-08-24,2026-08-24T07:06:38.464921+00:00,serie_a,2026-08-24,AS Roma,Fiorentina,playdoit,tot,1X2 Remates Totales,AS Roma,,1.273,0
serie_a|AS Roma|Fiorentina|1X2 Remates Totales|Empate|2026-08-24,2026-08-24T07:06:38.464921+00:00,serie_a,2026-08-24,AS Roma,Fiorentina,playdoit,tot,1X2 Remates Totales,Empate,,16.0,0
serie_a|AS Roma|Fiorentina|1X2 Remates Totales|Fiorentina|2026-08-24,2026-08-24T07:06:38.464921+00:00,serie_a,2026-08-24,AS Roma,Fiorentina,playdoit,tot,1X2 Remates Totales,Fiorentina,,3.667,0
serie_a|AS Roma|Fiorentina|Remates a Puerta totales|Más de 7.5|2026-08-24,2026-08-24T07:06:38.464921+00:00,serie_a,2026-08-24,AS Roma,Fiorentina,playdoit,on,Remates a Puerta totales,Más de 7.5,7.5,1.538,0
serie_a|AS Roma|Fiorentina|Remates a Puerta totales|Más de 8.5|2026-08-24,2026-08-24T07:06:38.464921+00:00,serie_a,2026-08-24,AS Roma,Fiorentina,playdoit,on,Remates a Puerta totales,Más de 8.5,8.5,1.923,0
serie_a|AS Roma|Fiorentina|Remates a Puerta totales|Más de 9.5|2026-08-24,2026-08-24T07:06:38.464921+00:00,serie_a,2026-08-24,AS Roma,Fiorentina,playdoit,on,Remates a Puerta totales,Más de 9.5,9.5,2.5,0
serie_a|AS Roma|Fiorentina|Remates a Puerta totales|Menos de 7.5|2026-08-24,2026-08-24T07:06:38.464921+00:00,serie_a,2026-08-24,AS Roma,Fiorentina,playdoit,on,Remates a Puerta totales,Menos de 7.5,7.5,2.222,0
serie_a|AS Roma|Fiorentina|Remates a Puerta totales|Menos de 8.5|2026-08-24,2026-08-24T07:06:38.464921+00:00,serie_a,2026-08-24,AS Roma,Fiorentina,playdoit,on,Remates a Puerta totales,Menos de 8.5,8.5,1.75,0
serie_a|AS Roma|Fiorentina|Remates a Puerta totales|Menos de 9.5|2026-08-24,2026-08-24T07:06:38.464921+00:00,serie_a,2026-08-24,AS Roma,Fiorentina,playdoit,on,Remates a Puerta totales,Menos de 9.5,9.5,1.429,0
serie_a|AS Roma|Fiorentina|Remates Totales|Más de 24.5|2026-08-24,2026-08-24T07:06:38.464921+00:00,serie_a,2026-08-24,AS Roma,Fiorentina,playdoit,tot,Remates Totales,Más de 24.5,24.5,1.6,0
serie_a|AS Roma|Fiorentina|Remates Totales|Más de 25.5|2026-08-24,2026-08-24T07:06:38.464921+00:00,serie_a,2026-08-24,AS Roma,Fiorentina,playdoit,tot,Remates Totales,Más de 25.5,25.5,1.818,0
serie_a|AS Roma|Fiorentina|Remates Totales|Más de 26.5|2026-08-24,2026-08-24T07:06:38.464921+00:00,serie_a,2026-08-24,AS Roma,Fiorentina,playdoit,tot,Remates Totales,Más de 26.5,26.5,2.05,0
serie_a|AS Roma|Fiorentina|Remates Totales|Menos de 24.5|2026-08-24,2026-08-24T07:06:38.464921+00:00,serie_a,2026-08-24,AS Roma,Fiorentina,playdoit,tot,Remates Totales,Menos de 24.5,24.5,2.1,0
serie_a|AS Roma|Fiorentina|Remates Totales|Menos de 25.5|2026-08-24,2026-08-24T07:06:38.464921+00:00,serie_a,2026-08-24,AS Roma,Fiorentina,playdoit,tot,Remates Totales,Menos de 25.5,25.5,1.85,0
serie_a|AS Roma|Fiorentina|Remates Totales|Menos de 26.5|2026-08-24,2026-08-24T07:06:38.464921+00:00,serie_a,2026-08-24,AS Roma,Fiorentina,playdoit,tot,Remates Totales,Menos de 26.5,26.5,1.636,0
serie_a|AS Roma|Fiorentina|AS Roma Remates Totales|Más de 14.5|2026-08-24,2026-08-24T07:06:38.464921+00:00,serie_a,2026-08-24,AS Roma,Fiorentina,playdoit,tot,AS Roma Remates Totales,Más de 14.5,14.5,1.667,0
serie_a|AS Roma|Fiorentina|AS Roma Remates Totales|Más de 15.5|2026-08-24,2026-08-24T07:06:38.464921+00:00,serie_a,2026-08-24,AS Roma,Fiorentina,playdoit,tot,AS Roma Remates Totales,Más de 15.5,15.5,1.909,0
serie_a|AS Roma|Fiorentina|AS Roma Remates Totales|Más de 16.5|2026-08-24,2026-08-24T07:06:38.464921+00:00,serie_a,2026-08-24,AS Roma,Fiorentina,playdoit,tot,AS Roma Remates Totales,Más de 16.5,16.5,2.2,0
serie_a|AS Roma|Fiorentina|AS Roma Remates Totales|Menos de 14.5|2026-08-24,2026-08-24T07:06:38.464921+00:00,serie_a,2026-08-24,AS Roma,Fiorentina,playdoit,tot,AS Roma Remates Totales,Menos de 14.5,14.5,2.0,0
serie_a|AS Roma|Fiorentina|AS Roma Remates Totales|Menos de 15.5|2026-08-24,2026-08-24T07:06:38.464921+00:00,serie_a,2026-08-24,AS Roma,Fiorentina,playdoit,tot,AS Roma Remates Totales,Menos de 15.5,15.5,1.76,0
serie_a|AS Roma|Fiorentina|AS Roma Remates Totales|Menos de 16.5|2026-08-24,2026-08-24T07:06:38.464921+00:00,serie_a,2026-08-24,AS Roma,Fiorentina,playdoit,tot,AS Roma Remates Totales,Menos de 16.5,16.5,1.546,0
serie_a|AS Roma|Fiorentina|Fiorentina Remates Totales|Más de 8.5|2026-08-24,2026-08-24T07:06:38.464921+00:00,serie_a,2026-08-24,AS Roma,Fiorentina,playdoit,tot,Fiorentina Remates Totales,Más de 8.5,8.5,1.5,0
serie_a|AS Roma|Fiorentina|Fiorentina Remates Totales|Más de 9.5|2026-08-24,2026-08-24T07:06:38.464921+00:00,serie_a,2026-08-24,AS Roma,Fiorentina,playdoit,tot,Fiorentina Remates Totales,Más de 9.5,9.5,1.778,0
serie_a|AS Roma|Fiorentina|Fiorentina Remates Totales|Más de 10.5|2026-08-24,2026-08-24T07:06:38.464921+00:00,serie_a,2026-08-24,AS Roma,Fiorentina,playdoit,tot,Fiorentina Remates Totales,Más de 10.5,10.5,2.083,0
serie_a|AS Roma|Fiorentina|Fiorentina Remates Totales|Menos de 8.5|2026-08-24,2026-08-24T07:06:38.464921+00:00,serie_a,2026-08-24,AS Roma,Fiorentina,playdoit,tot,Fiorentina Remates Totales,Menos de 8.5,8.5,2.3,0
serie_a|AS Roma|Fiorentina|Fiorentina Remates Totales|Menos de 9.5|2026-08-24,2026-08-24T07:06:38.464921+00:00,serie_a,2026-08-24,AS Roma,Fiorentina,playdoit,tot,Fiorentina Remates Totales,Menos de 9.5,9.5,1.889,0
serie_a|AS Roma|Fiorentina|Fiorentina Remates Totales|Menos de 10.5|2026-08-24,2026-08-24T07:06:38.464921+00:00,serie_a,2026-08-24,AS Roma,Fiorentina,playdoit,tot,Fiorentina Remates Totales,Menos de 10.5,10.5,1.615,0
primeira|Gil Vicente|Casa Pia|Casa Pia Remates a Puerta totales|Más de 1.5|2026-08-24,2026-08-24T07:06:38.464921+00:00,primeira,2026-08-24,Gil Vicente,Casa Pia,playdoit,on,Casa Pia Remates a Puerta totales,Más de 1.5,1.5,1.25,0
primeira|Gil Vicente|Casa Pia|Casa Pia Remates a Puerta totales|Más de 2.5|2026-08-24,2026-08-24T07:06:38.464921+00:00,primeira,2026-08-24,Gil Vicente,Casa Pia,playdoit,on,Casa Pia Remates a Puerta totales,Más de 2.5,2.5,1.714,0
primeira|Gil Vicente|Casa Pia|Casa Pia Remates a Puerta totales|Más de 3.5|2026-08-24,2026-08-24T07:06:38.464921+00:00,primeira,2026-08-24,Gil Vicente,Casa Pia,playdoit,on,Casa Pia Remates a Puerta totales,Más de 3.5,3.5,2.546,0
primeira|Gil Vicente|Casa Pia|Casa Pia Remates a Puerta totales|Menos de 1.5|2026-08-24,2026-08-24T07:06:38.464921+00:00,primeira,2026-08-24,Gil Vicente,Casa Pia,playdoit,on,Casa Pia Remates a Puerta totales,Menos de 1.5,1.5,3.333,0
primeira|Gil Vicente|Casa Pia|Casa Pia Remates a Puerta totales|Menos de 2.5|2026-08-24,2026-08-24T07:06:38.464921+00:00,primeira,2026-08-24,Gil Vicente,Casa Pia,playdoit,on,Casa Pia Remates a Puerta totales,Menos de 2.5,2.5,1.933,0
primeira|Gil Vicente|Casa Pia|Casa Pia Remates a Puerta totales|Menos de 3.5|2026-08-24,2026-08-24T07:06:38.464921+00:00,primeira,2026-08-24,Gil Vicente,Casa Pia,playdoit,on,Casa Pia Remates a Puerta totales,Menos de 3.5,3.5,1.417,0
primeira|Gil Vicente|Casa Pia|Gil Vicente Remates a Puerta totales|Más de 3.5|2026-08-24,2026-08-24T07:06:38.464921+00:00,primeira,2026-08-24,Gil Vicente,Casa Pia,playdoit,on,Gil Vicente Remates a Puerta totales,Más de 3.5,3.5,1.364,0
primeira|Gil Vicente|Casa Pia|Gil Vicente Remates a Puerta totales|Más de 4.5|2026-08-24,2026-08-24T07:06:38.464921+00:00,primeira,2026-08-24,Gil Vicente,Casa Pia,playdoit,on,Gil Vicente Remates a Puerta totales,Más de 4.5,4.5,1.75,0
primeira|Gil Vicente|Casa Pia|Gil Vicente Remates a Puerta totales|Más de 5.5|2026-08-24,2026-08-24T07:06:38.464921+00:00,primeira,2026-08-24,Gil Vicente,Casa Pia,playdoit,on,Gil Vicente Remates a Puerta totales,Más de 5.5,5.5,2.4,0
primeira|Gil Vicente|Casa Pia|Gil Vicente Remates a Puerta totales|Menos de 3.5|2026-08-24,2026-08-24T07:06:38.464921+00:00,primeira,2026-08-24,Gil Vicente,Casa Pia,playdoit,on,Gil Vicente Remates a Puerta totales,Menos de 3.5,3.5,2.714,0
primeira|Gil Vicente|Casa Pia|Gil Vicente Remates a Puerta totales|Menos de 4.5|2026-08-24,2026-08-24T07:06:38.464921+00:00,primeira,2026-08-24,Gil Vicente,Casa Pia,playdoit,on,Gil Vicente Remates a Puerta totales,Menos de 4.5,4.5,1.889,0
primeira|Gil Vicente|Casa Pia|Gil Vicente Remates a Puerta totales|Menos de 5.5|2026-08-24,2026-08-24T07:06:38.464921+00:00,primeira,2026-08-24,Gil Vicente,Casa Pia,playdoit,on,Gil Vicente Remates a Puerta totales,Menos de 5.5,5.5,1.462,0
primeira|Gil Vicente|Casa Pia|1X2 Remates Totales a portería|Gil Vicente|2026-08-24,2026-08-24T07:06:38.464921+00:00,primeira,2026-08-24,Gil Vicente,Casa Pia,playdoit,on,1X2 Remates Totales a portería,Gil Vicente,,1.4,0
primeira|Gil Vicente|Casa Pia|1X2 Remates Totales a portería|Empate|2026-08-24,2026-08-24T07:06:38.464921+00:00,primeira,2026-08-24,Gil Vicente,Casa Pia,playdoit,on,1X2 Remates Totales a portería,Empate,,7.5,0
primeira|Gil Vicente|Casa Pia|1X2 Remates Totales a portería|Casa Pia|2026-08-24,2026-08-24T07:06:38.464921+00:00,primeira,2026-08-24,Gil Vicente,Casa Pia,playdoit,on,1X2 Remates Totales a portería,Casa Pia,,3.5,0
primeira|Gil Vicente|Casa Pia|1X2 Remates Totales|Gil Vicente|2026-08-24,2026-08-24T07:06:38.464921+00:00,primeira,2026-08-24,Gil Vicente,Casa Pia,playdoit,tot,1X2 Remates Totales,Gil Vicente,,1.222,0
primeira|Gil Vicente|Casa Pia|1X2 Remates Totales|Empate|2026-08-24,2026-08-24T07:06:38.464921+00:00,primeira,2026-08-24,Gil Vicente,Casa Pia,playdoit,tot,1X2 Remates Totales,Empate,,16.0,0
primeira|Gil Vicente|Casa Pia|1X2 Remates Totales|Casa Pia|2026-08-24,2026-08-24T07:06:38.464921+00:00,primeira,2026-08-24,Gil Vicente,Casa Pia,playdoit,tot,1X2 Remates Totales,Casa Pia,,4.0,0
primeira|Gil Vicente|Casa Pia|Remates a Puerta totales|Más de 6.5|2026-08-24,2026-08-24T07:06:38.464921+00:00,primeira,2026-08-24,Gil Vicente,Casa Pia,playdoit,on,Remates a Puerta totales,Más de 6.5,6.5,1.429,0
primeira|Gil Vicente|Casa Pia|Remates a Puerta totales|Más de 7.5|2026-08-24,2026-08-24T07:06:38.464921+00:00,primeira,2026-08-24,Gil Vicente,Casa Pia,playdoit,on,Remates a Puerta totales,Más de 7.5,7.5,1.76,0
primeira|Gil Vicente|Casa Pia|Remates a Puerta totales|Más de 8.5|2026-08-24,2026-08-24T07:06:38.464921+00:00,primeira,2026-08-24,Gil Vicente,Casa Pia,playdoit,on,Remates a Puerta totales,Más de 8.5,8.5,2.25,0
primeira|Gil Vicente|Casa Pia|Remates a Puerta totales|Menos de 6.5|2026-08-24,2026-08-24T07:06:38.464921+00:00,primeira,2026-08-24,Gil Vicente,Casa Pia,playdoit,on,Remates a Puerta totales,Menos de 6.5,6.5,2.5,0
primeira|Gil Vicente|Casa Pia|Remates a Puerta totales|Menos de 7.5|2026-08-24,2026-08-24T07:06:38.464921+00:00,primeira,2026-08-24,Gil Vicente,Casa Pia,playdoit,on,Remates a Puerta totales,Menos de 7.5,7.5,1.875,0
primeira|Gil Vicente|Casa Pia|Remates a Puerta totales|Menos de 8.5|2026-08-24,2026-08-24T07:06:38.464921+00:00,primeira,2026-08-24,Gil Vicente,Casa Pia,playdoit,on,Remates a Puerta totales,Menos de 8.5,8.5,1.52,0
primeira|Gil Vicente|Casa Pia|Remates Totales|Más de 22.5|2026-08-24,2026-08-24T07:06:38.464921+00:00,primeira,2026-08-24,Gil Vicente,Casa Pia,playdoit,tot,Remates Totales,Más de 22.5,22.5,1.667,0
primeira|Gil Vicente|Casa Pia|Remates Totales|Más de 23.5|2026-08-24,2026-08-24T07:06:38.464921+00:00,primeira,2026-08-24,Gil Vicente,Casa Pia,playdoit,tot,Remates Totales,Más de 23.5,23.5,1.875,0
primeira|Gil Vicente|Casa Pia|Remates Totales|Más de 24.5|2026-08-24,2026-08-24T07:06:38.464921+00:00,primeira,2026-08-24,Gil Vicente,Casa Pia,playdoit,tot,Remates Totales,Más de 24.5,24.5,2.167,0
primeira|Gil Vicente|Casa Pia|Remates Totales|Menos de 22.5|2026-08-24,2026-08-24T07:06:38.464921+00:00,primeira,2026-08-24,Gil Vicente,Casa Pia,playdoit,tot,Remates Totales,Menos de 22.5,22.5,2.0,0
primeira|Gil Vicente|Casa Pia|Remates Totales|Menos de 23.5|2026-08-24,2026-08-24T07:06:38.464921+00:00,primeira,2026-08-24,Gil Vicente,Casa Pia,playdoit,tot,Remates Totales,Menos de 23.5,23.5,1.76,0
primeira|Gil Vicente|Casa Pia|Remates Totales|Menos de 24.5|2026-08-24,2026-08-24T07:06:38.464921+00:00,primeira,2026-08-24,Gil Vicente,Casa Pia,playdoit,tot,Remates Totales,Menos de 24.5,24.5,1.571,0
primeira|Gil Vicente|Casa Pia|Gil Vicente Remates Totales|Más de 13.5|2026-08-24,2026-08-24T07:06:38.464921+00:00,primeira,2026-08-24,Gil Vicente,Casa Pia,playdoit,tot,Gil Vicente Remates Totales,Más de 13.5,13.5,1.636,0
primeira|Gil Vicente|Casa Pia|Gil Vicente Remates Totales|Más de 14.5|2026-08-24,2026-08-24T07:06:38.464921+00:00,primeira,2026-08-24,Gil Vicente,Casa Pia,playdoit,tot,Gil Vicente Remates Totales,Más de 14.5,14.5,1.857,0
primeira|Gil Vicente|Casa Pia|Gil Vicente Remates Totales|Más de 15.5|2026-08-24,2026-08-24T07:06:38.464921+00:00,primeira,2026-08-24,Gil Vicente,Casa Pia,playdoit,tot,Gil Vicente Remates Totales,Más de 15.5,15.5,2.167,0
primeira|Gil Vicente|Casa Pia|Gil Vicente Remates Totales|Menos de 13.5|2026-08-24,2026-08-24T07:06:38.464921+00:00,primeira,2026-08-24,Gil Vicente,Casa Pia,playdoit,tot,Gil Vicente Remates Totales,Menos de 13.5,13.5,2.05,0
primeira|Gil Vicente|Casa Pia|Gil Vicente Remates Totales|Menos de 14.5|2026-08-24,2026-08-24T07:06:38.464921+00:00,primeira,2026-08-24,Gil Vicente,Casa Pia,playdoit,tot,Gil Vicente Remates Totales,Menos de 14.5,14.5,1.778,0
primeira|Gil Vicente|Casa Pia|Gil Vicente Remates Totales|Menos de 15.5|2026-08-24,2026-08-24T07:06:38.464921+00:00,primeira,2026-08-24,Gil Vicente,Casa Pia,playdoit,tot,Gil Vicente Remates Totales,Menos de 15.5,15.5,1.571,0
primeira|Gil Vicente|Casa Pia|Casa Pia Remates Totales|Más de 7.5|2026-08-24,2026-08-24T07:06:38.464921+00:00,primeira,2026-08-24,Gil Vicente,Casa Pia,playdoit,tot,Casa Pia Remates Totales,Más de 7.5,7.5,1.583,0
primeira|Gil Vicente|Casa Pia|Casa Pia Remates Totales|Más de 8.5|2026-08-24,2026-08-24T07:06:38.464921+00:00,primeira,2026-08-24,Gil Vicente,Casa Pia,playdoit,tot,Casa Pia Remates Totales,Más de 8.5,8.5,1.889,0
primeira|Gil Vicente|Casa Pia|Casa Pia Remates Totales|Más de 9.5|2026-08-24,2026-08-24T07:06:38.464921+00:00,primeira,2026-08-24,Gil Vicente,Casa Pia,playdoit,tot,Casa Pia Remates Totales,Más de 9.5,9.5,2.3,0
primeira|Gil Vicente|Casa Pia|Casa Pia Remates Totales|Menos de 7.5|2026-08-24,2026-08-24T07:06:38.464921+00:00,primeira,2026-08-24,Gil Vicente,Casa Pia,playdoit,tot,Casa Pia Remates Totales,Menos de 7.5,7.5,2.143,0
primeira|Gil Vicente|Casa Pia|Casa Pia Remates Totales|Menos de 8.5|2026-08-24,2026-08-24T07:06:38.464921+00:00,primeira,2026-08-24,Gil Vicente,Casa Pia,playdoit,tot,Casa Pia Remates Totales,Menos de 8.5,8.5,1.75,0
primeira|Gil Vicente|Casa Pia|Casa Pia Remates Totales|Menos de 9.5|2026-08-24,2026-08-24T07:06:38.464921+00:00,primeira,2026-08-24,Gil Vicente,Casa Pia,playdoit,tot,Casa Pia Remates Totales,Menos de 9.5,9.5,1.5,0
esp_hypermotion|Granada|Mallorca|RCD Mallorca Remates a Puerta totales|Más de 3.5|2026-08-24,2026-08-24T07:06:38.464921+00:00,esp_hypermotion,2026-08-24,Granada,Mallorca,playdoit,on,RCD Mallorca Remates a Puerta totales,Más de 3.5,3.5,1.75,0
esp_hypermotion|Granada|Mallorca|RCD Mallorca Remates a Puerta totales|Menos de 3.5|2026-08-24,2026-08-24T07:06:38.464921+00:00,esp_hypermotion,2026-08-24,Granada,Mallorca,playdoit,on,RCD Mallorca Remates a Puerta totales,Menos de 3.5,3.5,1.889,0
esp_hypermotion|Granada|Mallorca|Granada Remates a Puerta totales|Más de 3.5|2026-08-24,2026-08-24T07:06:38.464921+00:00,esp_hypermotion,2026-08-24,Granada,Mallorca,playdoit,on,Granada Remates a Puerta totales,Más de 3.5,3.5,1.95,0
esp_hypermotion|Granada|Mallorca|Granada Remates a Puerta totales|Menos de 3.5|2026-08-24,2026-08-24T07:06:38.464921+00:00,esp_hypermotion,2026-08-24,Granada,Mallorca,playdoit,on,Granada Remates a Puerta totales,Menos de 3.5,3.5,1.7,0
esp_hypermotion|Granada|Mallorca|1X2 Remates Totales a portería|Granada|2026-08-24,2026-08-24T07:06:38.464921+00:00,esp_hypermotion,2026-08-24,Granada,Mallorca,playdoit,on,1X2 Remates Totales a portería,Granada,,2.167,0
esp_hypermotion|Granada|Mallorca|1X2 Remates Totales a portería|Empate|2026-08-24,2026-08-24T07:06:38.464921+00:00,esp_hypermotion,2026-08-24,Granada,Mallorca,playdoit,on,1X2 Remates Totales a portería,Empate,,7.0,0
esp_hypermotion|Granada|Mallorca|1X2 Remates Totales a portería|RCD Mallorca|2026-08-24,2026-08-24T07:06:38.464921+00:00,esp_hypermotion,2026-08-24,Granada,Mallorca,playdoit,on,1X2 Remates Totales a portería,RCD Mallorca,,1.9,0
esp_hypermotion|Granada|Mallorca|1X2 Remates Totales|Granada|2026-08-24,2026-08-24T07:06:38.464921+00:00,esp_hypermotion,2026-08-24,Granada,Mallorca,playdoit,tot,1X2 Remates Totales,Granada,,1.875,0
esp_hypermotion|Granada|Mallorca|1X2 Remates Totales|Empate|2026-08-24,2026-08-24T07:06:38.464921+00:00,esp_hypermotion,2026-08-24,Granada,Mallorca,playdoit,tot,1X2 Remates Totales,Empate,,15.0,0
esp_hypermotion|Granada|Mallorca|1X2 Remates Totales|RCD Mallorca|2026-08-24,2026-08-24T07:06:38.464921+00:00,esp_hypermotion,2026-08-24,Granada,Mallorca,playdoit,tot,1X2 Remates Totales,RCD Mallorca,,1.889,0
esp_hypermotion|Granada|Mallorca|Remates a Puerta totales|Más de 7.5|2026-08-24,2026-08-24T07:06:38.464921+00:00,esp_hypermotion,2026-08-24,Granada,Mallorca,playdoit,on,Remates a Puerta totales,Más de 7.5,7.5,1.933,0
esp_hypermotion|Granada|Mallorca|Remates a Puerta totales|Menos de 7.5|2026-08-24,2026-08-24T07:06:38.464921+00:00,esp_hypermotion,2026-08-24,Granada,Mallorca,playdoit,on,Remates a Puerta totales,Menos de 7.5,7.5,1.714,0
esp_hypermotion|Granada|Mallorca|Remates Totales|Más de 23.5|2026-08-24,2026-08-24T07:06:38.464921+00:00,esp_hypermotion,2026-08-24,Granada,Mallorca,playdoit,tot,Remates Totales,Más de 23.5,23.5,1.909,0
esp_hypermotion|Granada|Mallorca|Remates Totales|Menos de 23.5|2026-08-24,2026-08-24T07:06:38.464921+00:00,esp_hypermotion,2026-08-24,Granada,Mallorca,playdoit,tot,Remates Totales,Menos de 23.5,23.5,1.733,0
esp_hypermotion|Granada|Mallorca|Granada Remates Totales|Más de 11.5|2026-08-24,2026-08-24T07:06:38.464921+00:00,esp_hypermotion,2026-08-24,Granada,Mallorca,playdoit,tot,Granada Remates Totales,Más de 11.5,11.5,1.909,0
esp_hypermotion|Granada|Mallorca|Granada Remates Totales|Menos de 11.5|2026-08-24,2026-08-24T07:06:38.464921+00:00,esp_hypermotion,2026-08-24,Granada,Mallorca,playdoit,tot,Granada Remates Totales,Menos de 11.5,11.5,1.733,0
esp_hypermotion|Granada|Mallorca|RCD Mallorca Remates Totales|Más de 11.5|2026-08-24,2026-08-24T07:06:38.464921+00:00,esp_hypermotion,2026-08-24,Granada,Mallorca,playdoit,tot,RCD Mallorca Remates Totales,Más de 11.5,11.5,1.923,0
esp_hypermotion|Granada|Mallorca|RCD Mallorca Remates Totales|Menos de 11.5|2026-08-24,2026-08-24T07:06:38.464921+00:00,esp_hypermotion,2026-08-24,Granada,Mallorca,playdoit,tot,RCD Mallorca Remates Totales,Menos de 11.5,11.5,1.727,0
fra_ligue2|Stade de Reims|Annecy|Annecy Remates a Puerta totales|Más de 3.5|2026-08-24,2026-08-24T07:06:38.464921+00:00,fra_ligue2,2026-08-24,Stade de Reims,Annecy,playdoit,on,Annecy Remates a Puerta totales,Más de 3.5,3.5,1.95,0
fra_ligue2|Stade de Reims|Annecy|Annecy Remates a Puerta totales|Menos de 3.5|2026-08-24,2026-08-24T07:06:38.464921+00:00,fra_ligue2,2026-08-24,Stade de Reims,Annecy,playdoit,on,Annecy Remates a Puerta totales,Menos de 3.5,3.5,1.7,0
fra_ligue2|Stade de Reims|Annecy|Reims Remates a Puerta totales|Más de 4.5|2026-08-24,2026-08-24T07:06:38.464921+00:00,fra_ligue2,2026-08-24,Stade de Reims,Annecy,playdoit,on,Reims Remates a Puerta totales,Más de 4.5,4.5,1.818,0
fra_ligue2|Stade de Reims|Annecy|Reims Remates a Puerta totales|Menos de 4.5|2026-08-24,2026-08-24T07:06:38.464921+00:00,fra_ligue2,2026-08-24,Stade de Reims,Annecy,playdoit,on,Reims Remates a Puerta totales,Menos de 4.5,4.5,1.818,0
fra_ligue2|Stade de Reims|Annecy|1X2 Remates Totales a portería|Reims|2026-08-24,2026-08-24T07:06:38.464921+00:00,fra_ligue2,2026-08-24,Stade de Reims,Annecy,playdoit,on,1X2 Remates Totales a portería,Reims,,1.583,0
fra_ligue2|Stade de Reims|Annecy|1X2 Remates Totales a portería|Empate|2026-08-24,2026-08-24T07:06:38.464921+00:00,fra_ligue2,2026-08-24,Stade de Reims,Annecy,playdoit,on,1X2 Remates Totales a portería,Empate,,7.5,0
fra_ligue2|Stade de Reims|Annecy|1X2 Remates Totales a portería|Annecy|2026-08-24,2026-08-24T07:06:38.464921+00:00,fra_ligue2,2026-08-24,Stade de Reims,Annecy,playdoit,on,1X2 Remates Totales a portería,Annecy,,2.714,0
fra_ligue2|Stade de Reims|Annecy|1X2 Remates Totales|Reims|2026-08-24,2026-08-24T07:06:38.464921+00:00,fra_ligue2,2026-08-24,Stade de Reims,Annecy,playdoit,tot,1X2 Remates Totales,Reims,,1.417,0
fra_ligue2|Stade de Reims|Annecy|1X2 Remates Totales|Empate|2026-08-24,2026-08-24T07:06:38.464921+00:00,fra_ligue2,2026-08-24,Stade de Reims,Annecy,playdoit,tot,1X2 Remates Totales,Empate,,15.0,0
fra_ligue2|Stade de Reims|Annecy|1X2 Remates Totales|Annecy|2026-08-24,2026-08-24T07:06:38.464921+00:00,fra_ligue2,2026-08-24,Stade de Reims,Annecy,playdoit,tot,1X2 Remates Totales,Annecy,,2.8,0
fra_ligue2|Stade de Reims|Annecy|Remates a Puerta totales|Más de 8.5|2026-08-24,2026-08-24T07:06:38.464921+00:00,fra_ligue2,2026-08-24,Stade de Reims,Annecy,playdoit,on,Remates a Puerta totales,Más de 8.5,8.5,1.96,0
fra_ligue2|Stade de Reims|Annecy|Remates a Puerta totales|Menos de 8.5|2026-08-24,2026-08-24T07:06:38.464921+00:00,fra_ligue2,2026-08-24,Stade de Reims,Annecy,playdoit,on,Remates a Puerta totales,Menos de 8.5,8.5,1.692,0
fra_ligue2|Stade de Reims|Annecy|Remates Totales|Más de 23.5|2026-08-24,2026-08-24T07:06:38.464921+00:00,fra_ligue2,2026-08-24,Stade de Reims,Annecy,playdoit,tot,Remates Totales,Más de 23.5,23.5,1.818,0
fra_ligue2|Stade de Reims|Annecy|Remates Totales|Menos de 23.5|2026-08-24,2026-08-24T07:06:38.464921+00:00,fra_ligue2,2026-08-24,Stade de Reims,Annecy,playdoit,tot,Remates Totales,Menos de 23.5,23.5,1.818,0
fra_ligue2|Stade de Reims|Annecy|Reims Remates Totales|Más de 13.5|2026-08-24,2026-08-24T07:06:38.464921+00:00,fra_ligue2,2026-08-24,Stade de Reims,Annecy,playdoit,tot,Reims Remates Totales,Más de 13.5,13.5,1.909,0
fra_ligue2|Stade de Reims|Annecy|Reims Remates Totales|Menos de 13.5|2026-08-24,2026-08-24T07:06:38.464921+00:00,fra_ligue2,2026-08-24,Stade de Reims,Annecy,playdoit,tot,Reims Remates Totales,Menos de 13.5,13.5,1.733,0
fra_ligue2|Stade de Reims|Annecy|Annecy Remates Totales|Más de 9.5|2026-08-24,2026-08-24T07:06:38.464921+00:00,fra_ligue2,2026-08-24,Stade de Reims,Annecy,playdoit,tot,Annecy Remates Totales,Más de 9.5,9.5,1.8,0
fra_ligue2|Stade de Reims|Annecy|Annecy Remates Totales|Menos de 9.5|2026-08-24,2026-08-24T07:06:38.464921+00:00,fra_ligue2,2026-08-24,Stade de Reims,Annecy,playdoit,tot,Annecy Remates Totales,Menos de 9.5,9.5,1.833,0
bra_serie_b|Sport|América Mineiro|América-MG Remates a Puerta totales|Más de 3.5|2026-08-24,2026-08-24T07:06:38.464921+00:00,bra_serie_b,2026-08-24,Sport,América Mineiro,playdoit,on,América-MG Remates a Puerta totales,Más de 3.5,3.5,2.167,0
bra_serie_b|Sport|América Mineiro|América-MG Remates a Puerta totales|Menos de 3.5|2026-08-24,2026-08-24T07:06:38.464921+00:00,bra_serie_b,2026-08-24,Sport,América Mineiro,playdoit,on,América-MG Remates a Puerta totales,Menos de 3.5,3.5,1.571,0
bra_serie_b|Sport|América Mineiro|Sport Recife Remates a Puerta totales|Más de 4.5|2026-08-24,2026-08-24T07:06:38.464921+00:00,bra_serie_b,2026-08-24,Sport,América Mineiro,playdoit,on,Sport Recife Remates a Puerta totales,Más de 4.5,4.5,1.615,0
bra_serie_b|Sport|América Mineiro|Sport Recife Remates a Puerta totales|Menos de 4.5|2026-08-24,2026-08-24T07:06:38.464921+00:00,bra_serie_b,2026-08-24,Sport,América Mineiro,playdoit,on,Sport Recife Remates a Puerta totales,Menos de 4.5,4.5,2.083,0
bra_serie_b|Sport|América Mineiro|1X2 Remates Totales a portería|Sport Recife|2026-08-24,2026-08-24T07:06:38.464921+00:00,bra_serie_b,2026-08-24,Sport,América Mineiro,playdoit,on,1X2 Remates Totales a portería,Sport Recife,,1.417,0
bra_serie_b|Sport|América Mineiro|1X2 Remates Totales a portería|Empate|2026-08-24,2026-08-24T07:06:38.464921+00:00,bra_serie_b,2026-08-24,Sport,América Mineiro,playdoit,on,1X2 Remates Totales a portería,Empate,,8.0,0
bra_serie_b|Sport|América Mineiro|1X2 Remates Totales a portería|América-MG|2026-08-24,2026-08-24T07:06:38.464921+00:00,bra_serie_b,2026-08-24,Sport,América Mineiro,playdoit,on,1X2 Remates Totales a portería,América-MG,,3.333,0
bra_serie_b|Sport|América Mineiro|1X2 Remates Totales|Sport Recife|2026-08-24,2026-08-24T07:06:38.464921+00:00,bra_serie_b,2026-08-24,Sport,América Mineiro,playdoit,tot,1X2 Remates Totales,Sport Recife,,1.3,0
bra_serie_b|Sport|América Mineiro|1X2 Remates Totales|Empate|2026-08-24,2026-08-24T07:06:38.464921+00:00,bra_serie_b,2026-08-24,Sport,América Mineiro,playdoit,tot,1X2 Remates Totales,Empate,,16.0,0
bra_serie_b|Sport|América Mineiro|1X2 Remates Totales|América-MG|2026-08-24,2026-08-24T07:06:38.464921+00:00,bra_serie_b,2026-08-24,Sport,América Mineiro,playdoit,tot,1X2 Remates Totales,América-MG,,3.333,0
bra_serie_b|Sport|América Mineiro|Remates Totales|Más de 27.5|2026-08-24,2026-08-24T07:06:38.464921+00:00,bra_serie_b,2026-08-24,Sport,América Mineiro,playdoit,tot,Remates Totales,Más de 27.5,27.5,1.85,0
bra_serie_b|Sport|América Mineiro|Remates Totales|Menos de 27.5|2026-08-24,2026-08-24T07:06:38.464921+00:00,bra_serie_b,2026-08-24,Sport,América Mineiro,playdoit,tot,Remates Totales,Menos de 27.5,27.5,1.786,0
bra_serie_b|Sport|América Mineiro|Sport Recife Remates Totales|Más de 15.5|2026-08-24,2026-08-24T07:06:38.464921+00:00,bra_serie_b,2026-08-24,Sport,América Mineiro,playdoit,tot,Sport Recife Remates Totales,Más de 15.5,15.5,1.733,0
bra_serie_b|Sport|América Mineiro|Sport Recife Remates Totales|Menos de 15.5|2026-08-24,2026-08-24T07:06:38.464921+00:00,bra_serie_b,2026-08-24,Sport,América Mineiro,playdoit,tot,Sport Recife Remates Totales,Menos de 15.5,15.5,1.909,0
bra_serie_b|Sport|América Mineiro|América-MG Remates Totales|Más de 10.5|2026-08-24,2026-08-24T07:06:38.464921+00:00,bra_serie_b,2026-08-24,Sport,América Mineiro,playdoit,tot,América-MG Remates Totales,Más de 10.5,10.5,1.75,0
bra_serie_b|Sport|América Mineiro|América-MG Remates Totales|Menos de 10.5|2026-08-24,2026-08-24T07:06:38.464921+00:00,bra_serie_b,2026-08-24,Sport,América Mineiro,playdoit,tot,América-MG Remates Totales,Menos de 10.5,10.5,1.889,0
chi_primera|Everton CD|Universidad de Concepción|U. de Concepción Remates a Puerta totales|Más de 3.5|2026-08-24,2026-08-24T07:06:38.464921+00:00,chi_primera,2026-08-24,Everton CD,Universidad de Concepción,playdoit,on,U. de Concepción Remates a Puerta totales,Más de 3.5,3.5,2.167,0
chi_primera|Everton CD|Universidad de Concepción|U. de Concepción Remates a Puerta totales|Menos de 3.5|2026-08-24,2026-08-24T07:06:38.464921+00:00,chi_primera,2026-08-24,Everton CD,Universidad de Concepción,playdoit,on,U. de Concepción Remates a Puerta totales,Menos de 3.5,3.5,1.571,0
chi_primera|Everton CD|Universidad de Concepción|Everton Remates a Puerta totales|Más de 5.5|2026-08-24,2026-08-24T07:06:38.464921+00:00,chi_primera,2026-08-24,Everton CD,Universidad de Concepción,playdoit,on,Everton Remates a Puerta totales,Más de 5.5,5.5,1.889,0
chi_primera|Everton CD|Universidad de Concepción|Everton Remates a Puerta totales|Menos de 5.5|2026-08-24,2026-08-24T07:06:38.464921+00:00,chi_primera,2026-08-24,Everton CD,Universidad de Concepción,playdoit,on,Everton Remates a Puerta totales,Menos de 5.5,5.5,1.75,0
chi_primera|Everton CD|Universidad de Concepción|1X2 Remates Totales a portería|Everton|2026-08-24,2026-08-24T07:06:38.464921+00:00,chi_primera,2026-08-24,Everton CD,Universidad de Concepción,playdoit,on,1X2 Remates Totales a portería,Everton,,1.333,0
chi_primera|Everton CD|Universidad de Concepción|1X2 Remates Totales a portería|Empate|2026-08-24,2026-08-24T07:06:38.464921+00:00,chi_primera,2026-08-24,Everton CD,Universidad de Concepción,playdoit,on,1X2 Remates Totales a portería,Empate,,8.5,0
chi_primera|Everton CD|Universidad de Concepción|1X2 Remates Totales a portería|U. de Concepción|2026-08-24,2026-08-24T07:06:38.464921+00:00,chi_primera,2026-08-24,Everton CD,Universidad de Concepción,playdoit,on,1X2 Remates Totales a portería,U. de Concepción,,3.8,0
chi_primera|Everton CD|Universidad de Concepción|1X2 Remates Totales|Everton|2026-08-24,2026-08-24T07:06:38.464921+00:00,chi_primera,2026-08-24,Everton CD,Universidad de Concepción,playdoit,tot,1X2 Remates Totales,Everton,,1.267,0
chi_primera|Everton CD|Universidad de Concepción|1X2 Remates Totales|Empate|2026-08-24,2026-08-24T07:06:38.464921+00:00,chi_primera,2026-08-24,Everton CD,Universidad de Concepción,playdoit,tot,1X2 Remates Totales,Empate,,16.0,0
chi_primera|Everton CD|Universidad de Concepción|1X2 Remates Totales|U. de Concepción|2026-08-24,2026-08-24T07:06:38.464921+00:00,chi_primera,2026-08-24,Everton CD,Universidad de Concepción,playdoit,tot,1X2 Remates Totales,U. de Concepción,,3.6,0
chi_primera|Everton CD|Universidad de Concepción|Remates a Puerta totales|Más de 8.5|2026-08-24,2026-08-24T07:06:38.464921+00:00,chi_primera,2026-08-24,Everton CD,Universidad de Concepción,playdoit,on,Remates a Puerta totales,Más de 8.5,8.5,1.714,0
chi_primera|Everton CD|Universidad de Concepción|Remates a Puerta totales|Menos de 8.5|2026-08-24,2026-08-24T07:06:38.464921+00:00,chi_primera,2026-08-24,Everton CD,Universidad de Concepción,playdoit,on,Remates a Puerta totales,Menos de 8.5,8.5,1.933,0
chi_primera|Everton CD|Universidad de Concepción|Remates Totales|Más de 26.5|2026-08-24,2026-08-24T07:06:38.464921+00:00,chi_primera,2026-08-24,Everton CD,Universidad de Concepción,playdoit,tot,Remates Totales,Más de 26.5,26.5,1.85,0
chi_primera|Everton CD|Universidad de Concepción|Remates Totales|Menos de 26.5|2026-08-24,2026-08-24T07:06:38.464921+00:00,chi_primera,2026-08-24,Everton CD,Universidad de Concepción,playdoit,tot,Remates Totales,Menos de 26.5,26.5,1.786,0
chi_primera|Everton CD|Universidad de Concepción|Everton Remates Totales|Más de 15.5|2026-08-24,2026-08-24T07:06:38.464921+00:00,chi_primera,2026-08-24,Everton CD,Universidad de Concepción,playdoit,tot,Everton Remates Totales,Más de 15.5,15.5,1.786,0
chi_primera|Everton CD|Universidad de Concepción|Everton Remates Totales|Menos de 15.5|2026-08-24,2026-08-24T07:06:38.464921+00:00,chi_primera,2026-08-24,Everton CD,Universidad de Concepción,playdoit,tot,Everton Remates Totales,Menos de 15.5,15.5,1.85,0
chi_primera|Everton CD|Universidad de Concepción|U. de Concepción Remates Totales|Más de 9.5|2026-08-24,2026-08-24T07:06:38.464921+00:00,chi_primera,2026-08-24,Everton CD,Universidad de Concepción,playdoit,tot,U. de Concepción Remates Totales,Más de 9.5,9.5,1.667,0
chi_primera|Everton CD|Universidad de Concepción|U. de Concepción Remates Totales|Menos de 9.5|2026-08-24,2026-08-24T07:06:38.464921+00:00,chi_primera,2026-08-24,Everton CD,Universidad de Concepción,playdoit,tot,U. de Concepción Remates Totales,Menos de 9.5,9.5,2.0,0
