capturado,fecha,clave_liga,partido,inicio,f_local,f_visita,lam0,lam1,p25_0,p25_1,c_mas25,c_menos25
2026-10-07T06:59:47Z,2026-10-07,brasil,Internacional vs Corinthians,2026-10-07 22:30:00,1.0,0.9896,2.06,2.051,0.3397,0.3371,2.143,1.714
2026-10-07T06:59:47Z,2026-10-07,brasil,Bragantino vs Mirassol,2026-10-07 22:30:00,0.9774,1.0,3.16,3.127,0.6116,0.6047,1.714,2.05
2026-10-07T06:59:47Z,2026-10-07,brasil,Remo vs Gremio,2026-10-07 22:30:00,1.0775,0.9565,2.0,2.035,0.3233,0.3328,1.923,1.909
2026-10-07T06:59:47Z,2026-10-07,brasil,Vitoria vs Chapecoense-SC,2026-10-07 23:00:00,0.9989,1.0184,1.93,1.942,0.3044,0.3076,1.889,1.941
2026-10-07T06:59:47Z,2026-10-07,brasil,Botafogo RJ vs Vasco,2026-10-07 23:30:00,1.0359,0.9916,2.36,2.397,0.4198,0.4295,1.714,2.143
2026-10-07T06:59:47Z,2026-10-08,brasil,Cruzeiro vs Sao Paulo,2026-10-08 00:30:00,1.1026,0.9197,2.121,2.203,0.356,0.3781,2.0,1.846
2026-10-07T06:59:47Z,2026-10-08,brasil,Santos vs Flamengo RJ,2026-10-08 22:30:00,1.0729,1.0087,2.4,2.517,0.4304,0.4605,1.769,2.0
2026-10-07T06:59:47Z,2026-10-09,brasil,Fluminense vs Coritiba,2026-10-09 00:30:00,1.0034,1.0415,1.84,1.86,0.2801,0.2855,1.909,1.909
2026-10-07T06:59:47Z,2026-10-09,argentina,Aldosivi vs Sarmiento Junin,2026-10-09 17:30:00,1.0308,1.0859,1.81,1.92,0.2721,0.3017,2.455,1.52
2026-10-07T06:59:47Z,2026-10-09,argentina,Gimnasia L.P. vs Atl. Tucuman,2026-10-09 21:00:00,0.992,0.9863,2.1,2.077,0.3502,0.3442,2.25,1.556
2026-10-07T06:59:47Z,2026-10-09,argentina,Instituto vs Boca Juniors,2026-10-09 22:30:00,0.9939,0.983,2.201,2.178,0.3775,0.3714,2.571,1.471
2026-10-07T06:59:47Z,2026-10-09,noruega,Brann vs Viking,2026-10-09 17:00:00,0.9684,1.0,4.03,3.998,0.7662,0.7616,1.417,2.75
2026-10-07T06:59:47Z,2026-10-09,suecia,Goteborg vs Vasteras SK,2026-10-09 17:00:00,0.9723,1.0759,2.32,2.368,0.4094,0.4219,1.6,2.25
2026-10-07T06:59:47Z,2026-10-09,turquia,Galatasaray vs Kasimpasa,2026-10-09 17:00:00,0.9896,0.976,3.17,3.126,0.6139,0.6044,1.471,2.5
2026-10-07T06:59:47Z,2026-10-09,rus_premier,FK Rostov vs Akron Togliatti,2026-10-09 16:30:00,0.9817,0.9565,3.5,3.379,0.6791,0.6562,1.9,1.8
2026-10-07T06:59:47Z,2026-10-09,laliga,Malaga vs Espanol,2026-10-09 19:00:00,1.0,0.9814,1.39,1.378,0.164,0.1612,2.15,1.667
2026-10-07T06:59:47Z,2026-10-09,bundesliga,Dortmund vs Werder Bremen,2026-10-09 18:30:00,1.0,1.0,3.98,3.98,0.759,0.759,,
2026-10-07T06:59:47Z,2026-10-09,ligue_1,Lens vs Lyon,2026-10-09 18:45:00,1.0404,1.0,2.17,2.224,0.3692,0.3837,,
2026-10-07T06:59:47Z,2026-10-09,eredivisie,PSV Eindhoven vs Heerenveen,2026-10-09 18:00:00,1.0,0.997,2.55,2.546,0.4689,0.4679,1.133,5.0
2026-10-07T06:59:47Z,2026-10-09,primeira,Sp Braga vs Sp Lisbon,2026-10-09 19:15:00,1.0164,1.058,1.941,2.026,0.3072,0.3304,1.909,1.8
2026-10-07T06:59:47Z,2026-10-09,eng_championship,West Ham vs QPR,2026-10-09 19:00:00,1.0,0.9723,2.42,2.394,0.4354,0.4287,,
2026-10-07T06:59:47Z,2026-10-09,ita_serie_b,Avellino vs Sampdoria,2026-10-09 18:30:00,1.0,0.9822,2.34,2.33,0.4146,0.4119,2.05,1.714
2026-10-07T06:59:47Z,2026-10-09,ger_bundesliga2,Braunschweig vs Holstein Kiel,2026-10-09 16:30:00,1.0533,0.9981,3.151,3.255,0.6097,0.6315,1.5,2.5
2026-10-07T06:59:47Z,2026-10-09,bel_pro_league,Beveren vs Lommel SK,2026-10-09 18:45:00,1.0362,1.0495,3.11,3.246,0.6009,0.6296,1.625,2.2
2026-10-07T06:59:47Z,2026-10-08,col_primera_a,Atlético Nacional vs Deportes Tolima,2026-10-08 23:05:00,0.9372,1.0,1.67,1.595,0.2348,0.2154,1.75,1.96
2026-10-07T06:59:47Z,2026-10-09,col_primera_a,Fortaleza CEIF vs Millonarios,2026-10-09 01:10:00,1.0,0.9985,2.32,2.318,0.4091,0.4087,1.96,1.75
2026-10-07T06:59:47Z,2026-10-09,ned_eerste,Almere City vs FC Eindhoven,2026-10-09 18:00:00,1.0,1.0,3.0,3.0,0.5768,0.5768,1.3,3.2
2026-10-07T06:59:47Z,2026-10-09,ned_eerste,Heracles Almelo vs RKC Waalwijk,2026-10-09 18:00:00,1.0,1.0543,4.2,4.278,0.7897,0.7999,1.4,2.714
2026-10-07T06:59:47Z,2026-10-08,per_liga1,Atlético Grau vs Los Chankas,2026-10-08 20:30:00,1.0,1.0302,2.06,2.081,0.3394,0.3452,1.8,1.833
2026-10-07T08:34:21Z,2026-10-07,brasil,Internacional vs Corinthians,2026-10-07 22:30:00,1.0,0.9896,2.06,2.051,0.3397,0.3371,2.222,1.667
2026-10-07T10:12:26Z,2026-10-07,brasil,Remo vs Gremio,2026-10-07 22:30:00,1.0775,0.9565,2.0,2.035,0.3233,0.3328,1.867,1.96
2026-10-07T10:12:26Z,2026-10-07,brasil,Vitoria vs Chapecoense-SC,2026-10-07 23:00:00,0.9989,1.0184,1.93,1.942,0.3044,0.3076,1.867,1.96
2026-10-07T10:12:26Z,2026-10-07,brasil,Botafogo RJ vs Vasco,2026-10-07 23:30:00,1.0359,0.9916,2.36,2.397,0.4198,0.4295,1.778,2.05
2026-10-07T10:12:26Z,2026-10-08,brasil,Cruzeiro vs Sao Paulo,2026-10-08 00:30:00,1.1026,0.9197,2.121,2.203,0.356,0.3781,2.0,1.833
2026-10-07T11:47:10Z,2026-10-07,brasil,Bragantino vs Mirassol,2026-10-07 22:30:00,0.9774,1.0,3.16,3.127,0.6116,0.6047,1.69,2.1
2026-10-07T13:22:00Z,2026-10-07,brasil,Bragantino vs Mirassol,2026-10-07 22:30:00,0.9774,1.0,3.16,3.127,0.6116,0.6047,1.667,2.1
2026-10-07T13:22:00Z,2026-10-07,brasil,Vitoria vs Chapecoense-SC,2026-10-07 23:00:00,0.9989,1.0184,1.93,1.942,0.3044,0.3076,1.833,2.0
2026-10-07T13:22:00Z,2026-10-08,brasil,Cruzeiro vs Sao Paulo,2026-10-08 00:30:00,1.1026,0.9197,2.121,2.203,0.356,0.3781,1.96,1.867
2026-10-07T14:58:14Z,2026-10-07,brasil,Internacional vs Corinthians,2026-10-07 22:30:00,1.0,0.9896,2.06,2.051,0.3397,0.3371,2.6,1.48
2026-10-07T14:58:14Z,2026-10-07,brasil,Bragantino vs Mirassol,2026-10-07 22:30:00,0.9774,1.0,3.16,3.127,0.6116,0.6047,1.645,2.15
2026-10-07T14:58:14Z,2026-10-07,brasil,Botafogo RJ vs Vasco,2026-10-07 23:30:00,1.0359,0.9916,2.36,2.397,0.4198,0.4295,1.667,2.222
2026-10-07T14:58:14Z,2026-10-09,primeira,Sp Braga vs Sp Lisbon,2026-10-09 19:15:00,1.0164,1.058,1.941,2.026,0.3072,0.3304,1.909,1.769
2026-10-07T16:35:12Z,2026-10-07,brasil,Internacional vs Corinthians,2026-10-07 22:30:00,1.0,0.9896,2.06,2.051,0.3397,0.3371,2.8,1.429
2026-10-07T16:35:12Z,2026-10-07,brasil,Botafogo RJ vs Vasco,2026-10-07 23:30:00,1.0359,0.9916,2.36,2.397,0.4198,0.4295,1.647,2.25
2026-10-07T16:35:12Z,2026-10-09,laliga,Malaga vs Espanol,2026-10-09 19:00:00,1.0,0.9814,1.39,1.378,0.164,0.1612,2.05,1.741
2026-10-07T18:07:23Z,2026-10-07,brasil,Remo vs Gremio,2026-10-07 22:30:00,1.0775,0.9565,2.0,2.035,0.3233,0.3328,1.909,1.923
2026-10-07T19:51:59Z,2026-10-07,brasil,Internacional vs Corinthians,2026-10-07 22:30:00,1.0,0.9896,2.06,2.051,0.3397,0.3371,2.833,1.417
2026-10-07T19:51:59Z,2026-10-07,brasil,Bragantino vs Mirassol,2026-10-07 22:30:00,0.9774,1.0,3.16,3.127,0.6116,0.6047,1.625,2.2
2026-10-07T19:51:59Z,2026-10-09,primeira,Sp Braga vs Sp Lisbon,2026-10-09 19:15:00,1.0164,1.058,1.941,2.026,0.3072,0.3304,1.87,1.8
2026-10-07T21:26:41Z,2026-10-07,brasil,Internacional vs Corinthians,2026-10-07 22:30:00,1.0,0.9896,2.06,2.051,0.3397,0.3371,2.8,1.429
2026-10-07T21:26:41Z,2026-10-07,brasil,Remo vs Gremio,2026-10-07 22:30:00,1.0775,0.9565,2.0,2.035,0.3233,0.3328,1.96,1.867
2026-10-07T21:26:41Z,2026-10-09,turquia,Galatasaray vs Kasimpasa,2026-10-09 17:00:00,0.9896,0.976,3.17,3.126,0.6139,0.6044,1.444,2.571
2026-10-07T23:02:03Z,2026-10-08,brasil,Santos vs Flamengo RJ,2026-10-08 22:30:00,1.0729,1.0087,2.4,2.517,0.4304,0.4605,1.786,2.05
2026-10-08T00:37:23Z,2026-10-10,liga_mx,Puebla vs Club Leon,2026-10-10 01:00:00,0.9441,1.0,2.389,2.314,0.4275,0.4077,1.87,1.952
2026-10-08T00:37:23Z,2026-10-10,liga_mx,Tigres UANL vs Toluca,2026-10-10 03:00:00,1.0275,0.9985,3.47,3.514,0.6736,0.6817,1.667,2.15
2026-10-08T00:37:23Z,2026-10-10,liga_mx,Juarez vs Club Tijuana,2026-10-10 23:00:00,1.0124,0.9994,2.58,2.597,0.4764,0.4808,1.769,2.0
2026-10-08T00:37:23Z,2026-10-10,mls,Toronto FC vs CF Montreal,2026-10-10 17:00:00,1.0369,0.9985,2.949,3.013,0.5654,0.5797,1.526,2.4
2026-10-08T00:37:23Z,2026-10-10,mls,Charlotte vs FC Dallas,2026-10-10 23:30:00,0.954,1.0477,2.79,2.779,0.5282,0.5255,1.556,2.35
2026-10-08T00:37:23Z,2026-10-10,mls,New England Revolution vs Seattle Sounders,2026-10-10 23:30:00,0.9765,0.9842,3.01,2.948,0.579,0.5651,1.5,2.5
2026-10-08T00:37:23Z,2026-10-10,mls,Orlando City vs Columbus Crew,2026-10-10 23:30:00,0.9935,1.0298,3.07,3.093,0.5923,0.5973,1.4,2.75
2026-10-08T00:37:23Z,2026-10-10,mls,New York Red Bulls vs San Diego FC,2026-10-10 23:30:00,0.9983,1.0262,2.799,2.831,0.5304,0.5379,,
2026-10-08T00:37:23Z,2026-10-09,brasil,Fluminense vs Coritiba,2026-10-09 00:30:00,1.0034,1.0415,1.84,1.86,0.2801,0.2855,1.9,1.923
2026-10-08T00:37:23Z,2026-10-10,brasil,Vasco vs Remo,2026-10-10 21:00:00,0.9995,1.0143,1.919,1.928,0.3015,0.3038,1.625,2.25
2026-10-08T00:37:23Z,2026-10-10,argentina,Union de Santa Fe vs Defensa y Justicia,2026-10-10 00:45:00,1.0392,0.9891,2.24,2.279,0.3879,0.3984,2.143,1.667
2026-10-08T00:37:23Z,2026-10-10,argentina,Barracas Central vs Huracan,2026-10-10 18:45:00,0.9886,1.0,2.83,2.812,0.5376,0.5334,3.25,1.308
2026-10-08T00:37:23Z,2026-10-10,argentina,Central Cordoba vs Estudiantes L.P.,2026-10-10 20:00:00,0.999,1.0391,2.77,2.824,0.5234,0.5362,2.546,1.48
2026-10-08T00:37:23Z,2026-10-10,argentina,Tigre vs Banfield,2026-10-10 22:15:00,0.9612,0.9839,1.77,1.719,0.2615,0.2478,2.333,1.571
2026-10-08T00:37:23Z,2026-10-10,noruega,Bodo/Glimt vs Kristiansund,2026-10-10 14:00:00,1.0,1.0406,2.9,2.942,0.5541,0.5637,1.154,5.0
2026-10-08T00:37:23Z,2026-10-10,suecia,AIK vs Brommapojkarna,2026-10-10 13:00:00,0.9812,1.0153,2.5,2.488,0.4562,0.4531,1.6,2.25
2026-10-08T00:37:23Z,2026-10-10,suecia,GAIS vs Sirius,2026-10-10 13:00:00,0.9733,0.9939,3.04,2.988,0.5857,0.5741,1.714,2.05
2026-10-08T00:37:23Z,2026-10-10,suecia,Mjallby vs Degerfors,2026-10-10 15:30:00,1.0,0.9965,2.46,2.455,0.4458,0.4446,1.941,1.8
2026-10-08T00:37:23Z,2026-10-09,turquia,Galatasaray vs Kasimpasa,2026-10-09 17:00:00,1.0,0.9274,3.17,3.109,0.6138,0.6008,1.444,2.571
2026-10-08T00:37:23Z,2026-10-10,turquia,Genclerbirligi vs Amedspor,2026-10-10 10:30:00,0.9885,0.9846,1.31,1.292,0.1451,0.141,1.714,2.0
2026-10-08T00:37:23Z,2026-10-10,turquia,Samsunspor vs Trabzonspor,2026-10-10 13:00:00,1.0346,0.9767,0.9,0.906,0.0628,0.0638,1.625,2.143
2026-10-08T00:37:23Z,2026-10-10,turquia,Rizespor vs Fenerbahce,2026-10-10 16:00:00,0.9767,1.0,1.27,1.249,0.1361,0.1313,1.636,2.125
2026-10-08T00:37:23Z,2026-10-10,aut_bundesliga,Grazer AK vs Salzburg,2026-10-10 15:00:00,1.0,0.9938,3.09,3.082,0.5967,0.5949,1.471,2.571
2026-10-08T00:37:23Z,2026-10-10,aut_bundesliga,Austria Vienna vs Sturm Graz,2026-10-10 17:30:00,1.0655,0.9681,2.14,2.198,0.3611,0.3767,1.69,2.05
2026-10-08T00:37:23Z,2026-10-10,rus_premier,Fakel Voronezh vs Lokomotiv Moscow,2026-10-10 12:15:00,0.9918,1.051,3.88,3.927,0.7437,0.751,2.1,1.667
2026-10-08T00:37:23Z,2026-10-10,rus_premier,Krylya Sovetov vs Spartak Moscow,2026-10-10 14:30:00,1.0059,0.9987,3.04,3.049,0.5857,0.5877,,
2026-10-08T00:37:23Z,2026-10-10,rus_premier,Krasnodar vs Zenit,2026-10-10 16:30:00,1.0,0.9942,2.28,2.275,0.3986,0.3973,2.05,1.7
2026-10-08T00:37:23Z,2026-10-10,gre_super_league,AEK vs OFI Crete,2026-10-10 16:30:00,0.9564,1.0,3.42,3.337,0.6642,0.648,1.462,2.6
2026-10-08T00:37:23Z,2026-10-10,gre_super_league,Asteras Tripolis vs Atromitos,2026-10-10 16:30:00,1.0,0.9847,2.68,2.659,0.5015,0.4963,2.222,1.625
2026-10-08T00:37:23Z,2026-10-10,premier,Aston Villa vs Brentford,2026-10-10 14:00:00,1.0255,0.9688,2.62,2.618,0.4867,0.4861,1.714,2.1
2026-10-08T00:37:23Z,2026-10-10,premier,Chelsea vs Bournemouth,2026-10-10 14:00:00,1.0,0.9587,1.36,1.335,0.1569,0.151,1.476,2.55
2026-10-08T00:37:23Z,2026-10-10,premier,Ipswich vs Fulham,2026-10-10 14:00:00,0.9965,1.0,1.86,1.857,0.2856,0.2847,1.741,2.05
2026-10-08T00:37:23Z,2026-10-10,premier,Sunderland vs Brighton,2026-10-10 14:00:00,0.987,1.0269,2.47,2.488,0.4484,0.4531,1.8,2.0
2026-10-08T00:37:23Z,2026-10-10,laliga,Vallecano vs Ath Bilbao,2026-10-10 12:00:00,0.9969,1.0295,3.229,3.263,0.6262,0.6331,1.909,1.909
2026-10-08T00:37:23Z,2026-10-10,laliga,Alaves vs Ath Madrid,2026-10-10 14:15:00,1.0,0.9824,2.93,2.901,0.5609,0.5543,1.909,1.909
2026-10-08T00:37:23Z,2026-10-10,laliga,Real Madrid vs Villarreal,2026-10-10 19:00:00,1.0,0.9851,2.28,2.268,0.3985,0.3955,1.267,3.5
2026-10-08T00:37:23Z,2026-10-10,serie_a,Genoa vs Fiorentina,2026-10-10 13:00:00,0.9608,1.0,1.47,1.44,0.1837,0.1762,2.1,1.714
2026-10-08T00:37:23Z,2026-10-10,serie_a,Napoli vs Frosinone,2026-10-10 18:45:00,0.9354,0.9578,3.31,3.129,0.6426,0.6051,1.476,2.55
2026-10-08T00:37:23Z,2026-10-10,bundesliga,Augsburg vs Bayern Munich,2026-10-10 13:30:00,0.9947,1.0661,3.79,3.958,0.7295,0.7557,1.125,5.5
2026-10-08T00:37:23Z,2026-10-10,ligue_1,Monaco vs Toulouse,2026-10-10 18:45:00,0.8872,1.0,2.12,1.967,0.3559,0.3144,1.556,2.35
2026-10-08T00:37:23Z,2026-10-10,ligue_1,Brest vs Angers,2026-10-10 18:45:00,0.9785,1.0542,2.3,2.329,0.4039,0.4116,1.741,2.05
2026-10-08T00:37:23Z,2026-10-10,ligue_1,Lorient vs Paris FC,2026-10-10 18:45:00,0.9976,1.0,2.32,2.316,0.4092,0.4082,1.952,1.8
2026-10-08T00:37:23Z,2026-10-10,eredivisie,Ajax vs Nijmegen,2026-10-10 19:00:00,0.967,1.03,1.969,1.951,0.315,0.3101,1.286,3.333
2026-10-08T00:37:23Z,2026-10-10,primeira,Maritimo vs Porto,2026-10-10 17:00:00,1.0219,1.0,2.9,2.905,0.554,0.5552,1.75,2.0
2026-10-08T00:37:23Z,2026-10-10,eng_championship,Swansea vs Norwich,2026-10-10 11:30:00,1.0,0.9707,2.56,2.532,0.4715,0.4644,1.714,2.1
2026-10-08T00:37:23Z,2026-10-10,eng_championship,West Brom vs Birmingham,2026-10-10 11:30:00,0.9992,1.0311,2.489,2.532,0.4535,0.4644,1.87,1.909
2026-10-08T00:37:23Z,2026-10-10,eng_championship,Blackburn vs Cardiff,2026-10-10 14:00:00,0.9987,1.0223,2.42,2.44,0.4356,0.4407,1.625,2.25
2026-10-08T00:37:23Z,2026-10-10,eng_championship,Derby vs Wrexham,2026-10-10 14:00:00,0.9986,1.0793,2.18,2.255,0.3719,0.392,2.0,1.769
2026-10-08T00:37:23Z,2026-10-10,eng_championship,Middlesbrough vs Wolves,2026-10-10 14:00:00,1.0,0.9645,3.22,3.17,0.6243,0.6138,1.647,2.2
2026-10-08T00:37:23Z,2026-10-10,eng_championship,Sheffield United vs Lincoln,2026-10-10 14:00:00,0.9919,1.0219,2.33,2.345,0.412,0.4159,2.0,1.8
2026-10-08T00:37:23Z,2026-10-10,eng_championship,Watford vs Burnley,2026-10-10 14:00:00,0.9935,1.0229,2.47,2.491,0.4484,0.4539,1.8,1.952
2026-10-08T00:37:23Z,2026-10-10,sco_premiership,Dundee United vs Hibernian,2026-10-10 14:00:00,1.0229,1.0,2.53,2.563,0.4638,0.4722,1.647,2.167
2026-10-08T00:37:23Z,2026-10-10,sco_premiership,Rangers vs Kilmarnock,2026-10-10 14:00:00,0.9693,1.0,2.34,2.294,0.4145,0.4024,1.3,3.333
2026-10-08T00:37:23Z,2026-10-10,esp_hypermotion,Ceuta vs Sabadell,2026-10-10 14:15:00,1.0,0.9328,1.79,1.732,0.2668,0.2512,2.05,1.714
2026-10-08T00:37:23Z,2026-10-10,esp_hypermotion,Eldense vs Cordoba,2026-10-10 16:30:00,0.9766,1.0301,1.579,1.573,0.2114,0.2097,1.6,2.25
2026-10-08T00:37:23Z,2026-10-10,ita_serie_b,Empoli vs Palermo,2026-10-10 13:00:00,1.0,0.9948,1.21,1.207,0.1226,0.122,1.8,1.941
2026-10-08T00:37:23Z,2026-10-10,ger_bundesliga2,Magdeburg vs Hannover,2026-10-10 11:00:00,1.0,0.9893,3.17,3.162,0.6139,0.6121,1.364,3.0
2026-10-08T00:37:23Z,2026-10-10,ger_bundesliga2,Osnabruck vs Dresden,2026-10-10 11:00:00,0.9938,1.0,3.02,3.011,0.5812,0.5793,1.546,2.364
2026-10-08T00:37:23Z,2026-10-10,bel_pro_league,Cercle Brugge vs Anderlecht,2026-10-10 14:00:00,1.0362,0.9944,2.57,2.597,0.474,0.4808,1.625,2.2
2026-10-08T00:37:23Z,2026-10-10,bel_pro_league,Waregem vs Gent,2026-10-10 18:45:00,1.0591,0.9928,3.48,3.538,0.6755,0.6861,2.0,1.76
2026-10-08T00:37:23Z,2026-10-10,col_primera_a,Once Caldas vs Llaneros FC,2026-10-10 01:10:00,1.024,0.9998,1.92,1.938,0.3017,0.3065,1.96,1.75
2026-10-08T00:37:23Z,2026-10-10,col_primera_a,Deportivo Pereira vs Deportivo Cali,2026-10-10 20:30:00,0.9972,0.9863,2.09,2.072,0.3476,0.3428,2.05,1.667
2026-10-08T00:37:23Z,2026-10-10,col_primera_a,Atlético Junior vs Internacional de Bogotá,2026-10-10 23:10:00,1.018,1.0421,1.87,1.91,0.2881,0.299,1.741,1.952
2026-10-08T00:37:23Z,2026-10-10,per_liga1,Comerciantes Unidos vs Juan Pablo II,2026-10-10 20:30:00,1.0515,1.0,1.28,1.313,0.1382,0.1459,1.786,1.96
2026-10-08T00:37:23Z,2026-10-10,ecu_liga_pro,Independiente del Valle vs Aucas,2026-10-10 16:30:00,0.9493,1.0,4.21,4.043,0.7911,0.7681,1.75,1.96
2026-10-08T00:37:23Z,2026-10-10,chi_primera,Cobresal vs Universidad de Concepción,2026-10-10 18:00:00,1.053,1.0,3.17,3.241,0.6139,0.6286,1.692,2.083
2026-10-08T00:37:23Z,2026-10-10,chi_primera,Huachipato vs O'Higgins,2026-10-10 20:30:00,1.0268,1.0,1.57,1.585,0.2088,0.2128,1.727,2.05
2026-10-08T00:37:23Z,2026-10-10,ksa_pro,Al Hazem vs Neom SC,2026-10-10 13:50:00,1.0,0.9878,1.939,1.922,0.3069,0.3022,1.69,2.0
2026-10-08T00:37:23Z,2026-10-10,ksa_pro,Al Hilal vs Al Ittihad,2026-10-10 18:00:00,1.0331,0.9917,3.551,3.652,0.6884,0.7064,1.32,3.1
2026-10-08T02:12:39Z,2026-10-10,brasil,Vasco vs Remo,2026-10-10 21:00:00,0.9995,1.0156,1.92,1.929,0.3016,0.3041,1.625,2.25
2026-10-08T02:12:39Z,2026-10-10,aut_bundesliga,Austria Vienna vs Sturm Graz,2026-10-10 17:30:00,1.0655,0.9681,2.14,2.198,0.3611,0.3767,1.714,2.05
2026-10-08T02:12:39Z,2026-10-08,col_primera_a,Atlético Nacional vs Deportes Tolima,2026-10-08 23:05:00,0.9372,1.0,1.67,1.595,0.2348,0.2154,1.76,1.95
2026-10-08T03:48:04Z,2026-10-10,brasil,Vasco vs Remo,2026-10-10 21:00:00,0.9995,1.0156,1.92,1.929,0.3016,0.3041,1.556,2.35
2026-10-08T03:48:04Z,2026-10-10,argentina,Tigre vs Banfield,2026-10-10 22:15:00,0.9612,0.9839,1.77,1.719,0.2615,0.2478,2.429,1.53
2026-10-08T03:48:04Z,2026-10-10,esp_hypermotion,Eldense vs Cordoba,2026-10-10 16:30:00,0.9766,1.0301,1.579,1.573,0.2114,0.2097,1.647,2.167
2026-10-08T05:26:09Z,2026-10-09,argentina,Gimnasia L.P. vs Atl. Tucuman,2026-10-09 21:00:00,0.992,0.9863,2.1,2.077,0.3502,0.3442,2.25,1.571
2026-10-08T05:26:09Z,2026-10-10,laliga,Alaves vs Ath Madrid,2026-10-10 14:15:00,1.0,0.9824,2.93,2.901,0.5609,0.5543,1.8,1.952
2026-10-08T05:26:09Z,2026-10-09,primeira,Sp Braga vs Sp Lisbon,2026-10-09 19:15:00,1.0164,1.058,1.941,2.026,0.3072,0.3304,1.833,1.87
2026-10-08T05:26:09Z,2026-10-09,col_primera_a,Fortaleza CEIF vs Millonarios,2026-10-09 01:10:00,1.0,0.9985,2.32,2.318,0.4091,0.4087,2.0,1.727
2026-10-08T06:56:43Z,2026-10-10,liga_mx,Queretaro vs Atlante,2026-10-10 23:00:00,0.9929,1.1007,2.96,3.096,0.5677,0.598,1.769,2.0
2026-10-08T06:56:43Z,2026-10-10,brasil,Vasco vs Remo,2026-10-10 21:00:00,0.9995,1.0305,1.92,1.939,0.3017,0.3068,1.556,2.35
2026-10-08T06:56:43Z,2026-10-10,suecia,Mjallby vs Degerfors,2026-10-10 15:30:00,1.0,0.9965,2.46,2.455,0.4458,0.4446,1.923,1.818
2026-10-08T06:56:43Z,2026-10-10,aut_bundesliga,Grazer AK vs Salzburg,2026-10-10 15:00:00,1.0456,0.9803,3.089,3.142,0.5965,0.6079,1.471,2.571
2026-10-08T06:56:43Z,2026-10-09,primeira,Sp Braga vs Sp Lisbon,2026-10-09 19:15:00,1.0164,1.058,1.941,2.026,0.3072,0.3304,1.8,1.909
2026-10-08T06:56:43Z,2026-10-09,bel_pro_league,Beveren vs Lommel SK,2026-10-09 18:45:00,1.0362,1.0495,3.11,3.246,0.6009,0.6296,1.667,2.125
2026-10-08T06:56:43Z,2026-10-08,per_liga1,Atlético Grau vs Los Chankas,2026-10-08 20:30:00,1.0,1.0302,2.06,2.081,0.3394,0.3452,1.769,1.87
2026-10-08T08:31:18Z,2026-10-08,brasil,Santos vs Flamengo RJ,2026-10-08 22:30:00,1.0729,1.0087,2.4,2.517,0.4304,0.4605,1.75,2.083
2026-10-08T08:31:18Z,2026-10-09,argentina,Gimnasia L.P. vs Atl. Tucuman,2026-10-09 21:00:00,0.992,0.9863,2.1,2.077,0.3502,0.3442,2.3,1.556
2026-10-08T08:31:18Z,2026-10-10,aut_bundesliga,Austria Vienna vs Sturm Graz,2026-10-10 17:30:00,1.0655,0.9681,2.14,2.198,0.3611,0.3767,1.667,2.125
2026-10-08T08:31:18Z,2026-10-09,ligue_1,Lens vs Lyon,2026-10-09 18:45:00,0.9856,1.0,2.17,2.151,0.3693,0.3641,,
2026-10-08T08:31:18Z,2026-10-09,col_primera_a,Fortaleza CEIF vs Millonarios,2026-10-09 01:10:00,1.0,0.9985,2.32,2.318,0.4091,0.4087,2.083,1.667
2026-10-08T08:31:18Z,2026-10-10,col_primera_a,Once Caldas vs Llaneros FC,2026-10-10 01:10:00,1.024,0.9998,1.92,1.938,0.3017,0.3065,1.857,1.846
2026-10-08T08:31:18Z,2026-10-08,per_liga1,Deportivo Moquegua vs Cienciano del Cusco,2026-10-08 18:00:00,1.0,1.0,2.67,2.67,0.499,0.499,1.85,1.889
2026-10-08T08:31:18Z,2026-10-08,per_liga1,Atlético Grau vs Los Chankas,2026-10-08 20:30:00,1.0,1.0302,2.06,2.081,0.3394,0.3452,1.69,1.952
2026-10-08T09:02:03Z,2026-10-08,per_liga1,Atlético Grau vs Los Chankas,2026-10-08 20:30:00,1.0,1.0302,2.06,2.081,0.3394,0.3452,1.69,2.0
2026-10-08T10:07:10Z,2026-10-09,brasil,Fluminense vs Coritiba,2026-10-09 00:30:00,1.0034,1.0415,1.84,1.86,0.2801,0.2855,1.833,2.0
2026-10-08T10:07:10Z,2026-10-09,turquia,Galatasaray vs Kasimpasa,2026-10-09 17:00:00,0.9896,0.976,3.17,3.126,0.6139,0.6044,1.444,2.571
2026-10-08T10:07:10Z,2026-10-10,eng_championship,West Brom vs Birmingham,2026-10-10 11:30:00,0.9992,1.0311,2.489,2.532,0.4535,0.4644,1.909,1.87
2026-10-08T11:42:53Z,2026-10-10,eng_championship,Watford vs Burnley,2026-10-10 14:00:00,0.9935,1.0229,2.47,2.491,0.4484,0.4539,1.769,2.0
2026-10-08T11:42:53Z,2026-10-10,esp_hypermotion,Ceuta vs Sabadell,2026-10-10 14:15:00,1.0,0.9328,1.79,1.732,0.2668,0.2512,2.083,1.692
2026-10-08T11:42:53Z,2026-10-08,per_liga1,Deportivo Moquegua vs Cienciano del Cusco,2026-10-08 18:00:00,1.0,1.0,2.67,2.67,0.499,0.499,1.786,1.96
2026-10-08T13:16:00Z,2026-10-08,brasil,Santos vs Flamengo RJ,2026-10-08 22:30:00,1.0729,1.0087,2.73,2.874,0.5136,0.548,1.714,2.143
2026-10-08T13:16:00Z,2026-10-10,gre_super_league,AEK vs OFI Crete,2026-10-10 16:30:00,0.9564,1.0,3.62,3.528,0.7008,0.6843,1.5,2.5
2026-10-08T13:16:00Z,2026-10-10,laliga,Real Madrid vs Villarreal,2026-10-10 19:00:00,1.0,0.9851,2.35,2.338,0.4172,0.414,1.25,3.7
2026-10-08T13:16:00Z,2026-10-10,bundesliga,Augsburg vs Bayern Munich,2026-10-10 13:30:00,0.9947,1.0661,3.739,3.898,0.7212,0.7466,1.143,5.0
2026-10-08T13:16:00Z,2026-10-10,sco_premiership,Rangers vs Kilmarnock,2026-10-10 14:00:00,0.9693,1.0,2.46,2.41,0.4459,0.4329,1.333,3.143
2026-10-08T13:16:00Z,2026-10-09,col_primera_a,Fortaleza CEIF vs Millonarios,2026-10-09 01:10:00,1.0,0.9985,1.96,1.959,0.3126,0.3122,2.05,1.692
2026-10-08T16:29:13Z,2026-10-10,liga_mx,Tigres UANL vs Toluca,2026-10-10 03:00:00,1.0275,0.9985,3.159,3.196,0.6115,0.6193,1.714,2.1
2026-10-08T16:29:13Z,2026-10-10,mls,Charlotte vs FC Dallas,2026-10-10 23:30:00,0.954,1.0477,3.06,3.06,0.5902,0.5901,1.526,2.4
2026-10-08T16:29:13Z,2026-10-08,brasil,Santos vs Flamengo RJ,2026-10-08 22:30:00,1.0729,1.0087,2.73,2.874,0.5136,0.548,1.667,2.222
2026-10-08T16:29:13Z,2026-10-09,brasil,Fluminense vs Coritiba,2026-10-09 00:30:00,1.0034,1.0415,2.14,2.161,0.3613,0.3668,1.714,2.143
2026-10-08T16:29:13Z,2026-10-09,argentina,Aldosivi vs Sarmiento Junin,2026-10-09 17:30:00,1.0308,1.0859,2.099,2.222,0.3502,0.3832,2.546,1.48
2026-10-08T16:29:13Z,2026-10-09,argentina,Gimnasia L.P. vs Atl. Tucuman,2026-10-09 21:00:00,0.992,0.9863,2.11,2.088,0.3531,0.3471,2.25,1.571
2026-10-08T16:29:13Z,2026-10-09,primeira,Sp Braga vs Sp Lisbon,2026-10-09 19:15:00,1.0164,1.058,2.231,2.328,0.3855,0.4114,1.769,1.909
2026-10-08T16:29:13Z,2026-10-10,esp_hypermotion,Ceuta vs Sabadell,2026-10-10 14:15:00,1.0,0.9328,1.95,1.896,0.3097,0.2952,2.05,1.714
2026-10-08T16:29:13Z,2026-10-10,esp_hypermotion,Eldense vs Cordoba,2026-10-10 16:30:00,0.9766,1.0301,1.519,1.525,0.196,0.1975,1.571,2.3
2026-10-08T16:29:13Z,2026-10-09,ger_bundesliga2,Braunschweig vs Holstein Kiel,2026-10-09 16:30:00,1.0533,0.9981,3.7,3.831,0.7146,0.7361,1.53,2.4
2026-10-08T16:29:13Z,2026-10-09,col_primera_a,Fortaleza CEIF vs Millonarios,2026-10-09 01:10:00,1.0,0.9985,1.96,1.959,0.3126,0.3122,2.2,1.6
2026-10-08T18:04:22Z,2026-10-09,brasil,Fluminense vs Coritiba,2026-10-09 00:30:00,1.0034,1.0415,2.14,2.161,0.3613,0.3668,1.667,2.222
2026-10-08T18:04:22Z,2026-10-10,aut_bundesliga,Grazer AK vs Salzburg,2026-10-10 15:00:00,1.0456,0.9803,3.3,3.376,0.6406,0.6556,1.48,2.546
2026-10-08T18:04:22Z,2026-10-10,premier,Sunderland vs Brighton,2026-10-10 14:00:00,0.987,1.0269,2.471,2.487,0.4487,0.4528,1.769,2.05
2026-10-08T18:04:22Z,2026-10-10,ita_serie_b,Empoli vs Palermo,2026-10-10 13:00:00,0.9432,1.0071,1.199,1.162,0.1204,0.1124,1.8,1.941
2026-10-08T18:04:22Z,2026-10-10,ita_serie_b,Sudtirol vs Ascoli,2026-10-10 13:00:00,0.9917,1.0,2.09,2.08,0.3477,0.345,2.0,1.76
2026-10-08T18:04:22Z,2026-10-08,per_liga1,Atlético Grau vs Los Chankas,2026-10-08 20:30:00,1.0,1.0302,2.23,2.255,0.3853,0.392,1.714,2.0
2026-10-08T19:43:39Z,2026-10-09,brasil,Fluminense vs Coritiba,2026-10-09 00:30:00,1.0034,1.0415,2.14,2.161,0.3613,0.3668,1.714,2.143
2026-10-08T19:43:39Z,2026-10-09,primeira,Sp Braga vs Sp Lisbon,2026-10-09 19:15:00,1.0164,1.058,2.231,2.328,0.3855,0.4114,1.8,1.952
2026-10-08T19:43:39Z,2026-10-09,ita_serie_b,Avellino vs Sampdoria,2026-10-09 18:30:00,1.0,0.9822,2.52,2.508,0.4613,0.4582,1.923,1.818
2026-10-08T19:43:39Z,2026-10-10,col_primera_a,Once Caldas vs Llaneros FC,2026-10-10 01:10:00,1.024,0.9998,1.82,1.835,0.2747,0.2788,1.867,1.833
2026-10-08T19:43:39Z,2026-10-08,per_liga1,Atlético Grau vs Los Chankas,2026-10-08 20:30:00,1.0,1.0302,2.23,2.255,0.3853,0.392,1.69,2.05
2026-10-08T21:16:25Z,2026-10-08,brasil,Santos vs Flamengo RJ,2026-10-08 22:30:00,1.0729,1.0087,2.73,2.874,0.5136,0.548,1.636,2.286
2026-10-08T21:16:25Z,2026-10-09,argentina,Gimnasia L.P. vs Atl. Tucuman,2026-10-09 21:00:00,0.992,0.9863,2.11,2.088,0.3531,0.3471,2.3,1.571
2026-10-08T21:16:25Z,2026-10-09,argentina,Instituto vs Boca Juniors,2026-10-09 22:30:00,0.9939,0.983,1.87,1.851,0.2883,0.2831,2.6,1.462
2026-10-08T21:16:25Z,2026-10-09,eredivisie,PSV Eindhoven vs Heerenveen,2026-10-09 18:00:00,0.9493,1.022,2.951,2.926,0.5656,0.56,1.133,5.0
2026-10-08T22:51:16Z,2026-10-09,suecia,Goteborg vs Vasteras SK,2026-10-09 17:00:00,0.9723,1.0759,2.361,2.404,0.42,0.4313,1.546,2.364
2026-10-08T22:51:16Z,2026-10-10,eng_championship,Blackburn vs Cardiff,2026-10-10 14:00:00,1.0248,0.9443,2.29,2.282,0.4014,0.3992,1.625,2.25
2026-10-08T22:51:16Z,2026-10-09,ita_serie_b,Avellino vs Sampdoria,2026-10-09 18:30:00,0.9908,0.9943,2.52,2.499,0.4613,0.4559,2.0,1.75
2026-10-08T22:51:16Z,2026-10-09,bel_pro_league,Beveren vs Lommel SK,2026-10-09 18:45:00,1.0348,1.0495,2.57,2.681,0.4739,0.5017,1.667,2.125
2026-10-09T00:29:26Z,2026-10-11,liga_mx,Atlas vs Guadalajara Chivas,2026-10-11 01:00:00,0.9643,1.0366,3.87,3.885,0.7422,0.7446,1.714,2.1
2026-10-09T00:29:26Z,2026-10-11,liga_mx,Atl. San Luis vs Santos Laguna,2026-10-11 23:00:00,1.0,1.0408,2.5,2.543,0.4562,0.4672,1.647,2.2
2026-10-09T00:29:26Z,2026-10-11,liga_mx,Pachuca vs Necaxa,2026-10-11 23:10:00,0.9907,1.0409,3.17,3.228,0.6138,0.6259,1.647,2.2
2026-10-09T00:29:26Z,2026-10-11,mls,Minnesota United vs Houston Dynamo,2026-10-11 00:30:00,0.9961,1.0306,2.66,2.698,0.4966,0.5059,1.667,2.15
2026-10-09T00:29:26Z,2026-10-11,mls,Sporting Kansas City vs Portland Timbers,2026-10-11 00:30:00,0.989,0.9993,2.97,2.951,0.57,0.5657,1.357,3.0
2026-10-09T00:29:26Z,2026-10-11,mls,Colorado Rapids vs San Jose Earthquakes,2026-10-11 01:30:00,1.0467,0.9934,3.201,3.276,0.6202,0.6357,1.556,2.35
2026-10-09T00:29:26Z,2026-10-11,mls,St. Louis City vs Los Angeles Galaxy,2026-10-11 23:00:00,1.0,0.9759,2.64,2.606,0.4916,0.4831,,
2026-10-09T00:29:26Z,2026-10-09,brasil,Fluminense vs Coritiba,2026-10-09 00:30:00,1.0316,1.0145,2.14,2.202,0.3613,0.3778,1.714,2.143
2026-10-09T00:29:26Z,2026-10-11,brasil,Sao Paulo vs Vitoria,2026-10-11 00:00:00,0.9242,1.0944,1.71,1.667,0.2454,0.2341,1.952,1.8
2026-10-09T00:29:26Z,2026-10-11,brasil,Atletico-MG vs Santos,2026-10-11 19:00:00,1.0433,1.0307,2.111,2.194,0.3533,0.3757,1.952,1.8
2026-10-09T00:29:26Z,2026-10-11,brasil,Flamengo RJ vs Fluminense,2026-10-11 20:30:00,1.0161,1.044,2.54,2.601,0.4663,0.4818,1.714,2.1
2026-10-09T00:29:26Z,2026-10-11,brasil,Gremio vs Internacional,2026-10-11 20:30:00,1.0621,1.0314,2.54,2.658,0.4663,0.496,2.0,1.769
2026-10-09T00:29:26Z,2026-10-11,brasil,Palmeiras vs Corinthians,2026-10-11 20:30:00,1.0,0.9538,2.7,2.673,0.5064,0.4997,2.0,1.769
2026-10-09T00:29:26Z,2026-10-11,brasil,Bahia vs Mirassol,2026-10-11 22:30:00,1.0455,0.9875,2.271,2.331,0.3962,0.4122,1.714,2.1
2026-10-09T00:29:26Z,2026-10-11,argentina,River Plate vs Estudiantes Rio Cuarto,2026-10-11 00:30:00,0.9705,1.0,2.73,2.689,0.5138,0.5037,1.818,1.96
2026-10-09T00:29:26Z,2026-10-11,argentina,Platense vs Argentinos Jrs,2026-10-11 20:00:00,0.9868,1.0622,2.52,2.556,0.4613,0.4705,2.75,1.417
2026-10-09T00:29:26Z,2026-10-11,argentina,Rosario Central vs Ind. Rivadavia,2026-10-11 20:00:00,0.9858,0.9889,2.8,2.764,0.5305,0.5219,2.333,1.571
2026-10-09T00:29:26Z,2026-10-11,argentina,Racing Club vs Belgrano,2026-10-11 22:15:00,0.9853,1.0445,1.52,1.534,0.1963,0.1997,2.429,1.53
2026-10-09T00:29:26Z,2026-10-11,noruega,Fredrikstad vs Tromso,2026-10-11 12:30:00,0.9941,1.0436,4.02,4.145,0.7648,0.7824,1.833,1.909
2026-10-09T00:29:26Z,2026-10-11,noruega,Aalesund vs Sarpsborg 08,2026-10-11 15:00:00,0.9922,1.0297,3.53,3.571,0.6847,0.6921,,
2026-10-09T00:29:26Z,2026-10-11,noruega,Lillestrom vs Molde,2026-10-11 17:15:00,1.0789,0.9795,4.11,4.23,0.7775,0.7937,1.375,2.9
2026-10-09T00:29:26Z,2026-10-11,suecia,Hammarby vs Djurgarden,2026-10-11 12:00:00,0.9823,1.0438,2.2,2.228,0.3773,0.3848,1.52,2.429
2026-10-09T00:29:26Z,2026-10-11,suecia,Hacken vs Orgryte,2026-10-11 14:30:00,0.9981,1.0334,2.34,2.374,0.4145,0.4235,,
2026-10-09T00:29:26Z,2026-10-09,turquia,Galatasaray vs Kasimpasa,2026-10-09 17:00:00,0.9896,1.0525,2.729,2.752,0.5136,0.519,1.444,2.571
2026-10-09T00:29:26Z,2026-10-11,turquia,Besiktas vs Kocaelispor,2026-10-11 16:00:00,1.0473,0.9776,2.489,2.543,0.4535,0.4672,1.6,2.2
2026-10-09T00:29:26Z,2026-10-11,dinamarca,Randers FC vs Viborg,2026-10-11 12:00:00,0.9971,1.0309,2.46,2.489,0.446,0.4534,1.647,2.167
2026-10-09T00:29:26Z,2026-10-11,dinamarca,Brondby vs Lyngby,2026-10-11 14:00:00,0.9965,0.9902,2.46,2.446,0.4458,0.4423,1.571,2.3
2026-10-09T00:29:26Z,2026-10-11,aut_bundesliga,Altach vs Wolfsberger AC,2026-10-11 12:30:00,1.0383,0.9282,3.32,3.284,0.6445,0.6374,1.625,2.2
2026-10-09T00:29:26Z,2026-10-09,rus_premier,FK Rostov vs Akron Togliatti,2026-10-09 16:30:00,0.9817,1.0,3.03,3.01,0.5836,0.579,1.9,1.8
2026-10-09T00:29:26Z,2026-10-11,rus_premier,CSKA Moscow vs Rodina Moscow,2026-10-11 13:30:00,1.0,0.9702,2.26,2.233,0.3933,0.3861,1.5,2.4
2026-10-09T00:29:26Z,2026-10-11,gre_super_league,Kifisia vs Panetolikos,2026-10-11 14:00:00,1.0,0.9928,3.22,3.21,0.6242,0.6222,2.1,1.7
2026-10-09T00:29:26Z,2026-10-11,gre_super_league,Olympiakos vs Panathinaikos,2026-10-11 18:00:00,0.9596,0.9723,3.121,3.014,0.6033,0.5799,2.05,1.733
2026-10-09T00:29:26Z,2026-10-11,premier,Hull vs Everton,2026-10-11 13:00:00,1.025,0.999,2.35,2.381,0.4173,0.4253,2.0,1.769
2026-10-09T00:29:26Z,2026-10-11,laliga,Elche vs Celta,2026-10-11 12:00:00,0.9979,1.06,2.781,2.844,0.526,0.541,1.952,1.833
2026-10-09T00:29:26Z,2026-10-11,laliga,Betis vs Osasuna,2026-10-11 16:30:00,0.9897,1.0265,1.67,1.676,0.2348,0.2365,1.741,2.05
2026-10-09T00:29:26Z,2026-10-11,serie_a,Lecce vs Bologna,2026-10-11 13:00:00,1.0318,0.9692,1.84,1.852,0.2802,0.2833,2.1,1.714
2026-10-09T00:29:26Z,2026-10-11,serie_a,Sassuolo vs Milan,2026-10-11 16:00:00,1.0,0.9933,1.97,1.962,0.3151,0.313,1.714,2.1
2026-10-09T00:29:26Z,2026-10-11,serie_a,Cagliari vs Juventus,2026-10-11 18:45:00,0.9949,1.0427,1.569,1.603,0.2088,0.2174,2.0,1.769
2026-10-09T00:29:26Z,2026-10-11,bundesliga,FC Koln vs M'gladbach,2026-10-11 13:30:00,0.9407,1.0437,3.231,3.203,0.6265,0.6207,,
2026-10-09T00:29:26Z,2026-10-11,bundesliga,Freiburg vs Schalke 04,2026-10-11 15:30:00,1.0,0.9952,3.79,3.785,0.7295,0.7287,1.625,2.25
2026-10-09T00:29:26Z,2026-10-11,ligue_1,Rennes vs Auxerre,2026-10-11 15:15:00,1.0463,1.0,2.37,2.437,0.4225,0.4399,,
2026-10-09T00:29:26Z,2026-10-11,ligue_1,Troyes vs Marseille,2026-10-11 18:45:00,1.0284,0.9525,3.32,3.33,0.6446,0.6466,1.571,2.3
2026-10-09T00:29:26Z,2026-10-11,eredivisie,Excelsior vs Groningen,2026-10-11 14:45:00,1.0416,0.9937,3.149,3.198,0.6094,0.6197,1.52,2.375
2026-10-09T00:29:26Z,2026-10-09,primeira,Sp Braga vs Sp Lisbon,2026-10-09 19:15:00,1.0293,0.9993,2.23,2.252,0.3854,0.3912,1.8,1.952
2026-10-09T00:29:26Z,2026-10-11,primeira,Benfica vs Guimaraes,2026-10-11 17:00:00,0.9909,1.0221,2.53,2.524,0.4639,0.4623,1.455,2.625
2026-10-09T00:29:26Z,2026-10-11,eng_championship,Southampton vs Portsmouth,2026-10-11 11:00:00,1.0455,1.0196,2.39,2.474,0.4277,0.4495,1.625,2.25
2026-10-09T00:29:26Z,2026-10-11,sco_premiership,Motherwell vs Celtic,2026-10-11 11:00:00,1.0,0.9634,3.749,3.699,0.7228,0.7144,1.48,2.546
2026-10-09T00:29:26Z,2026-10-11,sco_premiership,Aberdeen vs St Johnstone,2026-10-11 13:00:00,1.0436,0.9743,3.19,3.199,0.618,0.6199,1.909,1.833
2026-10-09T00:29:26Z,2026-10-11,esp_hypermotion,Andorra vs Castellon,2026-10-11 12:00:00,0.9868,0.9357,2.129,2.045,0.3583,0.3355,1.625,2.2
2026-10-09T00:29:26Z,2026-10-11,esp_hypermotion,Almeria vs Leganes,2026-10-11 14:15:00,0.9991,1.0,1.85,1.849,0.2828,0.2825,1.667,2.125
2026-10-09T00:29:26Z,2026-10-11,esp_hypermotion,Mallorca vs Las Palmas,2026-10-11 16:30:00,0.9985,0.9697,1.999,1.973,0.3231,0.316,1.786,1.96
2026-10-09T00:29:26Z,2026-10-11,esp_hypermotion,Cadiz vs Sp Gijon,2026-10-11 19:00:00,1.0,0.9586,1.81,1.792,0.2721,0.2672,2.05,1.69
2026-10-09T00:29:26Z,2026-10-11,ger_bundesliga2,St Pauli vs Karlsruhe,2026-10-11 11:30:00,0.9891,1.0408,3.37,3.425,0.6545,0.6651,,
2026-10-09T00:29:26Z,2026-10-11,ger_bundesliga2,Bochum vs Bielefeld,2026-10-11 11:30:00,0.9996,1.0289,2.959,3.01,0.5676,0.579,1.667,2.125
2026-10-09T00:29:26Z,2026-10-11,bel_pro_league,Standard vs Charleroi,2026-10-11 11:30:00,0.9967,1.0178,3.23,3.248,0.6263,0.63,1.769,1.952
2026-10-09T00:29:26Z,2026-10-11,per_liga1,Universitario vs Melgar,2026-10-11 00:00:00,1.0,1.0557,3.37,3.432,0.6544,0.6664,2.0,1.75
2026-10-09T00:29:26Z,2026-10-11,per_liga1,Cusco FC vs Alianza Lima,2026-10-11 23:30:00,1.0414,1.0,2.2,2.253,0.3772,0.3915,2.167,1.647
2026-10-09T00:29:26Z,2026-10-11,chi_primera,Coquimbo Unido vs Colo Colo,2026-10-11 18:00:00,1.0364,1.0262,1.71,1.764,0.2455,0.2598,1.889,1.85
2026-10-09T00:29:26Z,2026-10-11,chi_primera,Deportes Limache vs Palestino,2026-10-11 23:00:00,1.0267,1.0,3.299,3.355,0.6405,0.6515,1.6,2.25
2026-10-09T00:29:26Z,2026-10-11,ksa_pro,Al Fayha vs Al Riyadh,2026-10-11 13:40:00,1.0,0.9802,4.16,4.119,0.7844,0.7788,1.923,1.786
2026-10-09T01:00:47Z,2026-10-10,liga_mx,Puebla vs Club Leon,2026-10-10 01:00:00,0.9441,1.0,2.37,2.298,0.4225,0.4034,1.857,1.96
2026-10-09T01:00:47Z,2026-10-10,brasil,Vasco vs Remo,2026-10-10 21:00:00,0.9995,1.0086,2.23,2.234,0.3854,0.3864,1.556,2.35
2026-10-09T01:00:47Z,2026-10-10,turquia,Genclerbirligi vs Amedspor,2026-10-10 10:30:00,1.0,0.9846,1.31,1.3,0.1453,0.1429,1.714,2.0
2026-10-09T01:00:47Z,2026-10-11,turquia,Besiktas vs Kocaelispor,2026-10-11 16:00:00,1.0906,0.9776,2.489,2.611,0.4535,0.4843,1.6,2.2
2026-10-09T01:00:47Z,2026-10-11,laliga,Elche vs Celta,2026-10-11 12:00:00,0.9988,1.0321,2.78,2.814,0.5259,0.5339,1.952,1.833
2026-10-09T01:00:47Z,2026-10-11,laliga,Betis vs Osasuna,2026-10-11 16:30:00,0.9897,1.0286,1.669,1.677,0.2347,0.2367,1.741,2.05
